customer_id,signup_date,region,acquisition_channel,loyalty_score
CUST01949,2024-01-01,West,Organic Search,0.8825369309907063
CUST02259,2024-01-01,West,Referral,0.98
CUST03674,2024-01-01,South,Paid Social,0.504579692094893
CUST01409,2024-01-01,South,Email,0.6260306838856637
CUST02442,2024-01-01,Midwest,Organic Search,0.13482924683336955
CUST01488,2024-01-01,South,Organic Search,0.14377219995476442
CUST02316,2024-01-01,South,Paid Social,0.40699598176580487
CUST01482,2024-01-01,South,Direct,0.4222546964904029
CUST01739,2024-01-02,South,Organic Search,0.6576897100584752
CUST03191,2024-01-02,South,Paid Social,0.638492824055333
CUST01913,2024-01-02,West,Paid Social,0.49102876223693726
CUST01996,2024-01-02,Northeast,Paid Social,0.3687174163478236
CUST00773,2024-01-03,West,Paid Social,0.24091567980017925
CUST03217,2024-01-03,Midwest,Direct,0.22229930638892575
CUST02628,2024-01-03,Midwest,Direct,0.19955451668415275
CUST01622,2024-01-03,Midwest,Referral,0.5282874638438302
CUST01294,2024-01-03,South,Organic Search,0.98
CUST00901,2024-01-03,Midwest,Paid Social,0.7208047771563357
CUST01550,2024-01-03,West,Organic Search,0.4355376311495977
CUST02789,2024-01-03,Northeast,Paid Social,0.5209330731101156
CUST03234,2024-01-03,Midwest,Direct,0.6753413154751728
CUST01237,2024-01-03,West,Paid Social,0.32376375810277647
CUST00381,2024-01-03,West,Referral,0.5900490034075097
CUST00846,2024-01-03,South,Organic Search,0.6011794120005821
CUST00845,2024-01-03,Northeast,Email,0.435620317242866
CUST02646,2024-01-03,West,Paid Social,0.27388670864873044
CUST01190,2024-01-04,Midwest,Email,0.5197962445205462
CUST02401,2024-01-04,South,Paid Social,0.4818131195125172
CUST00465,2024-01-04,Northeast,Paid Social,0.70256183084072
CUST00575,2024-01-04,South,Paid Social,0.21940200296905782
CUST00707,2024-01-05,West,Organic Search,0.43462920068020333
CUST03399,2024-01-05,South,Referral,0.5289864504153412
CUST01279,2024-01-05,Midwest,Email,0.5434643254962097
CUST00104,2024-01-05,West,Direct,0.6359568386596511
CUST03725,2024-01-05,West,Email,0.5374631046262335
CUST01175,2024-01-05,South,Paid Social,0.569561736434516
CUST01807,2024-01-05,South,Referral,0.5407186015767955
CUST02202,2024-01-05,West,Direct,0.5464074151361406
CUST01070,2024-01-06,Midwest,Referral,0.5845961476713651
CUST01532,2024-01-06,Northeast,Organic Search,0.659727852209728
CUST03799,2024-01-06,South,Organic Search,0.5082850020103886
CUST00303,2024-01-06,Midwest,Paid Social,0.5272438598411704
CUST01763,2024-01-06,Northeast,Organic Search,0.3879716709624248
CUST02443,2024-01-06,West,Paid Social,0.37415695047116915
CUST03904,2024-01-07,South,Paid Social,0.3047974429505282
CUST01682,2024-01-07,Northeast,Email,0.9156030087266023
CUST00790,2024-01-07,Midwest,Direct,0.5373096111707957
CUST00801,2024-01-07,West,Paid Social,0.634198659089418
CUST03822,2024-01-07,West,Direct,0.5072174563788899
CUST01121,2024-01-08,Northeast,Paid Social,0.7778398611730749
CUST00839,2024-01-08,Midwest,Direct,0.7796887300767308
CUST03103,2024-01-08,Northeast,Paid Social,0.8784367533936459
CUST00410,2024-01-08,West,Organic Search,0.5837582973452973
CUST03136,2024-01-09,South,Email,0.8148559718002527
CUST00889,2024-01-09,Northeast,Email,0.8856145660435624
CUST01038,2024-01-09,Northeast,Referral,0.44825409148695994
CUST02975,2024-01-10,South,Organic Search,0.31878979994659784
CUST00415,2024-01-10,Midwest,Paid Social,0.5664369933590848
CUST01652,2024-01-10,Northeast,Organic Search,0.6107716392700638
CUST01624,2024-01-10,West,Organic Search,0.37834648505750035
CUST03505,2024-01-10,West,Email,0.98
CUST03898,2024-01-10,West,Referral,0.4233772772249882
CUST00478,2024-01-10,Northeast,Paid Social,0.5061076609163675
CUST01366,2024-01-10,Midwest,Organic Search,0.4304556209647508
CUST02090,2024-01-11,Northeast,Organic Search,0.5241928921405448
CUST01594,2024-01-11,Northeast,Direct,0.2844743685800843
CUST00233,2024-01-11,Northeast,Direct,0.6798246967998225
CUST03858,2024-01-11,South,Email,0.1607410974785639
CUST02171,2024-01-12,West,Direct,0.8121150540376251
CUST00540,2024-01-12,South,Referral,0.2176014845699552
CUST03788,2024-01-12,West,Paid Social,0.5058910734928569
CUST01529,2024-01-12,West,Paid Social,0.3414745130709679
CUST03804,2024-01-12,South,Referral,0.11820018227778817
CUST00300,2024-01-12,South,Direct,0.5306343814519169
CUST01167,2024-01-12,Northeast,Referral,0.15055653253504764
CUST03947,2024-01-13,Northeast,Direct,0.4012774031777846
CUST00272,2024-01-13,South,Organic Search,0.7505309811114043
CUST03309,2024-01-13,Northeast,Paid Social,0.4414187228569041
CUST01744,2024-01-13,South,Direct,0.3951091574341921
CUST01783,2024-01-13,West,Paid Social,0.4587255143341938
CUST02261,2024-01-13,West,Paid Social,0.39444884441813577
CUST03805,2024-01-13,South,Organic Search,0.21321252519300926
CUST00369,2024-01-13,Midwest,Paid Social,0.48693865356690386
CUST03119,2024-01-13,Northeast,Email,0.35725248416247934
CUST00170,2024-01-13,South,Email,0.4602214926229868
CUST02138,2024-01-13,West,Organic Search,0.432570752422558
CUST01180,2024-01-14,South,Paid Social,0.11252297701940922
CUST00821,2024-01-14,Midwest,Email,0.5121530195288821
CUST03997,2024-01-14,South,Organic Search,0.608505318102968
CUST01399,2024-01-14,South,Direct,0.551455183018175
CUST00429,2024-01-14,South,Paid Social,0.3824071926507804
CUST02712,2024-01-14,Northeast,Organic Search,0.5879482791206356
CUST03442,2024-01-14,West,Direct,0.6396970314119508
CUST00454,2024-01-14,South,Organic Search,0.3114661295707842
CUST02636,2024-01-15,Northeast,Paid Social,0.5223509394882919
CUST03486,2024-01-15,West,Organic Search,0.5706733172054079
CUST02410,2024-01-15,Northeast,Email,0.7648566384139975
CUST02469,2024-01-15,West,Paid Social,0.5291013105263234
CUST02329,2024-01-15,West,Direct,0.5177805672430865
CUST02223,2024-01-15,Midwest,Paid Social,0.2748089788631657
CUST00830,2024-01-16,South,Referral,0.5886082348511816
CUST01493,2024-01-16,West,Referral,0.5529719018112245
CUST01869,2024-01-17,South,Email,0.1319176606957606
CUST01944,2024-01-17,South,Paid Social,0.9651823433430629
CUST00138,2024-01-17,South,Organic Search,0.48832615094632537
CUST01590,2024-01-17,Midwest,Paid Social,0.25650462942757873
CUST03537,2024-01-17,Midwest,Direct,0.5464287577287174
CUST03458,2024-01-17,South,Organic Search,0.13237310630894483
CUST01300,2024-01-17,Northeast,Email,0.9206279066781002
CUST02559,2024-01-17,Northeast,Organic Search,0.8856665888934212
CUST02951,2024-01-18,Northeast,Organic Search,0.40290436272927793
CUST00787,2024-01-18,South,Paid Social,0.31505315249997856
CUST01536,2024-01-18,South,Direct,0.25108341346370955
CUST02499,2024-01-18,West,Paid Social,0.3190399832522548
CUST00385,2024-01-18,Northeast,Organic Search,0.653470510931017
CUST02263,2024-01-18,Midwest,Direct,0.6505442609721985
CUST03682,2024-01-18,Midwest,Organic Search,0.9330341663012761
CUST00147,2024-01-19,Northeast,Referral,0.30463804727697497
CUST00663,2024-01-20,Midwest,Organic Search,0.5001547418469483
CUST00970,2024-01-20,Northeast,Email,0.2375780938283758
CUST02764,2024-01-20,South,Email,0.8427348478336609
CUST03320,2024-01-20,Midwest,Organic Search,0.1780297633336122
CUST02322,2024-01-20,South,Paid Social,0.5419139495046232
CUST01683,2024-01-20,Midwest,Paid Social,0.3273445415581291
CUST01446,2024-01-20,Midwest,Email,0.29086169982208865
CUST02866,2024-01-20,Northeast,Paid Social,0.5771404971937129
CUST01909,2024-01-20,South,Paid Social,0.5293998816925171
CUST00844,2024-01-20,Northeast,Paid Social,0.7679470089797208
CUST03633,2024-01-21,Midwest,Organic Search,0.17031111044773933
CUST03545,2024-01-21,South,Email,0.4846429249049533
CUST00328,2024-01-21,Northeast,Email,0.712462477054426
CUST03755,2024-01-21,Northeast,Email,0.8198482318155741
CUST01266,2024-01-21,Northeast,Organic Search,0.35153977647322854
CUST00117,2024-01-21,Northeast,Paid Social,0.1874038296721835
CUST02203,2024-01-22,Northeast,Organic Search,0.5672792531257747
CUST02630,2024-01-22,Northeast,Direct,0.42108970122341
CUST02728,2024-01-22,Northeast,Paid Social,0.41043306758100895
CUST02038,2024-01-22,West,Paid Social,0.5420738759974232
CUST03240,2024-01-22,South,Direct,0.6426646664809933
CUST00870,2024-01-22,Northeast,Email,0.6695518979155376
CUST01019,2024-01-23,Midwest,Organic Search,0.8681031824485159
CUST00250,2024-01-23,Midwest,Paid Social,0.266808614728403
CUST02881,2024-01-23,Northeast,Referral,0.5251306948080888
CUST01240,2024-01-23,Midwest,Direct,0.3315112090138591
CUST01099,2024-01-23,Northeast,Organic Search,0.02
CUST02772,2024-01-23,Midwest,Direct,0.5825713035995113
CUST01452,2024-01-23,South,Organic Search,0.43520179249376556
CUST00056,2024-01-24,Midwest,Organic Search,0.47643878249181554
CUST02371,2024-01-24,Midwest,Paid Social,0.09832431262213681
CUST02339,2024-01-24,South,Paid Social,0.501994077052245
CUST00562,2024-01-24,South,Paid Social,0.6662256870497464
CUST00902,2024-01-24,West,Paid Social,0.36283446383865214
CUST03880,2024-01-24,Midwest,Paid Social,0.1973721296900492
CUST01871,2024-01-24,Midwest,Organic Search,0.5292784338129116
CUST00817,2024-01-24,Midwest,Email,0.6354515260706426
CUST01806,2024-01-25,Northeast,Email,0.44322813613674905
CUST02522,2024-01-25,Midwest,Paid Social,0.3687901619199199
CUST03013,2024-01-25,Northeast,Direct,0.5149979263825656
CUST00397,2024-01-25,Northeast,Referral,0.30741722250683534
CUST00352,2024-01-25,West,Direct,0.297997867765185
CUST01110,2024-01-25,West,Organic Search,0.5863522015700571
CUST00811,2024-01-25,Northeast,Organic Search,0.5226144723672966
CUST02780,2024-01-25,South,Organic Search,0.432710819533271
CUST01526,2024-01-26,Midwest,Organic Search,0.761544138393973
CUST03871,2024-01-26,South,Organic Search,0.3622340615632398
CUST03363,2024-01-26,Northeast,Email,0.6230509040665911
CUST01463,2024-01-26,Northeast,Organic Search,0.5210315769045211
CUST01781,2024-01-26,Northeast,Referral,0.646391745862422
CUST03852,2024-01-26,West,Email,0.37835225019607116
CUST01270,2024-01-27,Northeast,Paid Social,0.47600256603314256
CUST01518,2024-01-27,Northeast,Email,0.7050015637799156
CUST00574,2024-01-27,West,Email,0.8184239295977589
CUST01286,2024-01-27,South,Direct,0.7595692883073104
CUST02884,2024-01-27,Midwest,Organic Search,0.4422990612985479
CUST00699,2024-01-28,Midwest,Referral,0.5580847782592063
CUST03338,2024-01-28,South,Paid Social,0.537130707089054
CUST01642,2024-01-28,Northeast,Direct,0.1636864395273117
CUST02972,2024-01-28,Northeast,Paid Social,0.18676264581590457
CUST01976,2024-01-28,Northeast,Direct,0.1357166073264351
CUST03464,2024-01-28,South,Organic Search,0.6696802112407593
CUST02412,2024-01-28,Northeast,Paid Social,0.11353880872816613
CUST01453,2024-01-28,Northeast,Paid Social,0.7448513744291967
CUST01464,2024-01-28,Midwest,Direct,0.045821821419951614
CUST02505,2024-01-28,Northeast,Email,0.7545641607458178
CUST02618,2024-01-29,South,Email,0.736907849102876
CUST02314,2024-01-29,West,Organic Search,0.416585239569186
CUST00848,2024-01-29,Northeast,Paid Social,0.2509368981899721
CUST00584,2024-01-29,Northeast,Organic Search,0.15572749073046271
CUST03617,2024-01-29,Midwest,Organic Search,0.6095888066782595
CUST01653,2024-01-29,Midwest,Paid Social,0.33079507689343945
CUST02278,2024-01-29,West,Referral,0.4639665904141318
CUST00887,2024-01-29,Northeast,Paid Social,0.7794020770089198
CUST00546,2024-01-30,Midwest,Direct,0.2990226183360314
CUST00898,2024-01-30,Northeast,Organic Search,0.3420475353173274
CUST03800,2024-01-30,Midwest,Paid Social,0.5295741182920278
CUST01983,2024-01-30,South,Direct,0.527686903869973
CUST01021,2024-01-31,Midwest,Direct,0.5179876791641984
CUST02488,2024-01-31,Northeast,Organic Search,0.3902451418880925
CUST03452,2024-01-31,South,Organic Search,0.1988215712700186
CUST03357,2024-01-31,South,Direct,0.5295951982448245
CUST00542,2024-01-31,Midwest,Organic Search,0.4677201850806891
CUST01267,2024-01-31,Northeast,Paid Social,0.7865086553987659
CUST03781,2024-01-31,West,Organic Search,0.451622893672178
CUST01026,2024-01-31,Northeast,Paid Social,0.872464194649748
CUST01979,2024-02-01,South,Direct,0.17494616967777848
CUST01136,2024-02-01,South,Email,0.6417467103311865
CUST03184,2024-02-01,South,Direct,0.34631707970219344
CUST00150,2024-02-01,Northeast,Referral,0.3988161917034696
CUST01801,2024-02-01,Northeast,Organic Search,0.651759246299632
CUST02657,2024-02-01,West,Organic Search,0.534024323431592
CUST03509,2024-02-01,South,Referral,0.02
CUST00858,2024-02-01,Midwest,Paid Social,0.693229606199736
CUST03113,2024-02-02,South,Paid Social,0.8097420993321968
CUST01351,2024-02-02,Northeast,Organic Search,0.5486570930610788
CUST02788,2024-02-02,South,Email,0.4245179937106522
CUST03919,2024-02-02,West,Organic Search,0.7397458010553204
CUST03189,2024-02-02,West,Referral,0.464223718046655
CUST02982,2024-02-02,Northeast,Email,0.3838241369819956
CUST02460,2024-02-02,West,Paid Social,0.3133079283986976
CUST01615,2024-02-02,South,Paid Social,0.5900387944622867
CUST02002,2024-02-03,Midwest,Direct,0.45590031847372864
CUST00619,2024-02-03,West,Organic Search,0.5156061451040169
CUST02373,2024-02-03,South,Organic Search,0.524036768551952
CUST01889,2024-02-03,West,Referral,0.5403914539725188
CUST03501,2024-02-03,Northeast,Email,0.5211075114410063
CUST03533,2024-02-03,South,Direct,0.35211921599309737
CUST01411,2024-02-03,South,Referral,0.4568240402544159
CUST01470,2024-02-03,West,Email,0.13559362994581603
CUST00036,2024-02-04,South,Direct,0.5696620197081759
CUST02804,2024-02-04,Midwest,Organic Search,0.5513724085814248
CUST02888,2024-02-04,South,Email,0.6353545589571954
CUST02525,2024-02-04,South,Organic Search,0.49746063947609553
CUST02129,2024-02-05,South,Email,0.5139378758122181
CUST02331,2024-02-05,Northeast,Organic Search,0.34477714196055
CUST01456,2024-02-05,South,Paid Social,0.9335028953124322
CUST00279,2024-02-05,West,Referral,0.13228112165018746
CUST03798,2024-02-05,West,Organic Search,0.5602971860668077
CUST01769,2024-02-06,South,Direct,0.2811793914300027
CUST02440,2024-02-06,Midwest,Organic Search,0.33334819502356516
CUST00518,2024-02-06,Northeast,Email,0.7567197260216272
CUST02711,2024-02-06,South,Referral,0.3983729776201146
CUST01035,2024-02-06,West,Organic Search,0.3873545846109208
CUST00387,2024-02-06,West,Organic Search,0.7068380191533541
CUST01362,2024-02-06,Midwest,Referral,0.16844863191521964
CUST02312,2024-02-06,South,Organic Search,0.42628728993475373
CUST02964,2024-02-06,Northeast,Paid Social,0.201922724763188
CUST03917,2024-02-06,South,Email,0.5074216272056133
CUST03561,2024-02-07,West,Email,0.28940575017690584
CUST02795,2024-02-07,Midwest,Paid Social,0.5134820539030516
CUST02705,2024-02-07,Northeast,Paid Social,0.654952147079027
CUST03155,2024-02-07,Northeast,Paid Social,0.7114482745025165
CUST00045,2024-02-07,West,Paid Social,0.5235326352267948
CUST03532,2024-02-08,West,Email,0.98
CUST03988,2024-02-08,Midwest,Direct,0.5880353251476822
CUST00899,2024-02-08,South,Email,0.40964881538543574
CUST03070,2024-02-08,South,Paid Social,0.38654396521779766
CUST03411,2024-02-08,Northeast,Paid Social,0.2995592470845281
CUST02232,2024-02-08,Northeast,Organic Search,0.4380424872402785
CUST02591,2024-02-08,Northeast,Paid Social,0.43121988184415094
CUST01953,2024-02-09,West,Direct,0.418999769120599
CUST00659,2024-02-09,Northeast,Referral,0.5228174829148651
CUST01022,2024-02-09,South,Direct,0.6525732401547111
CUST03277,2024-02-09,South,Direct,0.3433146223918474
CUST03335,2024-02-09,Midwest,Email,0.505716353909889
CUST03652,2024-02-09,Midwest,Direct,0.49943882950164503
CUST02025,2024-02-09,South,Organic Search,0.4034536045518834
CUST01834,2024-02-09,Midwest,Email,0.274856691760355
CUST03816,2024-02-09,South,Organic Search,0.11899906836923635
CUST03932,2024-02-10,Northeast,Email,0.21497788184000927
CUST01253,2024-02-10,Midwest,Direct,0.5053135222715096
CUST03614,2024-02-10,South,Organic Search,0.5762543995867508
CUST03536,2024-02-10,South,Paid Social,0.2943471201357266
CUST01215,2024-02-10,Northeast,Direct,0.3071763921963355
CUST01911,2024-02-10,South,Direct,0.6873187597710878
CUST02669,2024-02-11,West,Email,0.3871337449908873
CUST01055,2024-02-11,South,Organic Search,0.6412497443514642
CUST00069,2024-02-11,Northeast,Organic Search,0.42361265698323647
CUST03580,2024-02-12,South,Organic Search,0.3416680587235935
CUST01027,2024-02-12,Northeast,Email,0.2528518338004353
CUST01588,2024-02-12,Midwest,Direct,0.6416305116247947
CUST02856,2024-02-12,West,Organic Search,0.8430960479360492
CUST03916,2024-02-12,South,Organic Search,0.4641818078265264
CUST02479,2024-02-12,West,Organic Search,0.6899115598089663
CUST00127,2024-02-13,Midwest,Organic Search,0.8922903647527295
CUST01096,2024-02-13,Northeast,Organic Search,0.9100615157956022
CUST03759,2024-02-13,Northeast,Organic Search,0.8415926386821477
CUST00217,2024-02-13,Northeast,Paid Social,0.6828608252459145
CUST01571,2024-02-13,South,Email,0.5556796931745642
CUST00439,2024-02-14,Midwest,Direct,0.828181301098863
CUST01851,2024-02-14,Midwest,Paid Social,0.5133528242945771
CUST03134,2024-02-14,Midwest,Email,0.6524393205873612
CUST02752,2024-02-14,South,Paid Social,0.18054839545886775
CUST01122,2024-02-15,Midwest,Organic Search,0.42377110258776496
CUST03639,2024-02-15,Northeast,Email,0.5752910318420374
CUST02635,2024-02-15,South,Organic Search,0.6216030871225713
CUST01361,2024-02-15,Midwest,Paid Social,0.3475819633366465
CUST03887,2024-02-15,Northeast,Referral,0.4954616940122538
CUST00280,2024-02-15,South,Organic Search,0.3489993954600391
CUST00007,2024-02-16,Midwest,Email,0.5483816790029732
CUST03321,2024-02-16,Northeast,Referral,0.619409811312404
CUST02366,2024-02-16,Northeast,Direct,0.47089701410455687
CUST00246,2024-02-16,Northeast,Organic Search,0.3372273588296507
CUST01328,2024-02-16,West,Paid Social,0.5446475872349659
CUST03543,2024-02-16,South,Paid Social,0.49670532639049886
CUST00431,2024-02-16,West,Paid Social,0.32094404602182536
CUST00678,2024-02-16,West,Direct,0.45901051140539006
CUST01256,2024-02-16,West,Organic Search,0.6712617953911034
CUST00881,2024-02-16,Northeast,Organic Search,0.16471735950795185
CUST02865,2024-02-17,South,Organic Search,0.9236857022387955
CUST02529,2024-02-17,Northeast,Referral,0.6814015248659993
CUST03535,2024-02-17,West,Direct,0.6496734767174934
CUST03281,2024-02-17,West,Direct,0.6548773573846863
CUST03620,2024-02-17,Northeast,Referral,0.6878902611958622
CUST00753,2024-02-17,West,Referral,0.7698905229830706
CUST00728,2024-02-17,Northeast,Organic Search,0.4350313609256278
CUST02317,2024-02-17,West,Direct,0.45337833400431693
CUST00196,2024-02-17,West,Paid Social,0.4825411710241006
CUST01543,2024-02-18,West,Email,0.6002382445816246
CUST01931,2024-02-18,South,Organic Search,0.45026662157852787
CUST01721,2024-02-18,South,Organic Search,0.6005288697506026
CUST00001,2024-02-18,West,Paid Social,0.12333431975463527
CUST03248,2024-02-18,Northeast,Paid Social,0.5079521918552596
CUST03982,2024-02-18,South,Organic Search,0.5580268996846056
CUST02912,2024-02-19,Midwest,Paid Social,0.7702094611268624
CUST01809,2024-02-19,West,Direct,0.41784189751989187
CUST00826,2024-02-19,South,Paid Social,0.364789439439153
CUST00359,2024-02-19,West,Paid Social,0.6365893586276651
CUST01633,2024-02-19,South,Direct,0.7156845052845177
CUST00695,2024-02-19,West,Paid Social,0.5931329404556709
CUST01531,2024-02-19,Northeast,Organic Search,0.7265254647386021
CUST02033,2024-02-19,South,Email,0.28356415675376273
CUST03528,2024-02-19,Northeast,Organic Search,0.377683987222364
CUST02854,2024-02-19,Northeast,Email,0.8854795507987512
CUST00172,2024-02-19,Northeast,Paid Social,0.6137911212747869
CUST00133,2024-02-19,West,Referral,0.5500497951317925
CUST00581,2024-02-20,Northeast,Direct,0.5286740340159007
CUST02340,2024-02-20,West,Referral,0.7763468127311617
CUST00033,2024-02-20,Midwest,Organic Search,0.23178865240844315
CUST00910,2024-02-20,South,Paid Social,0.6926281946350106
CUST02082,2024-02-20,Midwest,Email,0.7398713610563431
CUST02594,2024-02-21,Northeast,Paid Social,0.02
CUST00010,2024-02-21,South,Direct,0.1717629539551167
CUST01690,2024-02-21,Midwest,Paid Social,0.6158988175871074
CUST02816,2024-02-21,Northeast,Organic Search,0.5916864337971064
CUST02266,2024-02-21,South,Direct,0.08328856907879184
CUST02453,2024-02-21,South,Organic Search,0.7134966432529222
CUST00674,2024-02-21,Midwest,Paid Social,0.15493070514819535
CUST03672,2024-02-21,West,Direct,0.7991931919643462
CUST03414,2024-02-21,Northeast,Direct,0.35810142618044416
CUST03975,2024-02-21,West,Email,0.47589421198445486
CUST00951,2024-02-21,Northeast,Email,0.5746126190750256
CUST00243,2024-02-21,Midwest,Organic Search,0.46134999863363335
CUST00376,2024-02-21,Northeast,Organic Search,0.5215524177352642
CUST00700,2024-02-21,West,Paid Social,0.4801802816263764
CUST02742,2024-02-22,Northeast,Email,0.8430842195598467
CUST00791,2024-02-22,West,Paid Social,0.19001503217692517
CUST00977,2024-02-22,South,Direct,0.5072403941325256
CUST00218,2024-02-22,West,Email,0.6589696409830703
CUST01842,2024-02-22,South,Organic Search,0.241272175472022
CUST02306,2024-02-22,Northeast,Organic Search,0.6568169093167209
CUST03959,2024-02-23,South,Paid Social,0.530852589428342
CUST00087,2024-02-23,Midwest,Paid Social,0.4307420719345685
CUST02321,2024-02-23,West,Organic Search,0.17924556894866
CUST03284,2024-02-23,Midwest,Organic Search,0.28062565426541586
CUST03419,2024-02-23,Northeast,Paid Social,0.6335911810589829
CUST00891,2024-02-24,Northeast,Email,0.5604426927159989
CUST01788,2024-02-24,Northeast,Direct,0.7295438080210356
CUST02502,2024-02-24,Midwest,Referral,0.45438020853135214
CUST01880,2024-02-24,Midwest,Direct,0.21605652336471387
CUST00588,2024-02-24,Northeast,Direct,0.04556323991282968
CUST02472,2024-02-24,Midwest,Direct,0.3807173183178137
CUST02957,2024-02-24,West,Email,0.8737666346302116
CUST01738,2024-02-24,South,Paid Social,0.8684499512948993
CUST03035,2024-02-24,South,Paid Social,0.501901946752624
CUST03343,2024-02-24,West,Direct,0.6733673954322694
CUST02682,2024-02-25,Northeast,Email,0.3254485083106067
CUST01289,2024-02-25,Northeast,Email,0.6526618351004987
CUST01436,2024-02-25,South,Paid Social,0.5121273795180561
CUST00580,2024-02-25,West,Direct,0.8541135218073963
CUST02623,2024-02-26,South,Organic Search,0.6429255779179108
CUST02556,2024-02-26,South,Organic Search,0.6115419285927366
CUST01359,2024-02-26,South,Organic Search,0.4514775240371905
CUST02423,2024-02-26,South,Email,0.5844277178036483
CUST01450,2024-02-26,West,Paid Social,0.3150800516131539
CUST03497,2024-02-26,West,Organic Search,0.2709022173236433
CUST00258,2024-02-26,South,Organic Search,0.44158072739570925
CUST03872,2024-02-26,Midwest,Direct,0.363715538823751
CUST03807,2024-02-26,South,Email,0.47832463120917046
CUST02515,2024-02-26,Northeast,Paid Social,0.8461013674705711
CUST03853,2024-02-27,Northeast,Paid Social,0.5904824236095977
CUST01730,2024-02-27,South,Organic Search,0.8182811623444475
CUST00171,2024-02-27,Midwest,Direct,0.2089605161094033
CUST00460,2024-02-27,South,Referral,0.1728513423611961
CUST02265,2024-02-27,South,Email,0.6350637315986216
CUST03353,2024-02-27,South,Paid Social,0.5826653246970994
CUST00516,2024-02-27,West,Paid Social,0.759438618138748
CUST02177,2024-02-27,South,Email,0.4977071156679725
CUST01166,2024-02-27,South,Paid Social,0.5168561702546995
CUST03783,2024-02-27,Midwest,Email,0.9361059122086401
CUST02615,2024-02-27,Midwest,Organic Search,0.3944203345348304
CUST03687,2024-02-27,Northeast,Direct,0.4623364512826987
CUST02475,2024-02-27,South,Organic Search,0.32881751076161736
CUST01827,2024-02-27,Midwest,Referral,0.27975853258061417
CUST00818,2024-02-28,South,Organic Search,0.33140802683082177
CUST00583,2024-02-28,Northeast,Referral,0.13427431793251898
CUST03491,2024-02-28,Midwest,Paid Social,0.6058898312499243
CUST02504,2024-02-28,Midwest,Email,0.13278369289340042
CUST01855,2024-02-28,South,Organic Search,0.7486177215195784
CUST00322,2024-02-28,Northeast,Paid Social,0.2444923965283739
CUST02946,2024-02-28,West,Email,0.4437681745188081
CUST01227,2024-02-28,South,Organic Search,0.6055213029778514
CUST00310,2024-02-29,West,Referral,0.578563705242982
CUST03077,2024-02-29,Midwest,Direct,0.4647424080691007
CUST03727,2024-02-29,South,Organic Search,0.0948346481677233
CUST01272,2024-02-29,South,Direct,0.2882219613769422
CUST03150,2024-02-29,Midwest,Organic Search,0.46580574219341286
CUST00480,2024-02-29,West,Paid Social,0.22569977171117023
CUST01489,2024-03-01,Northeast,Organic Search,0.43649500122668916
CUST01816,2024-03-01,Midwest,Organic Search,0.6585941769956786
CUST01466,2024-03-01,South,Organic Search,0.42716712593311856
CUST00808,2024-03-01,South,Direct,0.7552224081892832
CUST01538,2024-03-01,South,Direct,0.42605659495279596
CUST03034,2024-03-01,South,Direct,0.3650786386026209
CUST03591,2024-03-01,Midwest,Referral,0.45071045201637955
CUST01867,2024-03-01,South,Organic Search,0.6684232292330536
CUST01484,2024-03-02,South,Referral,0.6063236401606747
CUST02244,2024-03-02,South,Paid Social,0.4577000507806294
CUST03791,2024-03-02,West,Organic Search,0.4525948306118062
CUST02911,2024-03-02,Northeast,Paid Social,0.45053829887848906
CUST01579,2024-03-02,South,Organic Search,0.4315898031798997
CUST03027,2024-03-02,Midwest,Referral,0.5678876770634966
CUST02853,2024-03-03,West,Organic Search,0.3436824235549607
CUST02723,2024-03-03,Northeast,Referral,0.3654843831921004
CUST01321,2024-03-03,Northeast,Organic Search,0.40855095897178173
CUST02506,2024-03-03,Midwest,Organic Search,0.3239624101727565
CUST00120,2024-03-03,Northeast,Organic Search,0.29085798613432745
CUST01216,2024-03-03,South,Organic Search,0.2996522513455948
CUST00873,2024-03-03,Northeast,Paid Social,0.7508038470665573
CUST00501,2024-03-03,Northeast,Direct,0.6265689528848409
CUST02215,2024-03-03,South,Organic Search,0.520091854166579
CUST02214,2024-03-04,Northeast,Email,0.24695999299610527
CUST00726,2024-03-04,South,Paid Social,0.6175013180478455
CUST01020,2024-03-04,Northeast,Paid Social,0.4343351902974267
CUST00365,2024-03-04,South,Direct,0.27109987651365786
CUST00538,2024-03-04,Midwest,Email,0.39437789292229997
CUST00778,2024-03-05,South,Paid Social,0.7060370797203004
CUST01946,2024-03-05,West,Organic Search,0.5998001794593888
CUST00198,2024-03-05,South,Organic Search,0.6045439639032255
CUST02786,2024-03-05,West,Organic Search,0.6641143196029803
CUST00313,2024-03-05,Midwest,Direct,0.45614000794986176
CUST02681,2024-03-05,West,Organic Search,0.24566068914006145
CUST00497,2024-03-05,South,Paid Social,0.44619456793769585
CUST02269,2024-03-05,South,Referral,0.7491788364541704
CUST03161,2024-03-05,West,Paid Social,0.6234588161323122
CUST03370,2024-03-05,Midwest,Referral,0.525275910877851
CUST02700,2024-03-05,South,Organic Search,0.6467379462806071
CUST02364,2024-03-05,West,Paid Social,0.5417357048730863
CUST03305,2024-03-05,Northeast,Organic Search,0.756154663228634
CUST01050,2024-03-06,Northeast,Organic Search,0.7114107879944478
CUST01343,2024-03-06,Northeast,Direct,0.4935973889673202
CUST03651,2024-03-06,West,Direct,0.40236238759272497
CUST01157,2024-03-06,Northeast,Direct,0.6263725035448061
CUST00946,2024-03-06,Midwest,Referral,0.6172926944727604
CUST03530,2024-03-06,West,Organic Search,0.6727127528146328
CUST01876,2024-03-06,Midwest,Organic Search,0.2893090844380486
CUST00863,2024-03-06,Midwest,Organic Search,0.20844032438444693
CUST00724,2024-03-06,Midwest,Organic Search,0.26855723939662224
CUST02510,2024-03-07,Midwest,Direct,0.762777305193687
CUST01619,2024-03-07,Midwest,Referral,0.33907770873360454
CUST03349,2024-03-07,South,Email,0.08072411261790885
CUST00784,2024-03-07,Midwest,Organic Search,0.5551145797925091
CUST00418,2024-03-07,South,Organic Search,0.6772102705321382
CUST00783,2024-03-08,South,Email,0.6090546330974431
CUST03499,2024-03-08,Northeast,Direct,0.6098046668795722
CUST00386,2024-03-08,South,Direct,0.5429782493506926
CUST02923,2024-03-08,Midwest,Organic Search,0.4794986578174632
CUST03973,2024-03-08,South,Direct,0.6342966576726111
CUST01605,2024-03-08,West,Direct,0.7165491650578835
CUST01238,2024-03-08,Midwest,Email,0.4072878720288645
CUST00436,2024-03-08,West,Paid Social,0.8530712312987245
CUST00157,2024-03-09,Northeast,Paid Social,0.6516708467088804
CUST01610,2024-03-09,Northeast,Direct,0.34772827334852474
CUST02080,2024-03-09,Midwest,Direct,0.5543507703066278
CUST01928,2024-03-09,West,Paid Social,0.6337621800954643
CUST00874,2024-03-09,Northeast,Paid Social,0.33033592209041784
CUST03821,2024-03-09,South,Direct,0.33677990504689015
CUST02830,2024-03-10,West,Direct,0.456446462406653
CUST02550,2024-03-10,Midwest,Email,0.3082736548658629
CUST03774,2024-03-10,South,Paid Social,0.17280652925912854
CUST03165,2024-03-10,South,Paid Social,0.2607744535686488
CUST01630,2024-03-10,Northeast,Direct,0.31395398574108435
CUST00759,2024-03-10,South,Paid Social,0.211581400538025
CUST03064,2024-03-10,Northeast,Referral,0.3504526411543342
CUST02819,2024-03-10,South,Referral,0.9248155172357879
CUST00018,2024-03-10,Northeast,Direct,0.546576355703245
CUST00221,2024-03-10,Midwest,Paid Social,0.7746176265212309
CUST02823,2024-03-10,South,Email,0.6688949405927526
CUST02909,2024-03-10,South,Paid Social,0.16483164548204776
CUST02697,2024-03-10,Midwest,Organic Search,0.48140229697852727
CUST01805,2024-03-10,Northeast,Organic Search,0.98
CUST00074,2024-03-11,West,Organic Search,0.15583736830258937
CUST00705,2024-03-11,South,Paid Social,0.5617701116607529
CUST02699,2024-03-11,South,Organic Search,0.23131998362303002
CUST03513,2024-03-11,Midwest,Organic Search,0.21365846342457445
CUST02104,2024-03-11,Midwest,Referral,0.8295103217883135
CUST01005,2024-03-11,Northeast,Direct,0.4931898601074458
CUST02006,2024-03-11,Northeast,Referral,0.33079577434152774
CUST03348,2024-03-11,South,Direct,0.7038078650560564
CUST00945,2024-03-11,Midwest,Paid Social,0.5686383603509273
CUST00434,2024-03-12,Midwest,Direct,0.38919981082327043
CUST01776,2024-03-12,South,Paid Social,0.6113832305528133
CUST03287,2024-03-12,South,Direct,0.3724038507937486
CUST01926,2024-03-12,South,Organic Search,0.353632633539549
CUST02085,2024-03-12,South,Organic Search,0.5467252702488627
CUST00414,2024-03-12,South,Direct,0.7140147220740919
CUST03102,2024-03-12,Midwest,Paid Social,0.5009337791152098
CUST03022,2024-03-12,West,Direct,0.409459504140162
CUST03945,2024-03-12,Northeast,Organic Search,0.8858034914766585
CUST03538,2024-03-13,South,Organic Search,0.6542761053100933
CUST01645,2024-03-13,Northeast,Email,0.3251000094982436
CUST02431,2024-03-13,Midwest,Organic Search,0.19855308799371052
CUST03527,2024-03-13,Midwest,Paid Social,0.46715284352262443
CUST00670,2024-03-13,Midwest,Direct,0.30812505415162217
CUST00443,2024-03-13,Northeast,Direct,0.17303326007448666
CUST03606,2024-03-14,South,Direct,0.7466430813038918
CUST03269,2024-03-14,West,Direct,0.33640998494563834
CUST00948,2024-03-14,South,Referral,0.6048736327221688
CUST01358,2024-03-14,Midwest,Organic Search,0.3302942171460145
CUST01895,2024-03-14,West,Paid Social,0.9130390476176644
CUST02761,2024-03-14,South,Email,0.7116723023646137
CUST02207,2024-03-14,Northeast,Paid Social,0.3366393468339276
CUST01819,2024-03-14,South,Direct,0.3414942653413959
CUST03308,2024-03-14,Midwest,Direct,0.2901478830942427
CUST00604,2024-03-14,South,Organic Search,0.22589958698912327
CUST02480,2024-03-14,West,Direct,0.37493084144569566
CUST00823,2024-03-15,Northeast,Paid Social,0.5989386267090513
CUST02378,2024-03-15,Northeast,Direct,0.48852667607055744
CUST02727,2024-03-15,West,Direct,0.532226670356975
CUST01342,2024-03-15,West,Organic Search,0.6760320768135083
CUST00721,2024-03-16,South,Paid Social,0.41783061398015714
CUST00682,2024-03-16,West,Direct,0.496248008115274
CUST02234,2024-03-16,South,Email,0.2518488111804959
CUST01528,2024-03-16,Northeast,Referral,0.45123414989568567
CUST02108,2024-03-16,South,Direct,0.19215710382819057
CUST01836,2024-03-16,Midwest,Paid Social,0.37591475874930946
CUST02210,2024-03-16,Northeast,Direct,0.14269440832303082
CUST00100,2024-03-17,Northeast,Organic Search,0.5822045335085161
CUST03993,2024-03-17,West,Paid Social,0.6355614834654363
CUST03204,2024-03-17,Midwest,Paid Social,0.49262721940459475
CUST00620,2024-03-17,West,Organic Search,0.5324025503976239
CUST00118,2024-03-17,Northeast,Organic Search,0.38550016480375904
CUST00241,2024-03-17,Midwest,Email,0.6539373033245436
CUST00769,2024-03-17,West,Direct,0.4681598128745929
CUST03889,2024-03-17,West,Organic Search,0.12597980599514402
CUST03835,2024-03-17,South,Direct,0.6949073218920155
CUST00306,2024-03-17,Midwest,Organic Search,0.2755319258494887
CUST00462,2024-03-17,South,Referral,0.7766229082138478
CUST02736,2024-03-17,South,Organic Search,0.488091738733956
CUST01445,2024-03-17,West,Organic Search,0.43969567982454133
CUST03249,2024-03-17,Northeast,Email,0.3538527230734387
CUST01187,2024-03-18,South,Organic Search,0.8190227717594786
CUST01090,2024-03-18,West,Paid Social,0.27217515615232
CUST00329,2024-03-18,South,Paid Social,0.4285611843838562
CUST01963,2024-03-18,South,Email,0.4525031515070326
CUST03514,2024-03-18,Midwest,Direct,0.26894651136205483
CUST01063,2024-03-19,Northeast,Organic Search,0.28230243527464166
CUST01612,2024-03-19,Midwest,Referral,0.32866758900768217
CUST00256,2024-03-19,South,Direct,0.7497131561514812
CUST00528,2024-03-19,West,Organic Search,0.4232069948126276
CUST00408,2024-03-19,Midwest,Organic Search,0.45885696819810345
CUST02519,2024-03-19,South,Paid Social,0.028807195705764232
CUST03671,2024-03-19,South,Organic Search,0.6151057703826618
CUST02302,2024-03-19,South,Paid Social,0.36299584627211134
CUST00834,2024-03-19,West,Direct,0.5443237895698624
CUST00522,2024-03-20,South,Paid Social,0.6123217501499203
CUST00924,2024-03-20,South,Paid Social,0.6436512250948169
CUST00457,2024-03-21,South,Paid Social,0.5869415737540795
CUST02330,2024-03-21,West,Paid Social,0.6916540808010647
CUST00752,2024-03-21,South,Organic Search,0.5304436298592824
CUST01935,2024-03-21,South,Email,0.6372784518483089
CUST00975,2024-03-21,South,Email,0.6326432779408566
CUST03058,2024-03-21,South,Direct,0.13265324623573083
CUST01607,2024-03-21,Northeast,Referral,0.05955491018526693
CUST01677,2024-03-22,Midwest,Organic Search,0.6764922300131614
CUST03069,2024-03-22,Midwest,Email,0.5006315445477011
CUST00938,2024-03-22,Northeast,Email,0.07279729011213054
CUST01698,2024-03-22,Northeast,Direct,0.25210308237939405
CUST02663,2024-03-22,Midwest,Direct,0.46448398603965435
CUST02889,2024-03-22,Midwest,Referral,0.30400890060307567
CUST02891,2024-03-22,Northeast,Referral,0.4497490073412639
CUST02063,2024-03-22,Northeast,Paid Social,0.06067288990019293
CUST03830,2024-03-22,South,Paid Social,0.7469915119408234
CUST01575,2024-03-22,Midwest,Organic Search,0.5199764508575775
CUST01104,2024-03-23,South,Organic Search,0.4568777010101208
CUST01524,2024-03-23,Midwest,Organic Search,0.2603383849833588
CUST02639,2024-03-23,Northeast,Paid Social,0.540910485617251
CUST00357,2024-03-23,Midwest,Paid Social,0.23180972391283794
CUST01481,2024-03-23,Midwest,Paid Social,0.3383463113134614
CUST03980,2024-03-23,South,Organic Search,0.4966221355270362
CUST00273,2024-03-23,South,Email,0.8079318145939829
CUST03701,2024-03-24,West,Organic Search,0.20779313656201587
CUST02308,2024-03-24,Midwest,Email,0.7813795141971762
CUST00961,2024-03-24,South,Paid Social,0.2740559931369897
CUST00536,2024-03-24,South,Organic Search,0.42842750058734963
CUST00182,2024-03-24,West,Paid Social,0.4669046893144815
CUST03928,2024-03-24,West,Organic Search,0.49518764126798653
CUST01537,2024-03-24,Northeast,Paid Social,0.5929742611693417
CUST02886,2024-03-24,West,Organic Search,0.6144276519793017
CUST00390,2024-03-24,Northeast,Organic Search,0.47707752819993543
CUST02013,2024-03-24,West,Email,0.1707531384330393
CUST02008,2024-03-24,Northeast,Direct,0.605836998289394
CUST03568,2024-03-24,Northeast,Direct,0.2612758878141736
CUST01970,2024-03-24,Northeast,Organic Search,0.8432854962954164
CUST01046,2024-03-24,West,Direct,0.9240866517204275
CUST03038,2024-03-25,Northeast,Email,0.38224529592485984
CUST00884,2024-03-25,Midwest,Direct,0.4250512227387312
CUST02222,2024-03-25,Northeast,Referral,0.470924880421168
CUST03808,2024-03-25,West,Organic Search,0.38887570807795224
CUST00058,2024-03-25,Midwest,Email,0.23084088049899848
CUST03603,2024-03-25,West,Email,0.795011209446189
CUST01406,2024-03-25,West,Organic Search,0.20335575822076335
CUST03686,2024-03-25,Northeast,Organic Search,0.2039161659722552
CUST01229,2024-03-25,South,Organic Search,0.9072036424342305
CUST02792,2024-03-26,Northeast,Direct,0.4148539858901766
CUST03707,2024-03-26,West,Referral,0.3302459818904043
CUST02249,2024-03-26,Northeast,Paid Social,0.14206519552237584
CUST03253,2024-03-26,Northeast,Referral,0.6135948917648661
CUST01947,2024-03-26,Northeast,Direct,0.39187490228695554
CUST00847,2024-03-26,Northeast,Organic Search,0.6357993051484866
CUST01655,2024-03-26,Midwest,Organic Search,0.2289753200590055
CUST03403,2024-03-26,Midwest,Paid Social,0.5579960996986993
CUST00533,2024-03-26,South,Referral,0.7517954991144205
CUST02427,2024-03-27,Northeast,Referral,0.4564765800381098
CUST02868,2024-03-27,Northeast,Paid Social,0.32134212307834914
CUST00937,2024-03-27,Midwest,Direct,0.392592613333213
CUST03351,2024-03-27,West,Referral,0.24396389884991537
CUST00750,2024-03-27,Northeast,Email,0.26364368446951714
CUST03327,2024-03-28,South,Paid Social,0.6077807882229733
CUST00083,2024-03-28,South,Email,0.4368959997506558
CUST02660,2024-03-28,Northeast,Paid Social,0.7394270845054309
CUST03163,2024-03-28,Northeast,Email,0.37388552168535594
CUST01854,2024-03-28,Midwest,Paid Social,0.23617770893519646
CUST00287,2024-03-28,West,Paid Social,0.5039935833072038
CUST01695,2024-03-28,South,Organic Search,0.19018719602877743
CUST02433,2024-03-29,West,Direct,0.5087154659661223
CUST03322,2024-03-29,South,Organic Search,0.6053413388977786
CUST02933,2024-03-29,South,Organic Search,0.6410360651940166
CUST03885,2024-03-29,South,Organic Search,0.6848462971901178
CUST03365,2024-03-29,West,Referral,0.5171722838326482
CUST00178,2024-03-29,West,Paid Social,0.07346339406543051
CUST01487,2024-03-29,South,Organic Search,0.5792287168681561
CUST02369,2024-03-29,Northeast,Paid Social,0.6168389888352055
CUST01908,2024-03-29,West,Direct,0.5093438489568408
CUST01556,2024-03-29,South,Direct,0.5404344993976147
CUST02095,2024-03-29,Northeast,Organic Search,0.6785794653966841
CUST01778,2024-03-29,Northeast,Direct,0.6079726388953215
CUST03271,2024-03-30,West,Organic Search,0.9522347057216243
CUST00350,2024-03-30,Northeast,Email,0.9498625396541711
CUST01936,2024-03-30,Northeast,Organic Search,0.60484565714609
CUST01941,2024-03-30,Northeast,Organic Search,0.4265929788138898
CUST01076,2024-03-30,West,Paid Social,0.3560478670098692
CUST02720,2024-03-30,Northeast,Organic Search,0.28580995227501316
CUST00532,2024-03-31,South,Direct,0.6324414278440602
CUST01078,2024-03-31,South,Direct,0.20359210411276302
CUST00041,2024-03-31,Midwest,Paid Social,0.17086795525513976
CUST01850,2024-03-31,Midwest,Referral,0.41374090441524997
CUST01637,2024-03-31,West,Paid Social,0.4847271001136567
CUST00187,2024-03-31,West,Referral,0.8467046076884222
CUST00467,2024-03-31,West,Organic Search,0.3371017024277183
CUST02596,2024-03-31,West,Referral,0.5299884392440503
CUST00623,2024-03-31,Northeast,Organic Search,0.4605156164670734
CUST01596,2024-03-31,West,Direct,0.20471404041783092
CUST02200,2024-04-01,Northeast,Organic Search,0.5039500846118723
CUST02328,2024-04-01,South,Email,0.3439710831712024
CUST02297,2024-04-01,Midwest,Email,0.7248700322797391
CUST00703,2024-04-01,Midwest,Direct,0.6042351503627711
CUST03690,2024-04-01,West,Organic Search,0.5182600445317141
CUST03559,2024-04-01,South,Paid Social,0.3683626540824917
CUST00168,2024-04-01,Midwest,Paid Social,0.4908572855066632
CUST00685,2024-04-02,Midwest,Organic Search,0.4533463583094866
CUST03180,2024-04-02,South,Organic Search,0.20314204249269846
CUST01193,2024-04-02,South,Paid Social,0.46289872036205587
CUST03524,2024-04-02,South,Paid Social,0.42712966602247454
CUST03517,2024-04-02,Northeast,Direct,0.6383184035214563
CUST03049,2024-04-02,Northeast,Direct,0.36926056524349793
CUST02940,2024-04-02,Northeast,Direct,0.98
CUST03562,2024-04-02,Midwest,Organic Search,0.5145535727842719
CUST02534,2024-04-03,Midwest,Direct,0.4138960337622798
CUST00704,2024-04-03,West,Organic Search,0.730877579928885
CUST02805,2024-04-03,West,Referral,0.25969394154061404
CUST00262,2024-04-03,West,Organic Search,0.564120391270972
CUST02450,2024-04-03,Northeast,Referral,0.39429554871903183
CUST01433,2024-04-03,West,Referral,0.4141565095455926
CUST03289,2024-04-04,Midwest,Paid Social,0.5442426804785023
CUST02103,2024-04-04,South,Referral,0.42470204347244755
CUST01616,2024-04-04,South,Direct,0.22510120507179388
CUST01032,2024-04-04,Northeast,Organic Search,0.5053303004001636
CUST03257,2024-04-04,South,Paid Social,0.26574117100199346
CUST02051,2024-04-04,West,Paid Social,0.5854241833696244
CUST00908,2024-04-04,Northeast,Direct,0.5201567183620116
CUST03950,2024-04-05,South,Paid Social,0.6360508008605474
CUST00544,2024-04-05,Northeast,Paid Social,0.4480973551035807
CUST03196,2024-04-05,West,Organic Search,0.5442198093536429
CUST03761,2024-04-05,Northeast,Direct,0.3969353542924312
CUST03097,2024-04-05,South,Paid Social,0.36869995007404455
CUST02370,2024-04-05,Midwest,Organic Search,0.45761702801781695
CUST00411,2024-04-05,South,Organic Search,0.20914144069619828
CUST03052,2024-04-05,Midwest,Email,0.1877326812995455
CUST02931,2024-04-05,South,Email,0.42587001590325396
CUST00259,2024-04-05,Northeast,Paid Social,0.18170047281607526
CUST02478,2024-04-06,Northeast,Paid Social,0.41497157280324554
CUST03787,2024-04-06,West,Organic Search,0.41342867771273745
CUST02147,2024-04-06,Northeast,Organic Search,0.5193992354276464
CUST00761,2024-04-06,South,Organic Search,0.29983107293676303
CUST00661,2024-04-06,West,Paid Social,0.7385344466831326
CUST03792,2024-04-06,South,Organic Search,0.3853332298065665
CUST02368,2024-04-06,South,Referral,0.5216023609068635
CUST00230,2024-04-06,South,Paid Social,0.7249488397803471
CUST03888,2024-04-06,Northeast,Referral,0.29203117992285454
CUST03088,2024-04-06,Midwest,Direct,0.6442824747118587
CUST02248,2024-04-06,Northeast,Organic Search,0.572945827458541
CUST01405,2024-04-06,West,Paid Social,0.6641109880542677
CUST01174,2024-04-06,West,Email,0.4533849681761948
CUST02032,2024-04-06,Midwest,Paid Social,0.4960722075009914
CUST00392,2024-04-07,South,Email,0.31917493868805125
CUST03824,2024-04-07,Northeast,Paid Social,0.342973705449066
CUST03879,2024-04-07,South,Organic Search,0.7226431167667495
CUST01702,2024-04-07,Northeast,Paid Social,0.4074637423230859
CUST01883,2024-04-07,South,Paid Social,0.604126683650905
CUST02275,2024-04-07,Northeast,Organic Search,0.5732095594998357
CUST00251,2024-04-07,South,Direct,0.46041047361299614
CUST00349,2024-04-08,Northeast,Paid Social,0.40238882715392404
CUST03668,2024-04-08,West,Direct,0.5537660340990955
CUST02381,2024-04-08,South,Paid Social,0.4187615263818128
CUST02483,2024-04-08,South,Direct,0.3252054878708518
CUST01106,2024-04-08,South,Organic Search,0.12853734725459542
CUST01886,2024-04-08,Northeast,Paid Social,0.3483447194153987
CUST01929,2024-04-09,Northeast,Organic Search,0.4992643091875508
CUST01639,2024-04-09,West,Email,0.2877140201221133
CUST03087,2024-04-09,South,Organic Search,0.7481460650619052
CUST00564,2024-04-09,South,Direct,0.44892271762914643
CUST00469,2024-04-09,South,Direct,0.7414145775200961
CUST00023,2024-04-09,Northeast,Organic Search,0.6471968209731181
CUST02926,2024-04-09,Midwest,Paid Social,0.38391772762737153
CUST00635,2024-04-09,South,Referral,0.21134732246533539
CUST02613,2024-04-09,South,Email,0.37038374429327947
CUST02385,2024-04-10,West,Organic Search,0.40296226376657174
CUST03935,2024-04-10,Northeast,Direct,0.3034628051276286
CUST03099,2024-04-10,West,Paid Social,0.580630920231116
CUST00912,2024-04-10,Northeast,Email,0.4254657674427237
CUST03290,2024-04-11,South,Organic Search,0.456035882153203
CUST01891,2024-04-11,Northeast,Paid Social,0.4855608926806587
CUST01432,2024-04-11,South,Email,0.4155919130987464
CUST02929,2024-04-11,South,Paid Social,0.4339852873944364
CUST01798,2024-04-11,South,Direct,0.5377271408159531
CUST01663,2024-04-11,West,Email,0.5669952180457749
CUST01345,2024-04-11,South,Organic Search,0.3284865141223785
CUST02741,2024-04-11,Northeast,Organic Search,0.5291997517128307
CUST03359,2024-04-12,Midwest,Email,0.4270012626562579
CUST02944,2024-04-12,West,Referral,0.45610194698500184
CUST03529,2024-04-12,West,Direct,0.10900629114843935
CUST01326,2024-04-12,West,Paid Social,0.3921319774916747
CUST02738,2024-04-12,Northeast,Paid Social,0.4027472569277192
CUST01960,2024-04-12,Midwest,Direct,0.22814469071879745
CUST00253,2024-04-12,Midwest,Paid Social,0.5835918210085529
CUST02674,2024-04-12,Midwest,Organic Search,0.8462648821842573
CUST01534,2024-04-12,Northeast,Organic Search,0.5793636253962249
CUST03394,2024-04-12,Midwest,Organic Search,0.45616795204444993
CUST00072,2024-04-13,Midwest,Organic Search,0.45308069805779416
CUST02071,2024-04-13,Midwest,Paid Social,0.44283205808867376
CUST02810,2024-04-13,South,Direct,0.610168040089622
CUST01651,2024-04-13,Midwest,Direct,0.8156726137806993
CUST03045,2024-04-13,Northeast,Organic Search,0.515917248966546
CUST03256,2024-04-13,West,Organic Search,0.4781042353338791
CUST03776,2024-04-13,Northeast,Organic Search,0.5574593688165136
CUST01523,2024-04-14,Northeast,Paid Social,0.1855049172413119
CUST00523,2024-04-14,Midwest,Organic Search,0.6640851258665417
CUST03295,2024-04-14,South,Organic Search,0.4032672875724206
CUST01178,2024-04-14,Midwest,Direct,0.5082945072703449
CUST03194,2024-04-14,South,Organic Search,0.5611430539445671
CUST02392,2024-04-14,South,Paid Social,0.24031360618069503
CUST03913,2024-04-14,South,Direct,0.6479178272843609
CUST00888,2024-04-15,West,Organic Search,0.6068975909655167
CUST01113,2024-04-15,South,Email,0.8112208476771063
CUST02554,2024-04-15,South,Referral,0.5025486730408116
CUST02993,2024-04-15,South,Organic Search,0.35352874379707644
CUST02220,2024-04-15,South,Direct,0.27855649990151976
CUST02861,2024-04-15,South,Organic Search,0.3539946224413877
CUST03258,2024-04-16,Midwest,Direct,0.3031316467572456
CUST01115,2024-04-16,Midwest,Direct,0.31635330751891566
CUST03693,2024-04-16,South,Referral,0.7180268008951449
CUST02466,2024-04-16,Northeast,Paid Social,0.3963845253513213
CUST00052,2024-04-16,Northeast,Paid Social,0.4119840656499002
CUST03182,2024-04-16,Midwest,Organic Search,0.410539038599706
CUST02890,2024-04-16,West,Organic Search,0.3102024323613348
CUST02851,2024-04-16,Northeast,Paid Social,0.4291409141791988
CUST00543,2024-04-16,Midwest,Direct,0.3691909930040807
CUST03909,2024-04-17,Midwest,Organic Search,0.3576038483630636
CUST01770,2024-04-17,South,Email,0.33394917545054514
CUST03040,2024-04-17,South,Organic Search,0.6681490733847939
CUST00398,2024-04-17,Northeast,Organic Search,0.4057017956996486
CUST03837,2024-04-17,West,Organic Search,0.4625918453435639
CUST03153,2024-04-17,Midwest,Paid Social,0.02
CUST00993,2024-04-17,Midwest,Direct,0.5231092344820214
CUST02813,2024-04-18,South,Email,0.729681549497468
CUST02094,2024-04-18,Northeast,Direct,0.5319863153451793
CUST01704,2024-04-18,South,Email,0.44663134558034523
CUST03024,2024-04-18,South,Paid Social,0.5942301626660178
CUST01787,2024-04-18,West,Email,0.23663627667449877
CUST02511,2024-04-18,South,Organic Search,0.8712433134790569
CUST00838,2024-04-18,Midwest,Email,0.6946251746102488
CUST02745,2024-04-18,Northeast,Email,0.21212634489623877
CUST03894,2024-04-19,West,Direct,0.8708510813359247
CUST00102,2024-04-19,Northeast,Organic Search,0.3424473919683453
CUST01085,2024-04-19,South,Email,0.4478940872407586
CUST03965,2024-04-19,South,Organic Search,0.7503810423671918
CUST00426,2024-04-19,South,Organic Search,0.34673977595614314
CUST02815,2024-04-19,Midwest,Direct,0.7760769468122382
CUST03288,2024-04-19,South,Email,0.545116361341273
CUST00872,2024-04-20,Midwest,Email,0.5496370568184316
CUST02900,2024-04-20,South,Organic Search,0.4667276050296249
CUST00653,2024-04-20,West,Email,0.372866598100551
CUST01364,2024-04-20,South,Direct,0.41638982718860607
CUST02349,2024-04-20,South,Organic Search,0.43109655226003346
CUST00224,2024-04-20,Northeast,Organic Search,0.3942933587699807
CUST03832,2024-04-20,Midwest,Organic Search,0.347546864947224
CUST00664,2024-04-20,Northeast,Direct,0.7041043947512667
CUST02643,2024-04-20,Midwest,Organic Search,0.35921884311489327
CUST01796,2024-04-20,South,Referral,0.43061403902835993
CUST02116,2024-04-20,Northeast,Direct,0.7561975358345245
CUST03504,2024-04-20,South,Organic Search,0.5367984715550287
CUST00009,2024-04-20,Northeast,Referral,0.6244985246479818
CUST00339,2024-04-20,South,Organic Search,0.22974965118072938
CUST02773,2024-04-21,Northeast,Email,0.6730725918653789
CUST01740,2024-04-21,Midwest,Paid Social,0.3809035427113997
CUST02765,2024-04-21,Midwest,Paid Social,0.5185945085644956
CUST03736,2024-04-21,West,Email,0.4723778626473715
CUST02496,2024-04-22,Midwest,Paid Social,0.3285165107296892
CUST03079,2024-04-22,Midwest,Organic Search,0.6529123344058372
CUST02870,2024-04-22,South,Email,0.1089443337859009
CUST01872,2024-04-22,Northeast,Organic Search,0.584870221843604
CUST03583,2024-04-22,Midwest,Organic Search,0.35281367012190396
CUST00735,2024-04-23,Midwest,Organic Search,0.4444248585687469
CUST01474,2024-04-23,Midwest,Paid Social,0.5125066825667541
CUST03433,2024-04-23,South,Email,0.3181869378324427
CUST02474,2024-04-23,Northeast,Organic Search,0.4996510685159597
CUST03242,2024-04-23,Midwest,Paid Social,0.5396724528720417
CUST02360,2024-04-23,South,Organic Search,0.5085126992907836
CUST01940,2024-04-23,Northeast,Email,0.6129168226633183
CUST01072,2024-04-24,West,Organic Search,0.4082898481148186
CUST03241,2024-04-24,Northeast,Organic Search,0.321199106952302
CUST01745,2024-04-24,Northeast,Referral,0.5377352296719049
CUST02523,2024-04-24,South,Direct,0.6581531013129222
CUST02277,2024-04-24,Midwest,Paid Social,0.4886061758362778
CUST01988,2024-04-25,Midwest,Direct,0.5882151360342324
CUST03297,2024-04-25,West,Organic Search,0.4517205079066636
CUST01710,2024-04-25,South,Email,0.5245177131198486
CUST02444,2024-04-25,West,Paid Social,0.30212898897757534
CUST01989,2024-04-25,West,Email,0.26071207721060063
CUST03328,2024-04-25,West,Organic Search,0.4079859890745596
CUST03526,2024-04-25,West,Email,0.876105945213548
CUST03232,2024-04-26,West,Referral,0.6584825644423729
CUST02470,2024-04-26,Northeast,Paid Social,0.5185579725282083
CUST03179,2024-04-27,South,Referral,0.5659980330950177
CUST01395,2024-04-27,South,Direct,0.7330432764150723
CUST02462,2024-04-27,Midwest,Email,0.4179530996920706
CUST03960,2024-04-27,Midwest,Paid Social,0.7155509559113484
CUST02839,2024-04-27,Northeast,Organic Search,0.23067772542762793
CUST00142,2024-04-27,Midwest,Organic Search,0.42250305356832785
CUST02602,2024-04-27,West,Organic Search,0.21897669158630118
CUST02665,2024-04-27,South,Organic Search,0.2547362321405455
CUST03018,2024-04-27,Midwest,Paid Social,0.7948015460244686
CUST03476,2024-04-27,Northeast,Direct,0.39424838029679965
CUST02734,2024-04-27,Northeast,Paid Social,0.718101552164486
CUST03683,2024-04-27,Northeast,Direct,0.3501893251367135
CUST01582,2024-04-28,South,Direct,0.442538923531978
CUST03586,2024-04-28,West,Direct,0.21217983777160693
CUST00964,2024-04-28,South,Paid Social,0.473643635409015
CUST02553,2024-04-28,Northeast,Referral,0.7852156244425363
CUST03670,2024-04-28,West,Direct,0.5726924972929573
CUST02358,2024-04-29,Midwest,Organic Search,0.8486516749739381
CUST02194,2024-04-29,West,Direct,0.7610812393588532
CUST03952,2024-04-29,Midwest,Direct,0.3935903726131189
CUST01355,2024-04-29,South,Paid Social,0.35531594566614866
CUST00903,2024-04-29,Northeast,Email,0.4060866978055247
CUST02874,2024-04-29,South,Referral,0.6495690389808719
CUST02703,2024-04-30,Midwest,Organic Search,0.7426667965885236
CUST02394,2024-04-30,South,Referral,0.38327019962528375
CUST03444,2024-04-30,South,Organic Search,0.6721572939698465
CUST03869,2024-04-30,Northeast,Organic Search,0.7096913111128808
CUST01257,2024-05-01,Northeast,Paid Social,0.40866820372152207
CUST03622,2024-05-01,Midwest,Referral,0.4695909838878305
CUST03471,2024-05-01,South,Email,0.2194870352363552
CUST03413,2024-05-01,Midwest,Organic Search,0.3906989995391943
CUST02299,2024-05-01,South,Organic Search,0.38895798059968323
CUST01839,2024-05-01,South,Referral,0.28373870872075224
CUST00363,2024-05-01,Midwest,Paid Social,0.483422092728396
CUST03029,2024-05-02,South,Organic Search,0.20825387493944253
CUST03882,2024-05-02,Northeast,Organic Search,0.7760185389759247
CUST02241,2024-05-02,South,Organic Search,0.7299623207730715
CUST03181,2024-05-02,South,Paid Social,0.5946263305985511
CUST02747,2024-05-02,Midwest,Email,0.6623528893655498
CUST03741,2024-05-02,South,Paid Social,0.6453462154649012
CUST03714,2024-05-02,South,Referral,0.5640891529569676
CUST03314,2024-05-02,South,Email,0.5514085705921348
CUST03152,2024-05-02,Northeast,Paid Social,0.3686313555724806
CUST03850,2024-05-02,South,Organic Search,0.40759470137230225
CUST00078,2024-05-03,Northeast,Paid Social,0.7632879895708391
CUST00976,2024-05-03,West,Organic Search,0.43262381532096833
CUST03197,2024-05-03,Midwest,Email,0.3488577081637265
CUST02914,2024-05-03,West,Paid Social,0.5832303114548393
CUST02315,2024-05-03,Northeast,Organic Search,0.2495423522206381
CUST03336,2024-05-04,South,Direct,0.6095074889759681
CUST01512,2024-05-04,South,Paid Social,0.4488315085700883
CUST03811,2024-05-04,South,Organic Search,0.317102145972914
CUST00032,2024-05-04,South,Paid Social,0.49785108591826105
CUST02968,2024-05-04,Midwest,Organic Search,0.889992459741231
CUST00567,2024-05-04,Northeast,Email,0.38540570689212517
CUST03782,2024-05-04,West,Paid Social,0.4071593643363405
CUST02936,2024-05-04,Northeast,Direct,0.3343479208811685
CUST01503,2024-05-05,Northeast,Organic Search,0.6793655147798565
CUST00412,2024-05-05,West,Referral,0.40004293175127914
CUST01479,2024-05-05,West,Paid Social,0.25338979197817396
CUST01545,2024-05-05,Midwest,Paid Social,0.5352575517799619
CUST03702,2024-05-05,Northeast,Organic Search,0.5254911009678145
CUST00326,2024-05-05,West,Organic Search,0.6554093192973763
CUST03484,2024-05-05,Midwest,Email,0.363869657172079
CUST01656,2024-05-06,Northeast,Referral,0.5530672330710309
CUST03089,2024-05-06,West,Paid Social,0.41141090393803076
CUST00626,2024-05-06,Midwest,Direct,0.6074085066721371
CUST01291,2024-05-07,Midwest,Paid Social,0.5859763146322966
CUST00486,2024-05-07,Midwest,Direct,0.6148973878290233
CUST01817,2024-05-07,Midwest,Paid Social,0.6278244715306753
CUST00148,2024-05-07,West,Paid Social,0.17080326113326344
CUST01877,2024-05-07,Northeast,Email,0.5972090136535643
CUST01112,2024-05-07,Northeast,Email,0.40574112419392006
CUST03911,2024-05-07,West,Organic Search,0.4668972542060327
CUST02175,2024-05-07,South,Organic Search,0.48057088099935774
CUST00719,2024-05-08,Northeast,Email,0.7250535492375302
CUST02293,2024-05-08,Northeast,Paid Social,0.27030600512499825
CUST03110,2024-05-08,West,Paid Social,0.8263440872217518
CUST02209,2024-05-08,Midwest,Email,0.6507561637469994
CUST00637,2024-05-08,Midwest,Organic Search,0.4250739409844899
CUST01386,2024-05-08,South,Referral,0.17918159966228742
CUST03435,2024-05-08,South,Referral,0.43089975546752946
CUST03210,2024-05-08,Northeast,Referral,0.31825133546275547
CUST01288,2024-05-08,Midwest,Organic Search,0.526122879515861
CUST00327,2024-05-09,Northeast,Direct,0.5157604480944883
CUST03628,2024-05-09,South,Paid Social,0.0534469322846064
CUST03293,2024-05-09,West,Referral,0.6363171738078854
CUST01308,2024-05-09,Northeast,Referral,0.98
CUST03255,2024-05-09,South,Direct,0.957594874946939
CUST02882,2024-05-09,South,Direct,0.4898648084867485
CUST01609,2024-05-09,Northeast,Paid Social,0.682942342763653
CUST00566,2024-05-09,Midwest,Email,0.527972116151887
CUST00510,2024-05-09,South,Email,0.02
CUST01047,2024-05-10,Midwest,Paid Social,0.2891819619740529
CUST01265,2024-05-10,Midwest,Email,0.98
CUST02641,2024-05-10,Northeast,Organic Search,0.4635298284950718
CUST00593,2024-05-10,South,Paid Social,0.33972144815216887
CUST03372,2024-05-10,West,Organic Search,0.24710973034341444
CUST00189,2024-05-10,Northeast,Email,0.98
CUST00854,2024-05-10,Midwest,Paid Social,0.7172473809665678
CUST00097,2024-05-10,Northeast,Organic Search,0.5234731502192626
CUST01402,2024-05-11,West,Organic Search,0.7184114050252614
CUST02667,2024-05-11,West,Paid Social,0.3643971082959038
CUST03073,2024-05-11,Midwest,Email,0.5981319190827983
CUST00384,2024-05-11,Northeast,Referral,0.6520544845326849
CUST02182,2024-05-11,Northeast,Referral,0.3367480377885944
CUST03084,2024-05-11,Northeast,Organic Search,0.5245849235614641
CUST03094,2024-05-11,Midwest,Organic Search,0.07438950614039164
CUST03745,2024-05-11,South,Direct,0.5125443832124775
CUST03968,2024-05-11,Midwest,Email,0.25018924955991784
CUST00832,2024-05-11,Midwest,Email,0.7183781057789325
CUST02967,2024-05-11,Midwest,Paid Social,0.1877195554174873
CUST01542,2024-05-11,South,Paid Social,0.5912385274828615
CUST03275,2024-05-12,Midwest,Email,0.36449705204591404
CUST01251,2024-05-12,West,Paid Social,0.7343617361430058
CUST01506,2024-05-12,South,Referral,0.47579047146753783
CUST01124,2024-05-13,Midwest,Direct,0.5281051293707149
CUST02487,2024-05-13,South,Direct,0.4857114512011332
CUST02253,2024-05-13,Northeast,Referral,0.49611984286003497
CUST02687,2024-05-13,Midwest,Referral,0.3046084333728424
CUST01811,2024-05-13,South,Organic Search,0.499135054931355
CUST00857,2024-05-13,South,Organic Search,0.8268567687343785
CUST01709,2024-05-13,Midwest,Paid Social,0.5561229753903467
CUST01892,2024-05-13,South,Direct,0.2933738833083819
CUST01906,2024-05-13,South,Organic Search,0.4726692231781713
CUST00315,2024-05-13,Midwest,Email,0.5262831996391428
CUST01786,2024-05-13,West,Direct,0.3700684899183727
CUST01107,2024-05-13,Midwest,Email,0.42810406209687224
CUST02162,2024-05-13,Midwest,Paid Social,0.6371794719686806
CUST02751,2024-05-13,Northeast,Referral,0.6434000869431198
CUST01013,2024-05-14,South,Organic Search,0.6001083858759675
CUST01454,2024-05-14,Northeast,Email,0.24253956030393797
CUST00119,2024-05-14,Northeast,Direct,0.7869786148900498
CUST03278,2024-05-14,South,Organic Search,0.7985409214551948
CUST03482,2024-05-14,Northeast,Paid Social,0.6817741766568932
CUST03386,2024-05-14,South,Paid Social,0.6609498660341133
CUST03878,2024-05-14,Northeast,Direct,0.464032142619718
CUST00989,2024-05-14,Northeast,Organic Search,0.7177926054769974
CUST03570,2024-05-14,West,Email,0.626386082077918
CUST01515,2024-05-14,West,Referral,0.30425712611608446
CUST00831,2024-05-14,Northeast,Paid Social,0.620344274521127
CUST02100,2024-05-14,West,Direct,0.549431420815541
CUST03333,2024-05-15,Northeast,Paid Social,0.07296088038264825
CUST00925,2024-05-15,Northeast,Paid Social,0.8034530364114081
CUST01563,2024-05-15,West,Organic Search,0.1787456202108832
CUST03863,2024-05-15,South,Organic Search,0.7281802236817226
CUST03061,2024-05-15,Northeast,Direct,0.6103882035514746
CUST00508,2024-05-15,West,Organic Search,0.856696974037372
CUST03595,2024-05-15,South,Paid Social,0.5348009978081915
CUST01904,2024-05-15,South,Email,0.8621423325836752
CUST01413,2024-05-16,South,Organic Search,0.32548079395726726
CUST03718,2024-05-16,West,Organic Search,0.31976286987805924
CUST03703,2024-05-16,Northeast,Direct,0.4118066216513396
CUST03431,2024-05-16,Midwest,Paid Social,0.3077443155390676
CUST00568,2024-05-16,Northeast,Paid Social,0.35839294340830136
CUST00483,2024-05-16,Northeast,Direct,0.42859347012936805
CUST02237,2024-05-16,Midwest,Direct,0.34844388653700764
CUST00617,2024-05-16,Northeast,Paid Social,0.36516019636040314
CUST01818,2024-05-17,Midwest,Email,0.1526715775133516
CUST02399,2024-05-17,Northeast,Direct,0.5470624452697986
CUST03222,2024-05-18,South,Paid Social,0.5653819251230646
CUST01852,2024-05-18,Midwest,Direct,0.5162739887907472
CUST00696,2024-05-18,Northeast,Organic Search,0.98
CUST01942,2024-05-18,Northeast,Paid Social,0.4828820386778389
CUST01660,2024-05-18,Northeast,Paid Social,0.3972219742118081
CUST01562,2024-05-18,South,Organic Search,0.644853867743549
CUST00919,2024-05-18,Northeast,Organic Search,0.4075864908562733
CUST03391,2024-05-18,South,Email,0.7496777151996142
CUST02126,2024-05-19,Northeast,Paid Social,0.3304196388450393
CUST03319,2024-05-19,Midwest,Referral,0.6626745378946651
CUST01425,2024-05-19,Northeast,Referral,0.7406516446033578
CUST03306,2024-05-19,South,Paid Social,0.3818480486708072
CUST00346,2024-05-19,Northeast,Email,0.32602593548784087
CUST03793,2024-05-19,Northeast,Organic Search,0.541016015908827
CUST01307,2024-05-19,Northeast,Organic Search,0.02
CUST03974,2024-05-20,West,Paid Social,0.538004986536321
CUST02346,2024-05-20,West,Paid Social,0.5567801186259842
CUST02608,2024-05-20,Northeast,Referral,0.6895423513183736
CUST02188,2024-05-20,Northeast,Paid Social,0.5325924242649972
CUST00933,2024-05-20,South,Email,0.30815981996478503
CUST03468,2024-05-20,Northeast,Email,0.5588487114535314
CUST01179,2024-05-21,Northeast,Direct,0.4877065177623426
CUST02421,2024-05-21,Midwest,Organic Search,0.2448472090499066
CUST02079,2024-05-21,Northeast,Direct,0.21123676355391574
CUST01804,2024-05-21,Northeast,Paid Social,0.30261615845098033
CUST02895,2024-05-22,South,Paid Social,0.8088276002413294
CUST01502,2024-05-22,South,Referral,0.6347333875577472
CUST02418,2024-05-22,Northeast,Direct,0.5598931047707996
CUST00211,2024-05-22,West,Organic Search,0.2921448741536871
CUST03566,2024-05-22,Northeast,Paid Social,0.8455918915908223
CUST03515,2024-05-23,Northeast,Organic Search,0.5888795724958846
CUST01297,2024-05-23,South,Email,0.5815578011915811
CUST00380,2024-05-23,South,Paid Social,0.5364379401767081
CUST00209,2024-05-23,Northeast,Organic Search,0.3657818214564782
CUST03720,2024-05-23,Northeast,Organic Search,0.5653876825192552
CUST01621,2024-05-24,South,Organic Search,0.4139430556370112
CUST01882,2024-05-24,West,Organic Search,0.25078106602363887
CUST03200,2024-05-24,South,Paid Social,0.582909671395006
CUST02492,2024-05-24,West,Direct,0.6067552547717014
CUST01459,2024-05-24,Northeast,Organic Search,0.4589787989600014
CUST01701,2024-05-24,West,Organic Search,0.3161838876712293
CUST03216,2024-05-24,Midwest,Referral,0.5117440984489067
CUST00292,2024-05-25,South,Direct,0.568720452471942
CUST00206,2024-05-25,South,Email,0.47035878272143034
CUST01429,2024-05-25,West,Email,0.38092551430701727
CUST01261,2024-05-25,Northeast,Direct,0.7956569178768983
CUST00618,2024-05-25,West,Direct,0.17192759188804402
CUST03302,2024-05-25,South,Paid Social,0.40561431284164917
CUST00509,2024-05-26,South,Email,0.35225617262911024
CUST02301,2024-05-26,Midwest,Referral,0.9287883876472263
CUST03754,2024-05-26,South,Organic Search,0.49514871609135613
CUST02333,2024-05-26,Northeast,Organic Search,0.49240087938246674
CUST01673,2024-05-26,Midwest,Direct,0.041539725074963285
CUST03168,2024-05-26,South,Organic Search,0.6145217124346481
CUST01011,2024-05-26,Midwest,Organic Search,0.45879526307681107
CUST01123,2024-05-26,Midwest,Direct,0.4793492739078162
CUST00744,2024-05-27,South,Organic Search,0.5998401318277139
CUST00779,2024-05-27,Northeast,Paid Social,0.64605139232337
CUST00890,2024-05-27,Northeast,Email,0.6005378268114555
CUST02658,2024-05-27,Northeast,Paid Social,0.2881024143284129
CUST02238,2024-05-27,West,Paid Social,0.20949765659861602
CUST02577,2024-05-27,West,Organic Search,0.6816535379979931
CUST02430,2024-05-27,Northeast,Email,0.517070443523669
CUST00216,2024-05-28,Northeast,Organic Search,0.690902969320567
CUST03100,2024-05-28,West,Direct,0.490048395672779
CUST03032,2024-05-28,West,Direct,0.7956346888846619
CUST00505,2024-05-29,Midwest,Referral,0.7261948855612541
CUST03304,2024-05-29,Midwest,Email,0.3788678899146844
CUST03060,2024-05-29,Northeast,Direct,0.8292420400916747
CUST01640,2024-05-29,South,Paid Social,0.711541740772923
CUST03796,2024-05-30,South,Email,0.4752705403642024
CUST00281,2024-05-30,Midwest,Referral,0.6040224464845593
CUST03307,2024-05-30,West,Direct,0.7795715957155073
CUST01322,2024-05-30,Midwest,Organic Search,0.4178880172331196
CUST03212,2024-05-30,Northeast,Paid Social,0.5400311510177052
CUST00143,2024-05-30,South,Organic Search,0.3604590858724509
CUST01491,2024-05-30,South,Direct,0.744732964070395
CUST02106,2024-05-30,Northeast,Organic Search,0.674787650837201
CUST02045,2024-05-31,Midwest,Direct,0.98
CUST00111,2024-05-31,South,Organic Search,0.801615436908819
CUST01794,2024-05-31,Northeast,Paid Social,0.4518520917692599
CUST00039,2024-05-31,South,Organic Search,0.6789855382898498
CUST01192,2024-05-31,Northeast,Organic Search,0.02
CUST00950,2024-05-31,West,Direct,0.3143850743728436
CUST02955,2024-05-31,Northeast,Paid Social,0.6377615769098941
CUST03083,2024-05-31,Midwest,Organic Search,0.7068858772454079
CUST00413,2024-06-01,Midwest,Paid Social,0.47952805320204883
CUST02849,2024-06-01,Northeast,Referral,0.36083589046748776
CUST02311,2024-06-02,South,Direct,0.8248054862694718
CUST02111,2024-06-02,Midwest,Organic Search,0.5082461930517755
CUST01999,2024-06-02,Midwest,Organic Search,0.6266276796365688
CUST02109,2024-06-02,West,Email,0.21572445134500107
CUST01551,2024-06-02,West,Direct,0.9750236292549863
CUST02000,2024-06-02,Northeast,Direct,0.34298942723978426
CUST00152,2024-06-02,Northeast,Referral,0.8769019392029893
CUST00314,2024-06-02,Northeast,Organic Search,0.8584783756807786
CUST00399,2024-06-02,Northeast,Paid Social,0.45734408086404577
CUST01028,2024-06-02,West,Organic Search,0.4236921367099757
CUST01917,2024-06-03,South,Direct,0.3836701311935536
CUST02871,2024-06-03,Midwest,Paid Social,0.4169511061882425
CUST02979,2024-06-03,West,Referral,0.521565829488171
CUST02787,2024-06-03,Midwest,Email,0.724519636950914
CUST00573,2024-06-03,South,Email,0.40394499427511593
CUST01410,2024-06-03,Northeast,Organic Search,0.7842475531843067
CUST03039,2024-06-03,West,Paid Social,0.7652369926859157
CUST02110,2024-06-03,South,Email,0.4356878866737574
CUST00814,2024-06-04,Northeast,Organic Search,0.3887171705241796
CUST03994,2024-06-04,West,Organic Search,0.44640763844900144
CUST03420,2024-06-04,Midwest,Direct,0.43107605878848404
CUST02706,2024-06-04,Midwest,Paid Social,0.5592394004066024
CUST01382,2024-06-04,West,Paid Social,0.31826331177792955
CUST00299,2024-06-04,Northeast,Organic Search,0.30241990926603823
CUST01209,2024-06-04,Northeast,Organic Search,0.5105868148107083
CUST00534,2024-06-04,Northeast,Organic Search,0.22879055825307587
CUST03599,2024-06-04,South,Referral,0.5192982965115664
CUST01993,2024-06-05,Northeast,Organic Search,0.3405414634151212
CUST02812,2024-06-05,South,Direct,0.4606744603254881
CUST02219,2024-06-05,West,Paid Social,0.24142595419785018
CUST02193,2024-06-05,South,Organic Search,0.22433965278938361
CUST03716,2024-06-05,Northeast,Paid Social,0.7588320647834306
CUST00450,2024-06-05,South,Referral,0.5920334041390957
CUST03368,2024-06-06,South,Direct,0.2111950860240533
CUST00855,2024-06-06,South,Organic Search,0.6868628959468608
CUST02807,2024-06-06,Midwest,Organic Search,0.5819685956532537
CUST00841,2024-06-06,South,Referral,0.4779966418488411
CUST01230,2024-06-06,Midwest,Direct,0.45330326442546753
CUST02398,2024-06-06,South,Referral,0.5017624783013716
CUST00660,2024-06-06,Northeast,Paid Social,0.6241594878294797
CUST00096,2024-06-06,Midwest,Paid Social,0.6274304830620974
CUST02186,2024-06-06,West,Direct,0.6131623144173654
CUST02419,2024-06-06,Northeast,Paid Social,0.29562746163491255
CUST00481,2024-06-06,South,Referral,0.634353443317493
CUST01483,2024-06-07,West,Paid Social,0.7304584983499822
CUST01561,2024-06-07,South,Direct,0.3683421218747791
CUST00342,2024-06-07,Northeast,Direct,0.9608075367752706
CUST02541,2024-06-07,Northeast,Organic Search,0.5278944671700079
CUST00495,2024-06-07,West,Direct,0.21421236661076648
CUST03389,2024-06-07,Midwest,Organic Search,0.40250557703968703
CUST03525,2024-06-07,Midwest,Organic Search,0.7159137569800484
CUST03596,2024-06-07,South,Paid Social,0.2938885192153703
CUST02229,2024-06-07,South,Direct,0.6674953625811626
CUST02197,2024-06-07,Northeast,Email,0.567259842801812
CUST03699,2024-06-07,West,Organic Search,0.5260119109439673
CUST02041,2024-06-07,Midwest,Organic Search,0.5006831768017025
CUST03294,2024-06-07,South,Organic Search,0.4587601955684788
CUST02583,2024-06-08,West,Paid Social,0.44556222011374325
CUST01114,2024-06-08,South,Paid Social,0.6428730633548049
CUST03042,2024-06-08,Northeast,Organic Search,0.4370367899685049
CUST01451,2024-06-09,South,Organic Search,0.35453583746428863
CUST00271,2024-06-09,South,Paid Social,0.5187321695289708
CUST03437,2024-06-09,West,Organic Search,0.7065212692103757
CUST00154,2024-06-09,South,Organic Search,0.3119778197930574
CUST01646,2024-06-09,South,Organic Search,0.2710254548732308
CUST01820,2024-06-09,West,Paid Social,0.7778690241610109
CUST01581,2024-06-10,South,Organic Search,0.45771248094438033
CUST02255,2024-06-10,West,Email,0.7133645860375037
CUST03592,2024-06-10,South,Organic Search,0.9443984578369055
CUST01907,2024-06-10,West,Email,0.49009715765351936
CUST03178,2024-06-10,Northeast,Paid Social,0.7323658041141348
CUST00419,2024-06-10,Northeast,Direct,0.25984502681538646
CUST00796,2024-06-10,South,Paid Social,0.033796060762361246
CUST01862,2024-06-10,Northeast,Organic Search,0.36588146961753276
CUST01338,2024-06-10,West,Paid Social,0.62461714670317
CUST03475,2024-06-11,South,Paid Social,0.5026856830864102
CUST01239,2024-06-11,Midwest,Paid Social,0.4088185159650685
CUST02273,2024-06-11,West,Direct,0.6144240303162607
CUST00638,2024-06-11,Northeast,Referral,0.7619367573333388
CUST01400,2024-06-12,South,Referral,0.5111940507157513
CUST00353,2024-06-12,Northeast,Referral,0.42665896357098454
CUST03844,2024-06-12,South,Email,0.17774789240093308
CUST02833,2024-06-12,South,Organic Search,0.21211049265987358
CUST00263,2024-06-12,Midwest,Organic Search,0.6199033980131524
CUST00971,2024-06-12,Midwest,Referral,0.2605054804739241
CUST03205,2024-06-12,Northeast,Organic Search,0.03694406462205224
CUST01316,2024-06-12,Northeast,Organic Search,0.5560465562946393
CUST01403,2024-06-12,South,Paid Social,0.38658020539944193
CUST00190,2024-06-13,West,Email,0.3435347938451432
CUST00802,2024-06-13,South,Email,0.7113863562497588
CUST01367,2024-06-13,South,Organic Search,0.8329885702345359
CUST01601,2024-06-13,Midwest,Direct,0.26192677275248
CUST03430,2024-06-13,South,Direct,0.6175346441204705
CUST01823,2024-06-13,South,Organic Search,0.7073886820501902
CUST02776,2024-06-13,Northeast,Organic Search,0.8356540302986741
CUST01476,2024-06-13,Midwest,Paid Social,0.407795209667577
CUST00442,2024-06-13,Northeast,Direct,0.2543653910898933
CUST00307,2024-06-13,South,Email,0.02
CUST02997,2024-06-13,Northeast,Direct,0.5662864208073098
CUST00928,2024-06-13,South,Direct,0.606217191627735
CUST02467,2024-06-13,Northeast,Paid Social,0.4014820085422844
CUST00136,2024-06-14,South,Organic Search,0.48059686849055083
CUST03742,2024-06-14,South,Paid Social,0.3835701987284653
CUST02708,2024-06-14,Midwest,Organic Search,0.30902307773850257
CUST03899,2024-06-14,South,Email,0.11504472921382103
CUST03106,2024-06-14,Midwest,Referral,0.2702663268189968
CUST02021,2024-06-14,Northeast,Organic Search,0.32696045103346816
CUST02052,2024-06-14,South,Referral,0.4052889357383237
CUST00952,2024-06-15,South,Direct,0.658301634389304
CUST02595,2024-06-15,Northeast,Organic Search,0.6293051491718981
CUST03342,2024-06-15,Northeast,Organic Search,0.3261825281045173
CUST02187,2024-06-15,Northeast,Paid Social,0.20244201393832967
CUST01838,2024-06-15,Northeast,Referral,0.39915798093992977
CUST02089,2024-06-15,Northeast,Paid Social,0.5234458663337448
CUST01155,2024-06-15,Northeast,Direct,0.30274096908551296
CUST03584,2024-06-16,South,Direct,0.2705126168496558
CUST01186,2024-06-16,Northeast,Paid Social,0.37178092345183045
CUST01105,2024-06-16,South,Organic Search,0.6677587396735657
CUST03549,2024-06-16,South,Paid Social,0.48063974703797135
CUST00226,2024-06-16,Northeast,Organic Search,0.37458081325811915
CUST01391,2024-06-16,Northeast,Organic Search,0.6864348754481767
CUST03062,2024-06-17,Northeast,Direct,0.12590857018754237
CUST01779,2024-06-17,South,Organic Search,0.6472030886286589
CUST03697,2024-06-17,Northeast,Paid Social,0.6407120965237242
CUST02355,2024-06-17,West,Paid Social,0.6059023518173404
CUST03373,2024-06-17,Northeast,Email,0.858159217722209
CUST02309,2024-06-17,West,Paid Social,0.5375845187830304
CUST00239,2024-06-17,Midwest,Direct,0.18481532836261633
CUST02127,2024-06-17,South,Paid Social,0.44770307735251547
CUST02781,2024-06-18,Midwest,Email,0.3874504337366036
CUST00526,2024-06-18,Northeast,Direct,0.5350411712808945
CUST00333,2024-06-18,West,Paid Social,0.29473988998084844
CUST02808,2024-06-18,South,Referral,0.8157423542611999
CUST01060,2024-06-18,Northeast,Paid Social,0.7679759572888352
CUST03503,2024-06-18,Northeast,Email,0.376216170494993
CUST00400,2024-06-18,South,Direct,0.50785736431411
CUST03987,2024-06-18,Northeast,Direct,0.02
CUST00749,2024-06-19,South,Paid Social,0.5596079429733837
CUST01462,2024-06-19,South,Email,0.331815886627954
CUST03942,2024-06-19,South,Organic Search,0.23368472859126382
CUST01821,2024-06-19,South,Email,0.98
CUST00088,2024-06-19,Midwest,Organic Search,0.169186766947862
CUST00748,2024-06-20,Northeast,Paid Social,0.5139710980224304
CUST03098,2024-06-20,South,Paid Social,0.880692059964229
CUST01014,2024-06-20,South,Referral,0.7862266030058497
CUST00447,2024-06-20,Northeast,Email,0.40374778390615684
CUST03164,2024-06-20,Midwest,Email,0.4941655314002434
CUST01034,2024-06-20,Northeast,Organic Search,0.3964308197714929
CUST02434,2024-06-20,Midwest,Email,0.8597995553689497
CUST02867,2024-06-21,Midwest,Organic Search,0.41335444561594853
CUST02167,2024-06-21,Northeast,Email,0.14978333349105538
CUST00988,2024-06-21,South,Organic Search,0.6363011971638243
CUST00309,2024-06-21,South,Paid Social,0.8054772058311497
CUST00368,2024-06-21,Midwest,Organic Search,0.29886431657023
CUST00799,2024-06-21,South,Paid Social,0.8485080606684812
CUST03790,2024-06-21,Midwest,Direct,0.10600229122047694
CUST01177,2024-06-21,West,Organic Search,0.6993743140452642
CUST00968,2024-06-22,Midwest,Organic Search,0.5299806594781221
CUST00338,2024-06-22,Midwest,Paid Social,0.5323341848114462
CUST01586,2024-06-22,West,Paid Social,0.2690638672990139
CUST01576,2024-06-22,Midwest,Direct,0.5741281794540409
CUST00554,2024-06-22,West,Organic Search,0.6663116044967637
CUST01604,2024-06-22,Northeast,Email,0.2372150599525174
CUST02272,2024-06-22,Midwest,Organic Search,0.3872995441710303
CUST01439,2024-06-23,Northeast,Organic Search,0.6519882830761695
CUST02271,2024-06-23,West,Paid Social,0.5513137006962382
CUST02016,2024-06-23,South,Organic Search,0.4076818001708127
CUST03447,2024-06-23,West,Paid Social,0.7085432227865373
CUST00403,2024-06-23,South,Organic Search,0.4880744735219172
CUST00525,2024-06-23,West,Paid Social,0.4476922977248514
CUST01435,2024-06-23,Northeast,Organic Search,0.26924325189589376
CUST01756,2024-06-23,Midwest,Direct,0.7169969070167918
CUST02484,2024-06-23,Northeast,Paid Social,0.6645080500323391
CUST01527,2024-06-23,Northeast,Referral,0.5451146994457147
CUST02130,2024-06-23,West,Paid Social,0.7207373341902985
CUST02152,2024-06-24,South,Paid Social,0.5116172813183542
CUST00595,2024-06-24,Midwest,Direct,0.52914428550513
CUST01950,2024-06-24,Midwest,Direct,0.11665567859867415
CUST02292,2024-06-24,Northeast,Direct,0.6104378970869304
CUST02928,2024-06-24,Midwest,Direct,0.3486175551391014
CUST00321,2024-06-24,Northeast,Organic Search,0.31514686358569155
CUST00167,2024-06-24,West,Email,0.5361873153327542
CUST02588,2024-06-24,West,Paid Social,0.5310296256452862
CUST03756,2024-06-24,South,Paid Social,0.4087564295773578
CUST02552,2024-06-24,South,Email,0.4274325598733025
CUST01504,2024-06-25,South,Paid Social,0.3645276328587614
CUST00607,2024-06-25,South,Direct,0.6266041896573912
CUST02526,2024-06-25,South,Direct,0.5240911236822584
CUST01404,2024-06-25,West,Paid Social,0.5653703495614648
CUST03735,2024-06-25,Northeast,Organic Search,0.5327285694756174
CUST02283,2024-06-25,South,Paid Social,0.5215157619133536
CUST01388,2024-06-26,West,Organic Search,0.25936793882785025
CUST00066,2024-06-26,West,Direct,0.4139364075055561
CUST02083,2024-06-26,South,Organic Search,0.3640952340343459
CUST01249,2024-06-26,West,Referral,0.4649792557208701
CUST03859,2024-06-26,South,Paid Social,0.4536518226708741
CUST02921,2024-06-26,Midwest,Paid Social,0.33614357877993695
CUST02307,2024-06-26,South,Email,0.9553079386885545
CUST03694,2024-06-27,West,Organic Search,0.8172111064192803
CUST00632,2024-06-27,South,Organic Search,0.1859201857278629
CUST02092,2024-06-27,South,Organic Search,0.16138020194292135
CUST02347,2024-06-27,South,Email,0.3455566588446153
CUST02537,2024-06-27,South,Organic Search,0.8388397949161597
CUST03607,2024-06-27,Northeast,Paid Social,0.11668842425964598
CUST03043,2024-06-28,Midwest,Paid Social,0.6498246343873162
CUST01095,2024-06-28,Midwest,Email,0.7378649297106796
CUST00646,2024-06-28,West,Organic Search,0.4735379874131133
CUST02151,2024-06-28,Northeast,Paid Social,0.5021633038845069
CUST02576,2024-06-28,Northeast,Paid Social,0.11441138440828724
CUST01915,2024-06-28,Midwest,Direct,0.5124572416981225
CUST01514,2024-06-29,West,Email,0.47419557587723776
CUST03772,2024-06-29,West,Referral,0.5289575775208483
CUST01145,2024-06-29,West,Direct,0.6135778308223225
CUST02069,2024-06-29,West,Organic Search,0.5384341829323606
CUST00254,2024-06-29,South,Paid Social,0.49826032599823317
CUST03574,2024-06-29,West,Referral,0.5765141376181503
CUST03623,2024-06-29,South,Direct,0.6033833581528161
CUST02650,2024-06-29,Midwest,Email,0.4922791808246214
CUST00077,2024-06-29,West,Email,0.6494246476459551
CUST00294,2024-06-30,Midwest,Direct,0.05784811560358838
CUST03522,2024-06-30,Northeast,Email,0.08206331781561249
CUST01494,2024-06-30,South,Organic Search,0.5451514686169505
CUST01905,2024-06-30,Midwest,Direct,0.7814996747896656
CUST01777,2024-06-30,South,Organic Search,0.5658083575621852
CUST00487,2024-07-01,South,Organic Search,0.5761553869288808
CUST03659,2024-07-01,Northeast,Direct,0.43951643603087565
CUST03770,2024-07-01,South,Organic Search,0.41511194653046546
CUST00169,2024-07-01,Midwest,Paid Social,0.6573199469320908
CUST02160,2024-07-01,Northeast,Paid Social,0.41552137815845347
CUST00738,2024-07-01,South,Email,0.5372034244869506
CUST01030,2024-07-01,Midwest,Direct,0.29311763926172407
CUST01069,2024-07-01,South,Paid Social,0.6580022197223664
CUST01511,2024-07-01,West,Email,0.7670765395400252
CUST03996,2024-07-01,Midwest,Paid Social,0.6557888383545653
CUST03434,2024-07-02,Midwest,Paid Social,0.423033336499137
CUST02204,2024-07-02,South,Email,0.5849770391802964
CUST02637,2024-07-02,Midwest,Organic Search,0.4804347135927804
CUST00371,2024-07-02,Midwest,Direct,0.5496239118356593
CUST03395,2024-07-02,Midwest,Referral,0.5411748213165211
CUST00627,2024-07-03,South,Email,0.39855358436308824
CUST03251,2024-07-03,Midwest,Organic Search,0.513311398087244
CUST01771,2024-07-03,West,Organic Search,0.7975567194330689
CUST02367,2024-07-03,Midwest,Organic Search,0.3418970586947425
CUST02323,2024-07-03,South,Organic Search,0.514525170693845
CUST01142,2024-07-03,Northeast,Referral,0.42527751159730526
CUST03827,2024-07-03,South,Direct,0.522716996483616
CUST03597,2024-07-04,West,Organic Search,0.5190504794894921
CUST01900,2024-07-04,Northeast,Organic Search,0.7147939082875475
CUST03487,2024-07-04,West,Email,0.28992369172024746
CUST01782,2024-07-04,West,Organic Search,0.7917233694594035
CUST00199,2024-07-04,Northeast,Paid Social,0.4487342668615004
CUST03085,2024-07-04,West,Organic Search,0.6015266849013383
CUST03986,2024-07-04,Midwest,Direct,0.7403926642307751
CUST02461,2024-07-04,Midwest,Direct,0.3495803295336064
CUST01176,2024-07-04,Northeast,Organic Search,0.21703356847525668
CUST01160,2024-07-04,Midwest,Organic Search,0.5075743259179956
CUST01974,2024-07-05,Northeast,Organic Search,0.5287974718623144
CUST01330,2024-07-05,Northeast,Paid Social,0.8678784444389609
CUST01978,2024-07-05,Northeast,Direct,0.19125049591074073
CUST03729,2024-07-05,West,Email,0.4252689443226533
CUST03213,2024-07-05,West,Organic Search,0.4312735380815308
CUST02491,2024-07-05,South,Organic Search,0.42585907942251555
CUST02327,2024-07-05,Northeast,Email,0.7781092507378695
CUST02074,2024-07-05,Northeast,Paid Social,0.3360773680280571
CUST00991,2024-07-06,South,Organic Search,0.5152094235109416
CUST01647,2024-07-06,Midwest,Organic Search,0.6999858942637375
CUST02740,2024-07-06,South,Email,0.44658422198033476
CUST02485,2024-07-06,West,Referral,0.5703251998046699
CUST00197,2024-07-06,Northeast,Referral,0.4518583908374548
CUST01793,2024-07-06,Northeast,Organic Search,0.6706352316568029
CUST03091,2024-07-06,Midwest,Email,0.49004917048103347
CUST01372,2024-07-06,Northeast,Direct,0.4264553425048801
CUST02030,2024-07-06,West,Email,0.4388706234307264
CUST01357,2024-07-06,South,Referral,0.5784560659158201
CUST01711,2024-07-06,West,Paid Social,0.98
CUST03558,2024-07-07,Midwest,Email,0.6344683697643247
CUST02590,2024-07-07,West,Email,0.5998965054577997
CUST03174,2024-07-07,Northeast,Organic Search,0.4825558629005615
CUST01407,2024-07-08,South,Direct,0.35031713166512324
CUST01592,2024-07-08,Midwest,Direct,0.37697729821493287
CUST00268,2024-07-08,South,Direct,0.28988940078569525
CUST01383,2024-07-08,West,Direct,0.7148247020468211
CUST01236,2024-07-08,Northeast,Referral,0.5433857370833971
CUST02910,2024-07-08,Northeast,Organic Search,0.2714271054419263
CUST02998,2024-07-08,Midwest,Paid Social,0.5914878032246143
CUST00139,2024-07-08,South,Organic Search,0.7466309852632673
CUST03454,2024-07-09,Northeast,Email,0.6490774617686424
CUST03717,2024-07-09,West,Organic Search,0.6888824612954076
CUST01312,2024-07-09,West,Organic Search,0.5930805654623174
CUST03021,2024-07-09,West,Organic Search,0.39149522401513265
CUST01757,2024-07-09,Northeast,Organic Search,0.7165683994827405
CUST03510,2024-07-09,South,Organic Search,0.7137388305969397
CUST02425,2024-07-09,South,Paid Social,0.660935485626463
CUST02585,2024-07-10,South,Direct,0.5614105814091307
CUST00979,2024-07-10,South,Referral,0.23110059514856374
CUST01363,2024-07-10,South,Direct,0.19268523086204908
CUST03854,2024-07-11,Northeast,Organic Search,0.5391412255045434
CUST02282,2024-07-11,Midwest,Email,0.24476554232228026
CUST03406,2024-07-11,South,Email,0.8947622070560821
CUST01831,2024-07-12,Midwest,Direct,0.48851718901449964
CUST00044,2024-07-12,West,Direct,0.16104830007896132
CUST03407,2024-07-13,Midwest,Paid Social,0.29802291278556114
CUST02885,2024-07-13,West,Paid Social,0.6158676540841777
CUST02562,2024-07-14,Northeast,Organic Search,0.6386543689184371
CUST03054,2024-07-14,Northeast,Referral,0.6632519229174383
CUST02490,2024-07-14,South,Referral,0.877559648991084
CUST00521,2024-07-14,Northeast,Direct,0.42192855935814855
CUST01685,2024-07-14,Northeast,Organic Search,0.3004835179380346
CUST03131,2024-07-14,Midwest,Organic Search,0.46290910298553906
CUST02486,2024-07-15,Midwest,Direct,0.3252812131064816
CUST03848,2024-07-15,Northeast,Paid Social,0.23799580768420925
CUST00765,2024-07-15,Northeast,Organic Search,0.07516826649623282
CUST03711,2024-07-15,South,Direct,0.3810862112700455
CUST02759,2024-07-15,Northeast,Paid Social,0.5511209170102986
CUST01927,2024-07-15,South,Organic Search,0.3405791131736993
CUST03857,2024-07-15,South,Email,0.4933119774260912
CUST03465,2024-07-15,Northeast,Direct,0.6161702852535025
CUST01699,2024-07-15,Northeast,Organic Search,0.0907846058197127
CUST00998,2024-07-15,Northeast,Paid Social,0.5698902446568281
CUST02053,2024-07-16,South,Direct,0.46213274748439553
CUST01925,2024-07-16,Northeast,Direct,0.8714254705886213
CUST02145,2024-07-16,Midwest,Email,0.43046263296890414
CUST02827,2024-07-16,Northeast,Referral,0.07174946235376245
CUST01572,2024-07-16,Northeast,Direct,0.32409359733693066
CUST02850,2024-07-16,South,Direct,0.5386219602909652
CUST00194,2024-07-16,Northeast,Paid Social,0.6307327967229642
CUST02191,2024-07-16,Northeast,Email,0.5311650139280416
CUST02441,2024-07-16,Northeast,Referral,0.3134789239474485
CUST03086,2024-07-16,Midwest,Organic Search,0.5807258345595808
CUST02763,2024-07-17,West,Organic Search,0.5663643093553404
CUST03237,2024-07-17,Northeast,Paid Social,0.7031618884371735
CUST02893,2024-07-17,Midwest,Referral,0.5326503253076411
CUST00301,2024-07-17,West,Organic Search,0.9715398460052738
CUST00053,2024-07-17,Midwest,Direct,0.23573032293476587
CUST01773,2024-07-17,South,Organic Search,0.7018970106961837
CUST00746,2024-07-17,South,Organic Search,0.18611222118914839
CUST01052,2024-07-18,Northeast,Organic Search,0.5479348487192599
CUST00201,2024-07-18,Northeast,Paid Social,0.7074269877350572
CUST03101,2024-07-18,South,Organic Search,0.1998789766357532
CUST02201,2024-07-18,Northeast,Organic Search,0.531838027377344
CUST03115,2024-07-18,Northeast,Paid Social,0.5103646655200732
CUST01360,2024-07-18,South,Email,0.5935356754614216
CUST01138,2024-07-19,Northeast,Organic Search,0.7190827585229912
CUST00393,2024-07-19,Midwest,Organic Search,0.35640794387693464
CUST02356,2024-07-19,South,Referral,0.44506371420907637
CUST00630,2024-07-19,Northeast,Email,0.5137607251390128
CUST03677,2024-07-19,Northeast,Email,0.6830141508336178
CUST00063,2024-07-19,South,Organic Search,0.6689760052466276
CUST02056,2024-07-19,West,Email,0.44444053881634465
CUST00628,2024-07-19,Midwest,Email,0.5918917031933876
CUST02279,2024-07-20,Midwest,Direct,0.5990620083414865
CUST02767,2024-07-20,South,Referral,0.5857439345812294
CUST03108,2024-07-20,Midwest,Paid Social,0.32948163132150793
CUST03011,2024-07-20,Northeast,Paid Social,0.722600041209302
CUST01151,2024-07-20,Northeast,Paid Social,0.6930445257946205
CUST01271,2024-07-20,West,Direct,0.5004929522199414
CUST03948,2024-07-20,South,Organic Search,0.5839148842802009
CUST02587,2024-07-20,South,Organic Search,0.5370072094730611
CUST03006,2024-07-21,Midwest,Referral,0.3989465232576867
CUST00909,2024-07-21,West,Direct,0.5877957767203651
CUST01967,2024-07-21,South,Paid Social,0.98
CUST03493,2024-07-21,Northeast,Direct,0.39418465970731764
CUST00332,2024-07-21,Midwest,Direct,0.31933400164882564
CUST00022,2024-07-21,Northeast,Direct,0.5884035799416558
CUST02696,2024-07-21,South,Paid Social,0.6101728811384474
CUST03254,2024-07-21,West,Referral,0.3471686993387536
CUST01864,2024-07-21,Midwest,Paid Social,0.2117533333271962
CUST02407,2024-07-21,West,Organic Search,0.5522023025996201
CUST00068,2024-07-21,West,Organic Search,0.3695795256413785
CUST02654,2024-07-22,Northeast,Organic Search,0.5186731722619584
CUST02415,2024-07-22,Northeast,Organic Search,0.4430252333925061
CUST01268,2024-07-22,South,Email,0.5034692036067109
CUST01044,2024-07-22,Midwest,Organic Search,0.471173169846749
CUST00576,2024-07-22,South,Email,0.46385828072199775
CUST01937,2024-07-22,Midwest,Organic Search,0.18419734048595116
CUST01857,2024-07-23,West,Organic Search,0.2911621946260285
CUST00374,2024-07-23,Northeast,Referral,0.5390000134335381
CUST00498,2024-07-23,Northeast,Paid Social,0.606132985105494
CUST02680,2024-07-23,West,Email,0.5451885388178104
CUST03025,2024-07-23,South,Referral,0.48052401649257986
CUST02724,2024-07-24,South,Referral,0.5990547999170991
CUST03951,2024-07-24,Midwest,Organic Search,0.33072882703303996
CUST01748,2024-07-24,West,Email,0.3229602101992101
CUST00913,2024-07-24,South,Email,0.8972529360979056
CUST01772,2024-07-24,West,Organic Search,0.8649969832433644
CUST00770,2024-07-24,West,Paid Social,0.4193928571271912
CUST02920,2024-07-25,Midwest,Referral,0.6849768387838816
CUST02569,2024-07-25,South,Email,0.4631844238505366
CUST03964,2024-07-25,Midwest,Direct,0.06984762606148659
CUST01718,2024-07-25,West,Direct,0.2784441103832042
CUST03228,2024-07-25,Northeast,Referral,0.37805601533067246
CUST02592,2024-07-25,South,Organic Search,0.5367938533267661
CUST02544,2024-07-26,South,Direct,0.7440765380053875
CUST03737,2024-07-26,South,Organic Search,0.8367111424479596
CUST00379,2024-07-26,Northeast,Organic Search,0.98
CUST00634,2024-07-26,South,Email,0.44598806528939317
CUST01945,2024-07-26,Northeast,Email,0.5142391237478994
CUST03531,2024-07-26,Midwest,Paid Social,0.3899618849611046
CUST03063,2024-07-27,Midwest,Paid Social,0.6316678924823221
CUST01285,2024-07-27,Northeast,Direct,0.7248248969908228
CUST00188,2024-07-27,South,Organic Search,0.6272800870855858
CUST03815,2024-07-27,South,Direct,0.5487431727415624
CUST03424,2024-07-27,Northeast,Organic Search,0.49820953204555585
CUST02875,2024-07-28,South,Organic Search,0.45624674244212254
CUST02581,2024-07-28,South,Email,0.22311877367819616
CUST01593,2024-07-28,West,Direct,0.6052437295904648
CUST00758,2024-07-28,South,Direct,0.39047528282259886
CUST02405,2024-07-28,Midwest,Direct,0.30984321091956535
CUST01468,2024-07-28,Midwest,Organic Search,0.38978363843580377
CUST01017,2024-07-28,West,Paid Social,0.02
CUST01159,2024-07-28,West,Organic Search,0.4174300503595498
CUST02848,2024-07-29,South,Email,0.8245461661271298
CUST02428,2024-07-29,Northeast,Organic Search,0.6100826379382586
CUST00614,2024-07-29,South,Organic Search,0.8908981823922896
CUST01881,2024-07-29,South,Organic Search,0.42907819683652093
CUST01385,2024-07-29,Northeast,Organic Search,0.5793860656011232
CUST01761,2024-07-29,West,Paid Social,0.5218375452610725
CUST01629,2024-07-30,South,Organic Search,0.4018954993814654
CUST01066,2024-07-30,Midwest,Direct,0.02
CUST03023,2024-07-30,West,Direct,0.342580827810141
CUST02835,2024-07-30,Midwest,Paid Social,0.6597862174118476
CUST00094,2024-07-30,Northeast,Email,0.5162163368823147
CUST02779,2024-07-31,Midwest,Direct,0.2751779408694365
CUST03059,2024-07-31,South,Organic Search,0.44588377997275624
CUST02683,2024-07-31,South,Referral,0.33770350260399595
CUST02600,2024-07-31,Midwest,Paid Social,0.28169410868688394
CUST02216,2024-07-31,Northeast,Organic Search,0.42009097741659696
CUST00809,2024-08-01,Northeast,Paid Social,0.6045309621728842
CUST01173,2024-08-01,South,Referral,0.9548370060636802
CUST02852,2024-08-01,South,Organic Search,0.617592189282622
CUST02574,2024-08-01,Midwest,Paid Social,0.6591432450771709
CUST02622,2024-08-02,West,Email,0.13240507215814823
CUST00552,2024-08-02,South,Organic Search,0.4929330895412103
CUST01283,2024-08-02,Midwest,Organic Search,0.3875357856022617
CUST01352,2024-08-02,Northeast,Organic Search,0.32006401798047945
CUST02012,2024-08-02,Northeast,Referral,0.7664161451855743
CUST01921,2024-08-02,Northeast,Email,0.6143814931330874
CUST03329,2024-08-02,Midwest,Organic Search,0.2710788445902277
CUST02384,2024-08-02,Midwest,Organic Search,0.47455684182802543
CUST03405,2024-08-02,South,Referral,0.3351953816204093
CUST03092,2024-08-02,South,Paid Social,0.34797971178415055
CUST01094,2024-08-02,West,Referral,0.3633468183618952
CUST01774,2024-08-03,West,Direct,0.763861729717427
CUST01754,2024-08-03,South,Direct,0.6578588755888074
CUST01694,2024-08-03,South,Organic Search,0.5033576327483432
CUST01478,2024-08-03,West,Organic Search,0.6365535024615786
CUST03041,2024-08-03,Northeast,Organic Search,0.3059903996755957
CUST02291,2024-08-03,Northeast,Referral,0.44660715698330233
CUST03380,2024-08-03,West,Organic Search,0.37735901202013383
CUST02059,2024-08-03,Midwest,Referral,0.3991726373925393
CUST03695,2024-08-03,South,Paid Social,0.5473929328136232
CUST02342,2024-08-03,Northeast,Email,0.7560258537943219
CUST03250,2024-08-03,West,Direct,0.5165108077240637
CUST01666,2024-08-04,Midwest,Paid Social,0.4912038540458099
CUST03460,2024-08-04,Northeast,Direct,0.24428795337680054
CUST01320,2024-08-04,Midwest,Paid Social,0.7442038520759875
CUST02800,2024-08-04,South,Paid Social,0.5510806222542838
CUST02003,2024-08-05,West,Organic Search,0.7110237463196438
CUST01168,2024-08-05,Northeast,Organic Search,0.43526780100127244
CUST02546,2024-08-05,Midwest,Paid Social,0.33543310849525676
CUST02374,2024-08-05,Northeast,Paid Social,0.30135370999730804
CUST03318,2024-08-05,West,Paid Social,0.3408983645581184
CUST00440,2024-08-05,South,Email,0.471651581162472
CUST02140,2024-08-06,South,Paid Social,0.4518957651457804
CUST01956,2024-08-06,South,Email,0.5070883459412655
CUST00957,2024-08-06,Northeast,Organic Search,0.4129703837494138
CUST02134,2024-08-06,South,Direct,0.9652384272628556
CUST02225,2024-08-06,Northeast,Organic Search,0.41648780537779334
CUST03733,2024-08-07,South,Direct,0.7045976382154671
CUST01847,2024-08-07,South,Paid Social,0.5211043868005769
CUST03691,2024-08-07,South,Paid Social,0.2955946272704062
CUST03188,2024-08-07,South,Email,0.7263489621211991
CUST02163,2024-08-07,West,Organic Search,0.36275060639610995
CUST01302,2024-08-07,Midwest,Email,0.569107324999149
CUST02073,2024-08-07,Midwest,Organic Search,0.7148074175975229
CUST02524,2024-08-07,West,Paid Social,0.7397344394126733
CUST00027,2024-08-07,West,Organic Search,0.46046522346361957
CUST03315,2024-08-07,Midwest,Organic Search,0.8810298544097636
CUST03312,2024-08-07,Northeast,Email,0.9542931883611265
CUST03166,2024-08-07,South,Paid Social,0.09917122329727979
CUST00942,2024-08-08,Northeast,Paid Social,0.5360695493510734
CUST02060,2024-08-08,West,Direct,0.5669214583461443
CUST00585,2024-08-08,Northeast,Paid Social,0.39270737117625293
CUST03274,2024-08-08,West,Email,0.34117521185081795
CUST03291,2024-08-08,Midwest,Paid Social,0.5741368685982312
CUST02746,2024-08-09,Northeast,Paid Social,0.4586895825590855
CUST01866,2024-08-09,Midwest,Paid Social,0.7325712606632679
CUST00164,2024-08-09,Midwest,Email,0.4479176572855178
CUST01340,2024-08-10,South,Direct,0.6573724479684523
CUST01688,2024-08-10,West,Email,0.3748187542101722
CUST03485,2024-08-10,West,Referral,0.5949579637368743
CUST02509,2024-08-10,South,Direct,0.3153997919095152
CUST02915,2024-08-10,Midwest,Paid Social,0.5055457358776183
CUST01131,2024-08-10,Midwest,Paid Social,0.34517341163012305
CUST02076,2024-08-10,Midwest,Paid Social,0.6893706507030295
CUST03766,2024-08-10,Midwest,Paid Social,0.39651640869610255
CUST00687,2024-08-10,Northeast,Direct,0.39751995627963277
CUST03142,2024-08-10,South,Direct,0.29354614306923454
CUST01762,2024-08-11,Midwest,Direct,0.5760137790158413
CUST03547,2024-08-11,West,Email,0.12478982579243508
CUST03618,2024-08-11,West,Organic Search,0.3804155855447618
CUST01875,2024-08-11,West,Paid Social,0.02
CUST02564,2024-08-11,West,Organic Search,0.5372957435449494
CUST03653,2024-08-11,South,Organic Search,0.23759282455380226
CUST03260,2024-08-11,Northeast,Paid Social,0.4181696700563092
CUST00962,2024-08-11,West,Organic Search,0.08029564501866326
CUST01835,2024-08-11,Midwest,Email,0.3658538187965192
CUST01495,2024-08-11,Northeast,Direct,0.7315350320561455
CUST00163,2024-08-11,Midwest,Paid Social,0.6289529939145977
CUST00144,2024-08-11,West,Email,0.5495846009038011
CUST03479,2024-08-11,South,Paid Social,0.4074180541542814
CUST02192,2024-08-11,South,Direct,0.3807215900433126
CUST00373,2024-08-11,Midwest,Direct,0.6664150376583463
CUST02357,2024-08-12,West,Email,0.5165781122839233
CUST00960,2024-08-12,West,Direct,0.27525358687381724
CUST00065,2024-08-12,Midwest,Paid Social,0.4617360799887682
CUST01252,2024-08-12,South,Paid Social,0.7226416201177696
CUST00907,2024-08-12,West,Referral,0.10670670582109043
CUST03272,2024-08-12,West,Referral,0.8596004940204425
CUST01888,2024-08-13,West,Organic Search,0.5085218447520071
CUST01719,2024-08-13,West,Referral,0.5687815124980254
CUST03416,2024-08-13,Midwest,Email,0.49817480130547426
CUST03765,2024-08-13,Midwest,Paid Social,0.98
CUST00496,2024-08-13,South,Organic Search,0.5857172331423164
CUST03698,2024-08-13,West,Paid Social,0.3845049958158196
CUST01584,2024-08-14,South,Referral,0.3098021762267751
CUST02473,2024-08-14,South,Paid Social,0.7727773148708115
CUST03886,2024-08-14,Northeast,Direct,0.30315562462623125
CUST02749,2024-08-14,West,Referral,0.6083968350011191
CUST02017,2024-08-14,Northeast,Referral,0.5655367374055885
CUST01191,2024-08-14,Northeast,Paid Social,0.5138631501882251
CUST01485,2024-08-14,South,Organic Search,0.726007989257894
CUST03555,2024-08-14,South,Organic Search,0.7072090502629198
CUST01309,2024-08-14,South,Organic Search,0.536612471394457
CUST01043,2024-08-14,South,Organic Search,0.3886705571416585
CUST01635,2024-08-14,South,Organic Search,0.4347729780590088
CUST03989,2024-08-14,West,Paid Social,0.542423438613994
CUST03285,2024-08-14,Northeast,Paid Social,0.4411170158883363
CUST00624,2024-08-15,West,Paid Social,0.6112055749519169
CUST02290,2024-08-15,South,Organic Search,0.4079818159712233
CUST00572,2024-08-15,South,Paid Social,0.6694322986139006
CUST01225,2024-08-15,Northeast,Email,0.5927766599404788
CUST03461,2024-08-15,South,Direct,0.4608449068752033
CUST00425,2024-08-15,West,Organic Search,0.5899530318735595
CUST03924,2024-08-15,Midwest,Organic Search,0.16363080621868042
CUST01480,2024-08-15,South,Direct,0.5126540509682483
CUST00248,2024-08-15,South,Direct,0.5379452358397273
CUST00972,2024-08-16,South,Paid Social,0.4549002631116334
CUST00929,2024-08-16,Midwest,Organic Search,0.5232873861167066
CUST00732,2024-08-16,Midwest,Paid Social,0.6003286598054518
CUST01079,2024-08-16,South,Organic Search,0.5614007247250989
CUST02495,2024-08-16,Midwest,Email,0.4669589758536952
CUST00275,2024-08-16,West,Organic Search,0.9282544430908031
CUST00464,2024-08-16,South,Organic Search,0.6626594707840414
CUST02420,2024-08-16,South,Organic Search,0.5982880589728943
CUST00165,2024-08-16,West,Direct,0.592955772420105
CUST02698,2024-08-16,Midwest,Paid Social,0.36700490250240947
CUST01678,2024-08-16,South,Direct,0.6412905313559338
CUST02070,2024-08-16,Northeast,Direct,0.22712172525813795
CUST01185,2024-08-17,Northeast,Organic Search,0.7265790343782725
CUST01374,2024-08-17,Northeast,Direct,0.5858725016786556
CUST03209,2024-08-17,Northeast,Organic Search,0.4292368305040666
CUST03563,2024-08-17,Northeast,Organic Search,0.7130356723244904
CUST03071,2024-08-18,Midwest,Organic Search,0.4552923516891044
CUST02224,2024-08-18,Northeast,Direct,0.6579295349578369
CUST02962,2024-08-18,Northeast,Paid Social,0.443079342502973
CUST02925,2024-08-18,Midwest,Paid Social,0.24391739741060725
CUST02476,2024-08-18,South,Organic Search,0.454071951240432
CUST03567,2024-08-18,South,Organic Search,0.09082515394835528
CUST01333,2024-08-19,Northeast,Paid Social,0.4702530818465585
CUST01059,2024-08-19,Northeast,Email,0.3300598381799628
CUST00777,2024-08-19,South,Paid Social,0.29995916000284484
CUST03771,2024-08-19,West,Paid Social,0.7036197294958729
CUST02250,2024-08-19,West,Organic Search,0.48927965842790777
CUST03369,2024-08-19,West,Referral,0.5954107338836412
CUST02276,2024-08-19,Northeast,Paid Social,0.28821166235370166
CUST02341,2024-08-19,Northeast,Organic Search,0.9154999663824573
CUST02694,2024-08-20,West,Organic Search,0.5591782562378491
CUST03008,2024-08-20,South,Paid Social,0.38120897045042246
CUST00500,2024-08-20,South,Email,0.37834719569123215
CUST03669,2024-08-20,South,Direct,0.5421255454503215
CUST01841,2024-08-20,South,Direct,0.6321942127933649
CUST01437,2024-08-21,Midwest,Organic Search,0.5613201019571645
CUST01687,2024-08-21,Midwest,Paid Social,0.45141685767497874
CUST02990,2024-08-21,Northeast,Paid Social,0.6441646193370459
CUST00954,2024-08-21,West,Email,0.5832214296567426
CUST02760,2024-08-22,West,Organic Search,0.591504908656179
CUST00547,2024-08-22,West,Organic Search,0.33166807377928076
CUST03218,2024-08-22,Northeast,Direct,0.4278601549645721
CUST03775,2024-08-22,Northeast,Referral,0.6311997310324203
CUST00473,2024-08-23,South,Direct,0.45952924805090356
CUST01496,2024-08-23,West,Referral,0.4732511835387733
CUST00994,2024-08-23,South,Paid Social,0.5722201518619636
CUST02566,2024-08-23,South,Paid Social,0.6526565092951226
CUST03676,2024-08-23,West,Organic Search,0.9485481447179536
CUST01741,2024-08-23,Northeast,Paid Social,0.6458120438380751
CUST01153,2024-08-23,Midwest,Direct,0.554944729689964
CUST02762,2024-08-23,South,Organic Search,0.7815897765194757
CUST00238,2024-08-23,Midwest,Email,0.7934667624154961
CUST03173,2024-08-23,West,Organic Search,0.44630972715417566
CUST00795,2024-08-23,West,Email,0.6629007642902999
CUST03220,2024-08-24,Northeast,Organic Search,0.4254428577573626
CUST01100,2024-08-24,Northeast,Organic Search,0.6337219898964916
CUST03325,2024-08-24,Northeast,Paid Social,0.5728100474995552
CUST00435,2024-08-24,South,Email,0.02
CUST02007,2024-08-24,South,Paid Social,0.2724980959843024
CUST00005,2024-08-24,Northeast,Organic Search,0.6042551860908177
CUST02717,2024-08-24,Midwest,Organic Search,0.45519709529567753
CUST00633,2024-08-24,West,Direct,0.28701675635581203
CUST00621,2024-08-24,West,Direct,0.6579112508393825
CUST00407,2024-08-24,South,Direct,0.07911885954665943
CUST01444,2024-08-24,Midwest,Organic Search,0.9370051689156644
CUST01924,2024-08-25,West,Email,0.725010697937523
CUST02661,2024-08-25,South,Organic Search,0.4544117049052967
CUST02999,2024-08-25,Midwest,Direct,0.9345413247239842
CUST00155,2024-08-25,South,Paid Social,0.6138738173484187
CUST03619,2024-08-25,South,Email,0.8004903836525792
CUST00091,2024-08-25,Midwest,Organic Search,0.5428682150740618
CUST03261,2024-08-25,South,Direct,0.22724723843400635
CUST02934,2024-08-25,Northeast,Direct,0.4826156125945713
CUST00354,2024-08-25,South,Paid Social,0.3396306019920021
CUST01039,2024-08-26,Northeast,Direct,0.42815866166957106
CUST03893,2024-08-26,South,Organic Search,0.7230059248761412
CUST02318,2024-08-26,South,Direct,0.6461313211624237
CUST00082,2024-08-26,Northeast,Organic Search,0.5697403996037277
CUST00140,2024-08-26,West,Paid Social,0.2531765836921557
CUST02954,2024-08-26,West,Direct,0.8442487674999086
CUST00004,2024-08-27,South,Organic Search,0.4051266371187003
CUST00756,2024-08-27,South,Organic Search,0.5916562426580297
CUST02841,2024-08-27,West,Organic Search,0.534459343688198
CUST03104,2024-08-27,South,Referral,0.8115273488033478
CUST03860,2024-08-27,Northeast,Paid Social,0.49600887109356945
CUST01418,2024-08-27,South,Direct,0.6103256124180678
CUST02916,2024-08-27,West,Organic Search,0.7592516825873616
CUST03081,2024-08-27,Northeast,Paid Social,0.7330406316921799
CUST01992,2024-08-27,Midwest,Direct,0.6940355263617403
CUST00298,2024-08-27,Northeast,Email,0.34877807157445007
CUST02565,2024-08-28,Northeast,Paid Social,0.6094631118242602
CUST00285,2024-08-28,Northeast,Direct,0.4978395221133326
CUST03744,2024-08-28,West,Email,0.39661267356856383
CUST03551,2024-08-28,Midwest,Direct,0.43339872186164863
CUST03125,2024-08-28,South,Direct,0.5003492626900659
CUST02078,2024-08-28,South,Organic Search,0.27825014671947945
CUST01220,2024-08-28,Midwest,Organic Search,0.5563047210185854
CUST03356,2024-08-28,West,Organic Search,0.6601439660682213
CUST00121,2024-08-28,Midwest,Organic Search,0.35019502014769144
CUST03624,2024-08-28,South,Referral,0.42714734744547567
CUST02135,2024-08-28,South,Organic Search,0.5637661768741747
CUST00935,2024-08-29,South,Email,0.698885593947311
CUST02157,2024-08-29,West,Direct,0.98
CUST00800,2024-08-29,South,Organic Search,0.2661874239971096
CUST02521,2024-08-29,Northeast,Email,0.8696097581821107
CUST03814,2024-08-29,South,Organic Search,0.27856648045069043
CUST03489,2024-08-29,Midwest,Direct,0.32182517196272076
CUST02146,2024-08-30,Northeast,Email,0.5487191984089345
CUST03812,2024-08-30,Northeast,Paid Social,0.6225287670714825
CUST01293,2024-08-30,South,Direct,0.48749216084905
CUST01263,2024-08-30,Northeast,Paid Social,0.6163516606041922
CUST01729,2024-08-30,South,Email,0.4766147916442684
CUST00030,2024-08-30,South,Organic Search,0.6163729868908421
CUST02802,2024-08-30,Northeast,Organic Search,0.5483422444766409
CUST00689,2024-08-31,Northeast,Paid Social,0.5499760452653588
CUST00186,2024-08-31,Northeast,Referral,0.02
CUST00869,2024-08-31,West,Email,0.854419796685884
CUST03601,2024-08-31,South,Paid Social,0.06446247638093228
CUST02860,2024-08-31,Midwest,Organic Search,0.6715322990332139
CUST00923,2024-08-31,Northeast,Paid Social,0.37753482213926043
CUST03616,2024-08-31,Northeast,Paid Social,0.7329990547859035
CUST00047,2024-08-31,Midwest,Paid Social,0.588121184143138
CUST03780,2024-08-31,Northeast,Direct,0.3816194992233052
CUST01184,2024-09-01,Northeast,Paid Social,0.7348398691288301
CUST01643,2024-09-01,West,Paid Social,0.5704224133430332
CUST00219,2024-09-01,West,Organic Search,0.560573302900307
CUST03080,2024-09-01,South,Paid Social,0.5656484484719968
CUST01092,2024-09-01,West,Email,0.5410399235907883
CUST02735,2024-09-01,West,Referral,0.6160654891890034
CUST03556,2024-09-01,West,Organic Search,0.4764369391018703
CUST00267,2024-09-01,South,Organic Search,0.1761152513130423
CUST01890,2024-09-02,Northeast,Email,0.5360258887611623
CUST02382,2024-09-02,Midwest,Email,0.38863014163537274
CUST01331,2024-09-02,West,Organic Search,0.8024966893328807
CUST01057,2024-09-02,South,Direct,0.38235652966081013
CUST02435,2024-09-02,South,Referral,0.14099937745933006
CUST01473,2024-09-02,South,Paid Social,0.2249436906862644
CUST01319,2024-09-02,Northeast,Paid Social,0.3543952010360447
CUST02040,2024-09-02,West,Direct,0.6330435488169859
CUST00020,2024-09-02,Midwest,Direct,0.7005819737896156
CUST00031,2024-09-02,Northeast,Paid Social,0.2508809460877428
CUST03747,2024-09-02,Northeast,Email,0.05135094677954777
CUST00214,2024-09-02,Midwest,Email,0.3060684773264693
CUST01373,2024-09-02,West,Paid Social,0.4686234730961523
CUST03500,2024-09-02,Northeast,Organic Search,0.5572473729128327
CUST00883,2024-09-02,South,Paid Social,0.6662682740216574
CUST02217,2024-09-03,South,Direct,0.4478339775516752
CUST02578,2024-09-03,Northeast,Organic Search,0.5317444501124976
CUST03817,2024-09-03,Midwest,Organic Search,0.20509237385456808
CUST03666,2024-09-03,South,Referral,0.5816380938840348
CUST03143,2024-09-03,Midwest,Organic Search,0.4505863940342823
CUST02645,2024-09-03,Midwest,Paid Social,0.48765853042522983
CUST01919,2024-09-03,South,Direct,0.5573990386175238
CUST03981,2024-09-03,South,Organic Search,0.7744034346066158
CUST00833,2024-09-04,Midwest,Organic Search,0.27357531421409564
CUST01368,2024-09-04,South,Referral,0.22428032246226365
CUST00506,2024-09-04,Northeast,Organic Search,0.4438855223891279
CUST02047,2024-09-04,Northeast,Referral,0.48647389214479664
CUST03453,2024-09-04,South,Direct,0.7943538510991066
CUST03397,2024-09-04,Midwest,Email,0.3423433698430072
CUST02243,2024-09-04,Midwest,Direct,0.5589517724110606
CUST03587,2024-09-04,South,Paid Social,0.3077571559092295
CUST01743,2024-09-05,West,Direct,0.7618852603891026
CUST00792,2024-09-05,Northeast,Paid Social,0.38603791513544017
CUST03443,2024-09-05,West,Referral,0.409193756894995
CUST00222,2024-09-05,Midwest,Organic Search,0.5850045187990747
CUST00537,2024-09-05,South,Organic Search,0.6589434064613288
CUST02391,2024-09-05,Northeast,Email,0.6541464134905843
CUST01853,2024-09-05,Midwest,Email,0.48166096354343524
CUST02205,2024-09-05,South,Organic Search,0.7188905502611092
CUST03884,2024-09-05,West,Paid Social,0.3942247941708208
CUST01803,2024-09-05,Midwest,Paid Social,0.5900026900919005
CUST01566,2024-09-05,West,Direct,0.4570558262798273
CUST01458,2024-09-05,West,Direct,0.5908826611837121
CUST02337,2024-09-05,Northeast,Direct,0.6110168499192116
CUST02846,2024-09-06,Midwest,Email,0.6772301905966546
CUST00871,2024-09-06,South,Email,0.7814878227834455
CUST00205,2024-09-06,Midwest,Organic Search,0.07204220244936338
CUST01555,2024-09-06,Midwest,Email,0.8538845812029205
CUST02180,2024-09-06,West,Paid Social,0.37034452518457917
CUST02991,2024-09-06,Northeast,Direct,0.5094110441807049
CUST02845,2024-09-06,Midwest,Referral,0.4820441500657588
CUST00798,2024-09-07,Midwest,Organic Search,0.4657290708243735
CUST02004,2024-09-07,Northeast,Organic Search,0.37768163263911575
CUST00916,2024-09-07,Northeast,Direct,0.39209207132474827
CUST00114,2024-09-07,South,Direct,0.3723141585462891
CUST00905,2024-09-07,Midwest,Paid Social,0.6409987572012275
CUST03132,2024-09-08,Northeast,Referral,0.43648731305477223
CUST00335,2024-09-08,Midwest,Referral,0.15609278182684322
CUST01520,2024-09-08,South,Organic Search,0.7859124795095651
CUST00647,2024-09-08,South,Organic Search,0.17049787122941118
CUST01213,2024-09-08,South,Email,0.4729459886867499
CUST02274,2024-09-08,West,Referral,0.5634140904937691
CUST03016,2024-09-08,Midwest,Direct,0.17855987366014042
CUST02020,2024-09-08,South,Email,0.6029888194143815
CUST02507,2024-09-08,Midwest,Email,0.542306507883104
CUST02582,2024-09-09,South,Paid Social,0.2628425572764665
CUST02189,2024-09-09,Northeast,Email,0.4074469230666536
CUST00612,2024-09-09,West,Organic Search,0.18658871006352373
CUST00485,2024-09-09,West,Direct,0.7019947299078112
CUST00939,2024-09-09,Northeast,Organic Search,0.36504865201538284
CUST02730,2024-09-09,Midwest,Paid Social,0.1677456194453733
CUST00176,2024-09-09,South,Direct,0.5566664758713842
CUST00231,2024-09-09,Midwest,Direct,0.4634300205381414
CUST00073,2024-09-09,Midwest,Organic Search,0.44956474720373063
CUST02409,2024-09-10,West,Direct,0.25663937475298
CUST01248,2024-09-10,West,Organic Search,0.5060262058503268
CUST02077,2024-09-10,South,Organic Search,0.4141180515018928
CUST01954,2024-09-10,South,Organic Search,0.37238110646519584
CUST03954,2024-09-10,Northeast,Paid Social,0.7524622625256563
CUST02354,2024-09-10,Northeast,Organic Search,0.5809054949691421
CUST02716,2024-09-10,Northeast,Organic Search,0.2595778482326998
CUST03292,2024-09-10,Midwest,Direct,0.32627709182929016
CUST02465,2024-09-10,Northeast,Email,0.31437496768843787
CUST03631,2024-09-10,Midwest,Referral,0.30139225937105585
CUST01075,2024-09-11,West,Referral,0.3355390639087116
CUST02644,2024-09-11,Northeast,Organic Search,0.29402240476498087
CUST00054,2024-09-11,West,Organic Search,0.33096689457461614
CUST00710,2024-09-11,South,Organic Search,0.39176527729583027
CUST03560,2024-09-12,Northeast,Email,0.43287997400241784
CUST01968,2024-09-12,Northeast,Direct,0.6491278407401317
CUST01697,2024-09-12,Midwest,Organic Search,0.2767922569600483
CUST01499,2024-09-12,Midwest,Email,0.17719611341121166
CUST00277,2024-09-12,South,Organic Search,0.17349619159951468
CUST03286,2024-09-12,Northeast,Organic Search,0.3827158612081575
CUST03090,2024-09-12,Midwest,Paid Social,0.3717465912000304
CUST01768,2024-09-12,Midwest,Paid Social,0.5194778550340354
CUST03662,2024-09-12,Northeast,Referral,0.05615563573116772
CUST03139,2024-09-12,Northeast,Organic Search,0.6450155566297752
CUST02527,2024-09-12,South,Direct,0.15674041869177763
CUST01802,2024-09-12,Northeast,Direct,0.49162815918699115
CUST00474,2024-09-12,South,Email,0.47625453781992655
CUST01712,2024-09-13,South,Referral,0.6822251688088704
CUST02549,2024-09-13,South,Referral,0.46282812623516145
CUST00367,2024-09-13,Northeast,Paid Social,0.5873275155372978
CUST00070,2024-09-13,South,Organic Search,0.5147651766812769
CUST01102,2024-09-13,Northeast,Organic Search,0.3950065304201484
CUST02976,2024-09-13,Midwest,Organic Search,0.4336695466805099
CUST01431,2024-09-13,South,Direct,0.5194220820846326
CUST02454,2024-09-13,South,Direct,0.5256932391581549
CUST00109,2024-09-14,Midwest,Paid Social,0.08712719803158347
CUST03123,2024-09-14,Midwest,Direct,0.4463562825914425
CUST03938,2024-09-14,Midwest,Organic Search,0.3531488686447088
CUST02913,2024-09-14,Midwest,Email,0.4250966054061052
CUST00124,2024-09-14,Northeast,Paid Social,0.37499919076010557
CUST01789,2024-09-15,Midwest,Paid Social,0.4098097479953134
CUST00974,2024-09-15,West,Direct,0.5505403941613718
CUST03636,2024-09-15,South,Organic Search,0.4483199089063753
CUST00944,2024-09-15,Northeast,Email,0.7028178249419529
CUST03451,2024-09-15,Northeast,Direct,0.4389493084865288
CUST00290,2024-09-15,Midwest,Direct,0.33808108340888426
CUST02395,2024-09-15,Midwest,Organic Search,0.39491606788753353
CUST03410,2024-09-15,West,Email,0.43773526970333876
CUST02463,2024-09-15,Midwest,Email,0.6984916552012982
CUST02026,2024-09-15,West,Paid Social,0.2349779225752482
CUST03874,2024-09-16,Northeast,Organic Search,0.46519963378288814
CUST02980,2024-09-16,West,Email,0.42972338817691424
CUST03990,2024-09-16,Midwest,Paid Social,0.4930273491829028
CUST00519,2024-09-16,South,Organic Search,0.5988440238556991
CUST01541,2024-09-16,West,Direct,0.689517913482908
CUST03498,2024-09-16,Midwest,Organic Search,0.22114817075548482
CUST00709,2024-09-16,Northeast,Email,0.832242768714462
CUST02456,2024-09-16,Midwest,Organic Search,0.47537071898127503
CUST02459,2024-09-16,Northeast,Email,0.4199291261819054
CUST02239,2024-09-16,South,Email,0.6930682584628125
CUST00076,2024-09-16,South,Paid Social,0.3608204225699918
CUST03971,2024-09-17,Midwest,Referral,0.8480287541682874
CUST01420,2024-09-17,West,Organic Search,0.345568382218219
CUST03846,2024-09-17,West,Paid Social,0.2797882137507569
CUST03138,2024-09-17,Northeast,Email,0.622003515197303
CUST01202,2024-09-17,West,Paid Social,0.3615605226960079
CUST00973,2024-09-17,Northeast,Organic Search,0.46350807795760474
CUST00622,2024-09-17,West,Organic Search,0.6821415026650328
CUST02960,2024-09-17,South,Email,0.49648564789366667
CUST01101,2024-09-18,West,Paid Social,0.12596907669164903
CUST02769,2024-09-18,Northeast,Email,0.5362468308759687
CUST01795,2024-09-18,South,Email,0.2640205270474496
CUST03056,2024-09-18,Midwest,Direct,0.5545946488248514
CUST00768,2024-09-18,South,Paid Social,0.3219391368225406
CUST03262,2024-09-18,South,Organic Search,0.6707425494255533
CUST01799,2024-09-18,Midwest,Paid Social,0.5218196088903974
CUST00785,2024-09-18,Northeast,Email,0.6580165424891429
CUST02178,2024-09-19,West,Email,0.8087573462367099
CUST01508,2024-09-19,West,Direct,0.8387656255244103
CUST03923,2024-09-19,South,Email,0.41029572142855764
CUST00644,2024-09-19,West,Paid Social,0.6458852667864345
CUST03656,2024-09-19,Northeast,Direct,0.6611468278931835
CUST01808,2024-09-19,South,Paid Social,0.6132931049572422
CUST03427,2024-09-19,West,Organic Search,0.25442997389731725
CUST03072,2024-09-19,Midwest,Paid Social,0.2648789983378645
CUST00276,2024-09-20,Northeast,Referral,0.42872538868671617
CUST02686,2024-09-20,Midwest,Organic Search,0.3133625868753105
CUST01517,2024-09-20,South,Direct,0.276518391243212
CUST02844,2024-09-20,Midwest,Email,0.3411247720292311
CUST03855,2024-09-20,Northeast,Organic Search,0.6806576970894559
CUST01932,2024-09-20,South,Paid Social,0.3807482565950565
CUST01146,2024-09-20,South,Referral,0.7252432463556697
CUST02958,2024-09-22,Northeast,Email,0.8916652545623033
CUST00282,2024-09-22,Northeast,Organic Search,0.47952370399024385
CUST02416,2024-09-22,South,Direct,0.8001149288709914
CUST00444,2024-09-23,South,Direct,0.4667227470807743
CUST00729,2024-09-23,Midwest,Referral,0.46532662892287097
CUST01031,2024-09-23,South,Organic Search,0.7254805454129156
CUST00284,2024-09-24,South,Organic Search,0.2638419934359988
CUST00651,2024-09-24,West,Email,0.8590208931473662
CUST01244,2024-09-24,Midwest,Direct,0.32847553036787375
CUST01477,2024-09-24,West,Paid Social,0.06862102263850989
CUST01492,2024-09-24,Northeast,Direct,0.39875413441861435
CUST02156,2024-09-24,Northeast,Direct,0.4667580172837858
CUST01918,2024-09-24,South,Organic Search,0.38738045870416027
CUST01116,2024-09-24,South,Direct,0.4465858923233822
CUST03015,2024-09-24,Northeast,Direct,0.42699591869458214
CUST02739,2024-09-25,Northeast,Referral,0.20589790521257573
CUST03644,2024-09-25,Midwest,Organic Search,0.12955014281590155
CUST03141,2024-09-25,South,Paid Social,0.31712828876415167
CUST00718,2024-09-25,West,Direct,0.5227922157674492
CUST02298,2024-09-25,South,Organic Search,0.19097381897767174
CUST03709,2024-09-25,Northeast,Referral,0.3469834607280379
CUST00252,2024-09-26,South,Organic Search,0.45115267365911227
CUST00235,2024-09-26,South,Paid Social,0.44294036752249005
CUST01018,2024-09-26,Northeast,Organic Search,0.4199426739636972
CUST03842,2024-09-26,Midwest,Organic Search,0.47861707447304863
CUST01120,2024-09-26,Midwest,Email,0.36447565692200634
CUST00563,2024-09-26,South,Organic Search,0.6080928368056125
CUST03660,2024-09-26,South,Paid Social,0.84197570637733
CUST03140,2024-09-26,West,Organic Search,0.35838816799388573
CUST02540,2024-09-26,Midwest,Organic Search,0.42126264321530604
CUST01549,2024-09-26,Northeast,Organic Search,0.18637677217308896
CUST02977,2024-09-26,Midwest,Organic Search,0.3188408126878042
CUST01519,2024-09-27,South,Paid Social,0.6087374782066036
CUST01814,2024-09-27,Northeast,Organic Search,0.17015563234825382
CUST00185,2024-09-27,South,Organic Search,0.7043502175303422
CUST03450,2024-09-27,Midwest,Paid Social,0.4805078308063456
CUST01353,2024-09-27,Northeast,Direct,0.5867808306119209
CUST00203,2024-09-27,West,Paid Social,0.7167932487726187
CUST02948,2024-09-28,South,Referral,0.32030822808451265
CUST00183,2024-09-28,West,Direct,0.7085982874654305
CUST02011,2024-09-28,Northeast,Direct,0.7549282312390794
CUST00055,2024-09-28,Midwest,Organic Search,0.5177853740876084
CUST01356,2024-09-28,Midwest,Paid Social,0.5106410864897795
CUST03116,2024-09-28,West,Direct,0.5925931999092261
CUST02664,2024-09-28,Northeast,Direct,0.6709226390128857
CUST02642,2024-09-28,Northeast,Direct,0.7367878247783668
CUST03638,2024-09-29,South,Direct,0.36883018223228775
CUST00453,2024-09-29,South,Paid Social,0.5014959292858094
CUST02538,2024-09-29,West,Direct,0.25500438214836996
CUST00405,2024-09-29,West,Organic Search,0.34536110847224694
CUST01162,2024-09-29,West,Paid Social,0.5799751369467145
CUST00406,2024-09-30,Northeast,Referral,0.7162947848711203
CUST02254,2024-09-30,South,Direct,0.6487003204859147
CUST00180,2024-09-30,West,Paid Social,0.7338462449949529
CUST03706,2024-09-30,Midwest,Organic Search,0.754506626797325
CUST00021,2024-09-30,South,Direct,0.6152034828968929
CUST03927,2024-09-30,West,Email,0.1575913212500506
CUST02597,2024-09-30,Midwest,Email,0.6128097730487142
CUST01053,2024-09-30,South,Paid Social,0.8993934666561767
CUST01379,2024-10-01,Midwest,Paid Social,0.5206192065019608
CUST03374,2024-10-01,South,Direct,0.6421004827327284
CUST01091,2024-10-01,West,Paid Social,0.5703208378053399
CUST01737,2024-10-01,Northeast,Referral,0.4922489979955357
CUST00667,2024-10-01,West,Direct,0.36577378565789836
CUST01008,2024-10-01,Northeast,Organic Search,0.4019224780472974
CUST03129,2024-10-02,West,Organic Search,0.41893741144192637
CUST00629,2024-10-02,Midwest,Organic Search,0.5757002650570731
CUST02350,2024-10-02,West,Organic Search,0.644520539322003
CUST02685,2024-10-02,West,Organic Search,0.8969390914582149
CUST00159,2024-10-02,Midwest,Organic Search,0.7558329805930653
CUST00556,2024-10-02,South,Paid Social,0.7168376694032194
CUST03376,2024-10-02,South,Organic Search,0.31290937080707093
CUST03377,2024-10-02,Northeast,Direct,0.7154306820864498
CUST01152,2024-10-02,South,Referral,0.6466635729200666
CUST00876,2024-10-02,Northeast,Paid Social,0.5574107029945472
CUST01767,2024-10-02,South,Referral,0.8765747352931554
CUST00115,2024-10-03,Northeast,Paid Social,0.4556720198298113
CUST03012,2024-10-03,South,Email,0.679041165777248
CUST01217,2024-10-03,Midwest,Email,0.8676297029532141
CUST00420,2024-10-03,West,Email,0.4842711463255258
CUST02715,2024-10-03,South,Organic Search,0.5625882672979924
CUST03762,2024-10-03,West,Organic Search,0.5657802338569463
CUST01618,2024-10-03,Northeast,Email,0.7340141980773163
CUST02251,2024-10-03,Midwest,Paid Social,0.2755471825571937
CUST01490,2024-10-04,South,Organic Search,0.45501821363027833
CUST02901,2024-10-04,South,Organic Search,0.4501831478325966
CUST02952,2024-10-04,South,Paid Social,0.12484317678456891
CUST02066,2024-10-04,South,Organic Search,0.4341942606393335
CUST01241,2024-10-04,West,Email,0.5627079163211337
CUST01051,2024-10-04,West,Direct,0.42029414008486116
CUST00940,2024-10-04,Northeast,Organic Search,0.6095708355613992
CUST00445,2024-10-04,Midwest,Organic Search,0.572561954814979
CUST03940,2024-10-05,West,Referral,0.7127623353251014
CUST02313,2024-10-05,Northeast,Organic Search,0.368368552757079
CUST03903,2024-10-05,Northeast,Referral,0.6073615258524502
CUST00897,2024-10-05,West,Direct,0.5045860701135225
CUST02743,2024-10-06,South,Organic Search,0.6056640646557754
CUST01000,2024-10-06,Northeast,Referral,0.6337617015036547
CUST03995,2024-10-06,South,Paid Social,0.7996361260352985
CUST01442,2024-10-06,Northeast,Direct,0.5599778169481195
CUST02959,2024-10-06,Midwest,Organic Search,0.49281207960774026
CUST03657,2024-10-07,West,Paid Social,0.771959162260949
CUST03665,2024-10-07,Northeast,Organic Search,0.6796343649313314
CUST00608,2024-10-07,Northeast,Organic Search,0.55490696742221
CUST01296,2024-10-07,West,Direct,0.32723735616393423
CUST00017,2024-10-07,Midwest,Organic Search,0.5321209978758884
CUST03311,2024-10-07,Midwest,Organic Search,0.5336348449562678
CUST02811,2024-10-07,South,Direct,0.6756303823847647
CUST01680,2024-10-07,Northeast,Direct,0.10095367457665505
CUST00803,2024-10-08,Northeast,Paid Social,0.3557020705511451
CUST03654,2024-10-08,Midwest,Email,0.7486802110083027
CUST02876,2024-10-08,South,Organic Search,0.37284109107711444
CUST01460,2024-10-08,South,Email,0.5931569847436047
CUST00549,2024-10-08,Midwest,Referral,0.5151549656037715
CUST02264,2024-10-08,West,Direct,0.5974778038284698
CUST01207,2024-10-08,Northeast,Paid Social,0.7076696008498657
CUST00344,2024-10-08,Midwest,Paid Social,0.46993651011472165
CUST01583,2024-10-08,Midwest,Organic Search,0.8806935217251113
CUST03421,2024-10-09,Midwest,Organic Search,0.6803962590351831
CUST00717,2024-10-09,South,Referral,0.8456930777609875
CUST01720,2024-10-09,Midwest,Paid Social,0.6995338227196051
CUST01916,2024-10-09,Midwest,Direct,0.12135753935583893
CUST01165,2024-10-09,South,Direct,0.2066806069025991
CUST02133,2024-10-10,Midwest,Direct,0.5203302497842617
CUST02950,2024-10-10,South,Organic Search,0.6994603496618073
CUST03244,2024-10-10,Northeast,Organic Search,0.23409686736970298
CUST03809,2024-10-10,Northeast,Paid Social,0.5702287954091618
CUST00366,2024-10-10,South,Paid Social,0.13106855559675468
CUST03901,2024-10-10,West,Organic Search,0.29017956214377544
CUST04000,2024-10-10,West,Paid Social,0.7043375573870979
CUST01015,2024-10-10,Midwest,Organic Search,0.1740514907421828
CUST01010,2024-10-11,South,Paid Social,0.5986460349165541
CUST02477,2024-10-11,South,Referral,0.7463856648415744
CUST00701,2024-10-11,South,Organic Search,0.4482416900824867
CUST01686,2024-10-11,Northeast,Direct,0.7429568953099039
CUST02714,2024-10-11,West,Referral,0.6560116672260716
CUST03957,2024-10-11,South,Referral,0.2948143125721181
CUST02432,2024-10-11,West,Organic Search,0.499894097298827
CUST00296,2024-10-11,Northeast,Referral,0.3204585202049498
CUST00449,2024-10-11,South,Email,0.1325580009344065
CUST01849,2024-10-11,Northeast,Organic Search,0.5590933682714813
CUST01800,2024-10-12,Midwest,Organic Search,0.5423397518939623
CUST03552,2024-10-12,Northeast,Organic Search,0.43763073063314023
CUST03867,2024-10-12,West,Organic Search,0.8857085307933661
CUST00679,2024-10-12,South,Organic Search,0.35517815537927544
CUST00578,2024-10-12,West,Referral,0.30491549592453226
CUST00712,2024-10-12,Northeast,Direct,0.5553101714885067
CUST03337,2024-10-12,South,Paid Social,0.8253601765012701
CUST00893,2024-10-12,South,Organic Search,0.2429008875732767
CUST03392,2024-10-12,Midwest,Direct,0.3589488996562097
CUST02732,2024-10-12,West,Paid Social,0.6798187013245102
CUST02777,2024-10-12,Midwest,Paid Social,0.4404817139559343
CUST01859,2024-10-13,South,Direct,0.45498286612915684
CUST01665,2024-10-13,Northeast,Organic Search,0.7299407565935644
CUST01074,2024-10-13,South,Paid Social,0.7971913108951698
CUST02029,2024-10-13,Midwest,Direct,0.49452790199110447
CUST03469,2024-10-13,South,Paid Social,0.19889000598997875
CUST03937,2024-10-13,Northeast,Organic Search,0.9209265197225949
CUST01311,2024-10-13,West,Paid Social,0.7173389626869593
CUST02489,2024-10-13,Midwest,Referral,0.5697953113338119
CUST03265,2024-10-14,Midwest,Organic Search,0.6871132051312254
CUST03360,2024-10-14,West,Organic Search,0.2882118117850643
CUST01195,2024-10-14,South,Referral,0.8252671404431353
CUST00997,2024-10-14,South,Referral,0.4027671611654582
CUST03728,2024-10-14,Midwest,Organic Search,0.6054365081263853
CUST02518,2024-10-14,Midwest,Organic Search,0.3545747371712133
CUST02609,2024-10-14,Northeast,Organic Search,0.6444142385081997
CUST00011,2024-10-14,Northeast,Referral,0.13401396753412365
CUST03773,2024-10-15,Northeast,Referral,0.5676143453454545
CUST03738,2024-10-15,South,Organic Search,0.3573466541808683
CUST01957,2024-10-15,West,Paid Social,0.02
CUST03646,2024-10-15,Northeast,Paid Social,0.48046214382546165
CUST03539,2024-10-15,Midwest,Referral,0.4549495614966834
CUST01920,2024-10-16,Midwest,Paid Social,0.8759700049890592
CUST00995,2024-10-16,South,Referral,0.23407412128816923
CUST01991,2024-10-16,West,Email,0.7194588966540241
CUST01392,2024-10-16,South,Organic Search,0.47431748343373864
CUST02539,2024-10-16,Northeast,Organic Search,0.5369304415261722
CUST01299,2024-10-16,Midwest,Direct,0.30785117736848977
CUST03044,2024-10-16,Midwest,Email,0.3858057209625325
CUST02949,2024-10-16,South,Paid Social,0.728004422408656
CUST01902,2024-10-16,West,Email,0.4530917201698781
CUST01501,2024-10-16,Midwest,Paid Social,0.6571969950266667
CUST02411,2024-10-16,Midwest,Email,0.6840179028663659
CUST00488,2024-10-16,West,Email,0.4670639955109315
CUST00507,2024-10-16,West,Direct,0.7744886361128505
CUST03777,2024-10-17,South,Organic Search,0.4872179954717693
CUST03478,2024-10-17,Midwest,Referral,0.5453802031925593
CUST01164,2024-10-17,South,Referral,0.34350569482898163
CUST03017,2024-10-17,South,Email,0.21706014095813503
CUST01669,2024-10-17,Midwest,Email,0.47449830819036853
CUST02593,2024-10-17,South,Direct,0.5472016256840349
CUST03897,2024-10-17,Northeast,Email,0.5797925300213267
CUST02048,2024-10-17,Northeast,Direct,0.3026156210498697
CUST00656,2024-10-17,West,Paid Social,0.2772725688697989
CUST00747,2024-10-17,Northeast,Email,0.09544487572508886
CUST01958,2024-10-17,West,Organic Search,0.43690230361626053
CUST01147,2024-10-17,South,Paid Social,0.25817908527561223
CUST02607,2024-10-17,West,Organic Search,0.6813438859080365
CUST03496,2024-10-17,Northeast,Organic Search,0.4592046203975019
CUST01553,2024-10-18,Midwest,Organic Search,0.2512838814920274
CUST02310,2024-10-18,South,Direct,0.3217169064850445
CUST01725,2024-10-18,West,Direct,0.39926134514831263
CUST01341,2024-10-18,Midwest,Paid Social,0.7521745010167005
CUST00351,2024-10-18,Northeast,Referral,0.5831958511789468
CUST02766,2024-10-18,Midwest,Paid Social,0.7154880724505848
CUST01335,2024-10-18,Midwest,Paid Social,0.5035756865016804
CUST00606,2024-10-19,Northeast,Organic Search,0.9373951677889649
CUST02666,2024-10-19,Midwest,Email,0.6157116517568362
CUST00648,2024-10-19,South,Organic Search,0.1564395485156196
CUST02794,2024-10-19,West,Referral,0.7180585510200218
CUST01922,2024-10-19,West,Paid Social,0.7896804145271227
CUST01636,2024-10-19,Northeast,Organic Search,0.5924351245500422
CUST01901,2024-10-19,Northeast,Paid Social,0.43830041389942676
CUST00561,2024-10-19,South,Paid Social,0.4661344606463053
CUST03345,2024-10-20,Midwest,Email,0.19118504680416515
CUST02896,2024-10-20,Midwest,Organic Search,0.4426123129592923
CUST00931,2024-10-20,South,Organic Search,0.8679876179983708
CUST02351,2024-10-21,Northeast,Direct,0.5575999510947622
CUST03111,2024-10-21,Northeast,Direct,0.5391785669935171
CUST00877,2024-10-21,Midwest,Organic Search,0.7764893863750442
CUST01140,2024-10-21,Midwest,Organic Search,0.46697548733214206
CUST03679,2024-10-21,South,Paid Social,0.5865061099537837
CUST03299,2024-10-21,Northeast,Email,0.4873372459794821
CUST02336,2024-10-21,Northeast,Email,0.5063089357208863
CUST00539,2024-10-21,Northeast,Paid Social,0.4140535330105056
CUST03467,2024-10-21,South,Organic Search,0.34184964358870173
CUST02139,2024-10-21,South,Referral,0.14094537532963486
CUST02924,2024-10-22,West,Paid Social,0.2995129057359175
CUST02118,2024-10-22,West,Paid Social,0.5452239210291207
CUST03341,2024-10-22,Midwest,Organic Search,0.6374021916224764
CUST03637,2024-10-22,Northeast,Email,0.2368196432751981
CUST01380,2024-10-22,West,Paid Social,0.21886252603641743
CUST02821,2024-10-22,South,Paid Social,0.7680774666053437
CUST00927,2024-10-22,South,Organic Search,0.698753421011256
CUST01259,2024-10-22,South,Referral,0.39287821694818104
CUST00917,2024-10-23,Northeast,Paid Social,0.6379819303271665
CUST03979,2024-10-23,Northeast,Organic Search,0.5762846634084098
CUST00305,2024-10-23,Midwest,Referral,0.14977682770288053
CUST03861,2024-10-23,South,Organic Search,0.5572018466305556
CUST02836,2024-10-23,West,Organic Search,0.43242058265908206
CUST00289,2024-10-23,Northeast,Paid Social,0.2504923078805339
CUST01848,2024-10-23,South,Organic Search,0.7185775115681814
CUST02775,2024-10-24,Northeast,Email,0.02
CUST00789,2024-10-24,West,Referral,0.3893102973097672
CUST02137,2024-10-24,South,Paid Social,0.6149429454231985
CUST02154,2024-10-24,Midwest,Direct,0.5535398401018196
CUST00295,2024-10-24,Midwest,Organic Search,0.584002552734433
CUST03941,2024-10-24,South,Direct,0.7031440373958486
CUST00029,2024-10-24,South,Direct,0.5040033804367011
CUST02834,2024-10-24,South,Email,0.611147660319881
CUST02343,2024-10-24,South,Email,0.26458569886995154
CUST00807,2024-10-24,Midwest,Paid Social,0.40897935762772863
CUST03758,2024-10-25,South,Paid Social,0.4840176511786996
CUST03632,2024-10-25,Northeast,Direct,0.14568352821028552
CUST00229,2024-10-25,Northeast,Paid Social,0.5170497542718873
CUST00057,2024-10-25,West,Organic Search,0.98
CUST00983,2024-10-25,Northeast,Organic Search,0.12577594743511938
CUST00331,2024-10-25,South,Paid Social,0.3871022553052085
CUST02119,2024-10-25,Midwest,Paid Social,0.3314005258545726
CUST01577,2024-10-26,West,Direct,0.5641229454370036
CUST00992,2024-10-26,West,Organic Search,0.6106935802776293
CUST00879,2024-10-26,South,Email,0.374897651652757
CUST03823,2024-10-26,South,Paid Social,0.5074167222299701
CUST03477,2024-10-26,Northeast,Paid Social,0.7288492516291243
CUST03066,2024-10-27,South,Email,0.3619836466798452
CUST03828,2024-10-27,Northeast,Paid Social,0.4196440924579116
CUST02404,2024-10-27,Midwest,Direct,0.4987462052816281
CUST01323,2024-10-27,South,Paid Social,0.4253711454107516
CUST03914,2024-10-27,Midwest,Organic Search,0.1615516796943155
CUST01497,2024-10-27,South,Paid Social,0.6655573897386293
CUST00762,2024-10-28,West,Email,0.7241775326122264
CUST02252,2024-10-28,Northeast,Organic Search,0.5469240330179308
CUST01840,2024-10-28,Midwest,Paid Social,0.6155351257733985
CUST03146,2024-10-28,West,Referral,0.6215863280356609
CUST00655,2024-10-28,Midwest,Paid Social,0.705623819195222
CUST01997,2024-10-28,Northeast,Organic Search,0.2201864918586942
CUST01222,2024-10-28,West,Organic Search,0.6285149699878908
CUST02335,2024-10-29,West,Organic Search,0.5336997589531245
CUST00330,2024-10-29,South,Organic Search,0.98
CUST03786,2024-10-29,South,Email,0.9072592004521685
CUST00034,2024-10-29,Midwest,Organic Search,0.5773715868742801
CUST01664,2024-10-29,South,Direct,0.417578665461279
CUST02586,2024-10-29,South,Paid Social,0.4075084123931162
CUST01365,2024-10-29,Midwest,Organic Search,0.23631634473897228
CUST00132,2024-10-29,South,Email,0.23512939344756384
CUST01625,2024-10-29,South,Paid Social,0.3249387239120556
CUST00308,2024-10-29,Midwest,Direct,0.8459747789153245
CUST01938,2024-10-29,South,Organic Search,0.3338439340012812
CUST03598,2024-10-29,Midwest,Paid Social,0.6539188732813431
CUST02031,2024-10-30,South,Email,0.5869969204263588
CUST01129,2024-10-30,South,Direct,0.4481201478995017
CUST00755,2024-10-30,West,Paid Social,0.2867332856241697
CUST01084,2024-10-30,South,Organic Search,0.48522544649178084
CUST00113,2024-10-30,Northeast,Organic Search,0.5469180936460886
CUST01258,2024-10-30,Midwest,Direct,0.7847637693888823
CUST00456,2024-10-30,South,Referral,0.4344400399968326
CUST03176,2024-10-31,Northeast,Direct,0.36791036387849685
CUST01003,2024-10-31,Northeast,Email,0.6376822107777571
CUST00158,2024-10-31,Midwest,Organic Search,0.4291204111612283
CUST03661,2024-10-31,Midwest,Paid Social,0.6265456205889117
CUST01565,2024-10-31,West,Organic Search,0.5078626024605504
CUST03843,2024-11-01,Midwest,Organic Search,0.02
CUST01975,2024-11-01,Northeast,Referral,0.5700682068902936
CUST03611,2024-11-01,Northeast,Direct,0.98
CUST00134,2024-11-01,West,Organic Search,0.715235005017583
CUST01434,2024-11-02,Northeast,Organic Search,0.29796846525773824
CUST01412,2024-11-02,Northeast,Referral,0.4367057914700232
CUST03760,2024-11-02,Northeast,Organic Search,0.6069936611880836
CUST02426,2024-11-02,Midwest,Paid Social,0.9483049778272671
CUST03215,2024-11-02,Midwest,Organic Search,0.46304725599793
CUST01387,2024-11-02,South,Paid Social,0.5263013908905692
CUST02062,2024-11-02,South,Organic Search,0.594806866114864
CUST02604,2024-11-03,South,Direct,0.6068628256543962
CUST03033,2024-11-03,Northeast,Paid Social,0.7680365133782429
CUST02436,2024-11-03,South,Referral,0.4438233081784441
CUST03448,2024-11-03,Midwest,Paid Social,0.7122033253117963
CUST02634,2024-11-03,Midwest,Email,0.1755660727579038
CUST02883,2024-11-03,South,Email,0.27210715537023744
CUST00980,2024-11-04,West,Referral,0.20020553079033804
CUST01029,2024-11-04,South,Email,0.3143288418352769
CUST03259,2024-11-04,Midwest,Paid Social,0.7295160929396602
CUST00126,2024-11-04,Midwest,Organic Search,0.6215879067478879
CUST00131,2024-11-04,Northeast,Organic Search,0.39016682834038097
CUST00706,2024-11-04,Midwest,Paid Social,0.4074221649149542
CUST02656,2024-11-04,West,Organic Search,0.5360100942804747
CUST02688,2024-11-04,Midwest,Organic Search,0.27337194097123113
CUST00079,2024-11-04,Midwest,Organic Search,0.46241699466139896
CUST03891,2024-11-05,West,Email,0.2473209873466033
CUST02798,2024-11-05,Midwest,Email,0.21173377309882563
CUST00437,2024-11-05,South,Paid Social,0.33958093538747874
CUST01189,2024-11-05,Northeast,Organic Search,0.5099490501575661
CUST01672,2024-11-05,South,Organic Search,0.5943820008982428
CUST02402,2024-11-05,South,Organic Search,0.6776908861940844
CUST03594,2024-11-06,Northeast,Email,0.5322958860624764
CUST02647,2024-11-06,West,Email,0.15544337570913225
CUST01544,2024-11-06,Northeast,Direct,0.37327955024298853
CUST02857,2024-11-06,Midwest,Direct,0.5179976938217665
CUST03144,2024-11-06,West,Email,0.6398409383102057
CUST00116,2024-11-06,West,Referral,0.5946679781666044
CUST02892,2024-11-06,Midwest,Referral,0.7995132272174271
CUST02580,2024-11-06,Northeast,Organic Search,0.41151448504407556
CUST03684,2024-11-07,South,Organic Search,0.7309811656485399
CUST02303,2024-11-07,West,Organic Search,0.06900695589997896
CUST03236,2024-11-07,South,Organic Search,0.677075510579825
CUST00570,2024-11-07,West,Direct,0.48349645283687964
CUST01759,2024-11-07,West,Paid Social,0.5753245969358987
CUST01728,2024-11-07,Northeast,Organic Search,0.487376861734045
CUST02199,2024-11-07,Northeast,Paid Social,0.6267905866419058
CUST00288,2024-11-08,South,Direct,0.3339548240717878
CUST01631,2024-11-08,Northeast,Paid Social,0.5365458171088615
CUST03926,2024-11-08,Northeast,Direct,0.8689508855118193
CUST03235,2024-11-08,South,Organic Search,0.3873337046037254
CUST00708,2024-11-08,Northeast,Paid Social,0.23541261141936382
CUST01455,2024-11-08,West,Direct,0.10667609502222497
CUST00978,2024-11-08,South,Organic Search,0.28123749866195813
CUST00922,2024-11-08,Northeast,Referral,0.7500940080462142
CUST00129,2024-11-09,Northeast,Paid Social,0.49174053693188746
CUST01897,2024-11-09,Midwest,Email,0.4162046993366219
CUST01344,2024-11-09,Northeast,Organic Search,0.33323026149879864
CUST02737,2024-11-09,South,Paid Social,0.37441488939863626
CUST03883,2024-11-10,South,Email,0.4633625802868866
CUST02530,2024-11-10,South,Organic Search,0.5121358194074135
CUST03763,2024-11-10,South,Referral,0.6942249676905106
CUST02247,2024-11-10,West,Organic Search,0.4748581080562551
CUST01765,2024-11-10,Northeast,Email,0.6160168335137086
CUST03512,2024-11-11,South,Paid Social,0.3912344061447015
CUST01627,2024-11-11,West,Direct,0.5186395159431765
CUST00930,2024-11-11,South,Direct,0.6500631178633859
CUST00535,2024-11-11,West,Paid Social,0.38053099721400346
CUST02561,2024-11-11,West,Organic Search,0.680255347911935
CUST02679,2024-11-12,Northeast,Referral,0.5315815823039749
CUST00228,2024-11-12,Northeast,Organic Search,0.4873640343667137
CUST02626,2024-11-12,South,Organic Search,0.14604069797577524
CUST03227,2024-11-12,Northeast,Direct,0.7168706749335702
CUST00597,2024-11-12,Northeast,Organic Search,0.8364526497453362
CUST03542,2024-11-12,South,Direct,0.6192677001188263
CUST02719,2024-11-12,South,Paid Social,0.2481934918693552
CUST02729,2024-11-13,South,Organic Search,0.4284390419766977
CUST01760,2024-11-13,Northeast,Email,0.4027007234804468
CUST03075,2024-11-13,West,Referral,0.17669356517916973
CUST03137,2024-11-13,Northeast,Paid Social,0.5271058926405994
CUST00424,2024-11-13,Northeast,Referral,0.4174537081104902
CUST00266,2024-11-13,Northeast,Direct,0.350428234510618
CUST02123,2024-11-13,West,Referral,0.40900855043521167
CUST03802,2024-11-13,South,Email,0.5345347953968212
CUST03751,2024-11-13,Northeast,Direct,0.8117055499070296
CUST00677,2024-11-13,Midwest,Paid Social,0.6531483754873185
CUST02037,2024-11-14,Midwest,Paid Social,0.5018673435752936
CUST01858,2024-11-14,Midwest,Organic Search,0.4398548735632493
CUST01161,2024-11-14,West,Email,0.5329434539940066
CUST01791,2024-11-14,Northeast,Referral,0.3779749917983869
CUST03378,2024-11-14,South,Organic Search,0.2796460435872287
CUST03722,2024-11-14,Northeast,Direct,0.5716160088958624
CUST00242,2024-11-14,Northeast,Organic Search,0.673161442986555
CUST02753,2024-11-14,Midwest,Referral,0.8208364240292201
CUST02190,2024-11-15,South,Direct,0.98
CUST01415,2024-11-15,Midwest,Email,0.4405764852603817
CUST01628,2024-11-15,South,Direct,0.5925299792491269
CUST02464,2024-11-15,West,Direct,0.7184120833560186
CUST02548,2024-11-15,Northeast,Paid Social,0.4922695643217829
CUST03673,2024-11-16,Midwest,Direct,0.5827777979228597
CUST00985,2024-11-16,Northeast,Organic Search,0.2502357336427833
CUST01118,2024-11-16,South,Email,0.3924036145688389
CUST02345,2024-11-16,South,Direct,0.4033706850077773
CUST01156,2024-11-16,Midwest,Referral,0.8550758588206628
CUST00260,2024-11-16,Midwest,Organic Search,0.35727482463082094
CUST01423,2024-11-17,South,Organic Search,0.3792643652676629
CUST03667,2024-11-17,Northeast,Direct,0.15189144719544018
CUST00786,2024-11-17,South,Paid Social,0.43476995638987703
CUST00981,2024-11-17,South,Direct,0.6298495602256455
CUST02065,2024-11-17,Northeast,Direct,0.47987724746697435
CUST02947,2024-11-17,South,Organic Search,0.32806883743919574
CUST02235,2024-11-17,Northeast,Direct,0.22244928765994815
CUST02560,2024-11-17,South,Direct,0.5503224506200713
CUST00966,2024-11-17,South,Email,0.8593559047582853
CUST01833,2024-11-17,Midwest,Organic Search,0.4969192125898631
CUST00698,2024-11-18,Northeast,Organic Search,0.6395376078028168
CUST00270,2024-11-18,West,Organic Search,0.3051346126766178
CUST03969,2024-11-18,South,Organic Search,0.31938716444127524
CUST01396,2024-11-18,West,Direct,0.1934651086305771
CUST00548,2024-11-18,Northeast,Paid Social,0.7504504894931242
CUST01546,2024-11-18,Midwest,Organic Search,0.23244701476070379
CUST01318,2024-11-18,Northeast,Direct,0.3704394883233765
CUST03955,2024-11-19,Midwest,Email,0.45230318357631455
CUST00915,2024-11-19,Midwest,Referral,0.6439123663195869
CUST02966,2024-11-19,Northeast,Organic Search,0.7168674013838889
CUST00520,2024-11-20,Northeast,Organic Search,0.43815385520990313
CUST01608,2024-11-20,Northeast,Organic Search,0.3753438384810629
CUST01350,2024-11-20,Midwest,Organic Search,0.39920097832728985
CUST02676,2024-11-20,Northeast,Referral,0.23378059619216357
CUST01644,2024-11-20,Northeast,Referral,0.38814823602605025
CUST03825,2024-11-20,Midwest,Paid Social,0.8972443134526478
CUST00688,2024-11-20,South,Direct,0.6849966494644177
CUST00455,2024-11-21,South,Email,0.48985537318223615
CUST01654,2024-11-21,Northeast,Organic Search,0.805870690821363
CUST00468,2024-11-21,South,Referral,0.5390616170091128
CUST03019,2024-11-22,South,Referral,0.4846694160306391
CUST00531,2024-11-22,South,Organic Search,0.4517929114904029
CUST02445,2024-11-22,Northeast,Direct,0.5236077667314147
CUST02973,2024-11-22,Midwest,Direct,0.7567557796130939
CUST01505,2024-11-22,South,Paid Social,0.38729046849306675
CUST00665,2024-11-22,South,Organic Search,0.36580007720472796
CUST03415,2024-11-22,South,Direct,0.7655440786361861
CUST01188,2024-11-22,West,Paid Social,0.5090589928650164
CUST02614,2024-11-22,Midwest,Organic Search,0.5335458335431955
CUST02024,2024-11-23,West,Paid Social,0.43720855003274917
CUST03007,2024-11-23,South,Organic Search,0.6443805567742351
CUST00394,2024-11-23,Northeast,Organic Search,0.48933993142301974
CUST03423,2024-11-23,South,Email,0.7342607264232828
CUST00720,2024-11-23,South,Paid Social,0.7769813875290502
CUST03838,2024-11-23,South,Paid Social,0.6871429291427987
CUST03648,2024-11-24,Northeast,Paid Social,0.2890751577332493
CUST01580,2024-11-24,Northeast,Paid Social,0.6074388291963263
CUST01764,2024-11-24,Northeast,Organic Search,0.7666232577850431
CUST01048,2024-11-24,South,Paid Social,0.31711048668228825
CUST02414,2024-11-24,Northeast,Organic Search,0.6186914142637363
CUST03347,2024-11-24,South,Paid Social,0.7585244820678689
CUST03303,2024-11-24,South,Organic Search,0.5567518008704941
CUST00967,2024-11-24,Midwest,Paid Social,0.30435371757540575
CUST03876,2024-11-25,Midwest,Paid Social,0.4271860814993092
CUST00625,2024-11-25,South,Organic Search,0.3598722264306928
CUST00137,2024-11-25,Midwest,Direct,0.21032132537303222
CUST00494,2024-11-25,West,Organic Search,0.48882617402431106
CUST01568,2024-11-25,Midwest,Email,0.304042265600426
CUST01525,2024-11-25,South,Organic Search,0.375835690627382
CUST01873,2024-11-25,Northeast,Organic Search,0.8872205600605028
CUST00490,2024-11-26,South,Direct,0.6604335262880479
CUST02213,2024-11-26,Midwest,Email,0.8040245633702656
CUST03449,2024-11-26,South,Organic Search,0.41762567826126085
CUST02183,2024-11-26,South,Paid Social,0.606694302522785
CUST00850,2024-11-26,Midwest,Direct,0.8094039814110988
CUST03436,2024-11-27,Northeast,Paid Social,0.4742214183514471
CUST00193,2024-11-27,South,Organic Search,0.44492553404856783
CUST03170,2024-11-27,Midwest,Organic Search,0.6750474771084293
CUST01181,2024-11-27,West,Organic Search,0.5147593627694855
CUST02692,2024-11-27,Northeast,Paid Social,0.4274408832443336
CUST03810,2024-11-27,South,Referral,0.3862983910983383
CUST01758,2024-11-28,Midwest,Organic Search,0.7514557802268818
CUST03225,2024-11-28,Midwest,Organic Search,0.7288372566946275
CUST03613,2024-11-28,Midwest,Email,0.06144619149829178
CUST01952,2024-11-28,West,Email,0.2576992217784213
CUST03895,2024-11-28,Northeast,Paid Social,0.5187058567886417
CUST01305,2024-11-29,South,Paid Social,0.8084963733688302
CUST00896,2024-11-29,Northeast,Organic Search,0.38274942854484434
CUST01662,2024-11-29,West,Direct,0.1320809014827582
CUST03864,2024-11-29,South,Direct,0.5027238836629985
CUST00956,2024-11-29,Midwest,Paid Social,0.33773653408519944
CUST03602,2024-11-29,Northeast,Organic Search,0.3315533174394559
CUST02494,2024-11-29,Northeast,Direct,0.504811540612636
CUST03425,2024-11-29,West,Email,0.49039752964965433
CUST02144,2024-11-29,Midwest,Paid Social,0.0865779550781205
CUST02971,2024-11-29,South,Direct,0.4269891314269051
CUST02124,2024-11-29,Midwest,Organic Search,0.7214607318207827
CUST02864,2024-11-30,South,Email,0.3225416575678355
CUST03124,2024-11-30,South,Paid Social,0.38003178500134077
CUST00767,2024-11-30,Midwest,Direct,0.785878528020264
CUST00269,2024-11-30,South,Organic Search,0.35926963283368174
CUST02027,2024-12-01,South,Paid Social,0.6553404467419557
CUST00672,2024-12-01,Midwest,Paid Social,0.6240034428187156
CUST03177,2024-12-01,Northeast,Paid Social,0.02
CUST03920,2024-12-01,Midwest,Direct,0.6955585927092042
CUST00953,2024-12-01,Northeast,Organic Search,0.7310282932389688
CUST03922,2024-12-01,Northeast,Paid Social,0.48827760646206614
CUST01135,2024-12-01,South,Organic Search,0.5000178061927276
CUST01829,2024-12-01,West,Direct,0.245294134912302
CUST00323,2024-12-01,Midwest,Direct,0.4736512948576056
CUST03331,2024-12-01,South,Email,0.49198522509057646
CUST00987,2024-12-02,Northeast,Email,0.38423565568263474
CUST00601,2024-12-02,Midwest,Organic Search,0.49679047518333036
CUST02927,2024-12-02,Northeast,Referral,0.5259862257989999
CUST01846,2024-12-02,South,Organic Search,0.5853275635590132
CUST00702,2024-12-02,South,Email,0.5588487689317133
CUST03417,2024-12-02,Northeast,Paid Social,0.3952397797704776
CUST02629,2024-12-02,Northeast,Paid Social,0.41313934731593926
CUST00900,2024-12-02,Midwest,Direct,0.8678751132454458
CUST02393,2024-12-02,South,Paid Social,0.5267974603715934
CUST02726,2024-12-03,Midwest,Direct,0.38209601994689124
CUST03609,2024-12-03,Midwest,Direct,0.7128740324838845
CUST03970,2024-12-03,South,Paid Social,0.712460400226997
CUST03344,2024-12-03,South,Organic Search,0.7794840304325137
CUST02904,2024-12-03,West,Paid Social,0.5637253135610499
CUST01885,2024-12-03,West,Organic Search,0.37457642313365763
CUST02825,2024-12-04,Midwest,Direct,0.2825282712552255
CUST01200,2024-12-04,West,Email,0.368483799744879
CUST01540,2024-12-04,Midwest,Organic Search,0.2793546470220942
CUST02508,2024-12-04,Northeast,Organic Search,0.38238724917585776
CUST02417,2024-12-04,South,Direct,0.6232672797082021
CUST01661,2024-12-04,Northeast,Paid Social,0.6390284855035929
CUST01554,2024-12-04,South,Organic Search,0.543354959338562
CUST02226,2024-12-04,West,Organic Search,0.4156364787866309
CUST01397,2024-12-04,Northeast,Paid Social,0.4512154484704105
CUST03640,2024-12-04,South,Organic Search,0.48958254693869985
CUST03875,2024-12-04,Northeast,Organic Search,0.40210111774859586
CUST01638,2024-12-05,Northeast,Direct,0.16838965663296068
CUST00343,2024-12-05,South,Direct,0.28439989584376857
CUST01982,2024-12-05,Midwest,Direct,0.49857724973932444
CUST02917,2024-12-05,South,Paid Social,0.18305539635741575
CUST00675,2024-12-05,South,Email,0.24245307461985116
CUST03367,2024-12-05,Midwest,Referral,0.4250150663728458
CUST01290,2024-12-05,Midwest,Organic Search,0.20910769311940608
CUST03600,2024-12-05,Midwest,Paid Social,0.7768925769639676
CUST00825,2024-12-06,West,Email,0.6152948279661755
CUST03121,2024-12-06,South,Email,0.8828734554114176
CUST01211,2024-12-06,Midwest,Paid Social,0.5055762083000027
CUST03604,2024-12-06,West,Paid Social,0.68240526665277
CUST02907,2024-12-07,West,Paid Social,0.38446612305097405
CUST00996,2024-12-07,Midwest,Direct,0.6108072439429049
CUST02898,2024-12-07,South,Organic Search,0.39774337527585085
CUST02179,2024-12-07,South,Paid Social,0.5005030632918182
CUST02829,2024-12-07,South,Organic Search,0.33679836130798274
CUST02128,2024-12-07,Midwest,Email,0.3996189008197131
CUST02359,2024-12-07,Midwest,Direct,0.5284062058002278
CUST02721,2024-12-08,Midwest,Direct,0.48610060904270136
CUST03692,2024-12-08,Northeast,Organic Search,0.7942015826979432
CUST01755,2024-12-08,Midwest,Paid Social,0.3411591236800632
CUST00240,2024-12-08,South,Email,0.16199964641077336
CUST03819,2024-12-08,Midwest,Paid Social,0.7269820864754387
CUST00599,2024-12-08,West,Organic Search,0.4753707421401576
CUST03026,2024-12-08,South,Paid Social,0.5870010755606803
CUST00880,2024-12-09,Northeast,Organic Search,0.5128147677840748
CUST01753,2024-12-09,Midwest,Direct,0.41763209835037296
CUST00085,2024-12-09,South,Organic Search,0.6127064421394828
CUST01171,2024-12-09,West,Paid Social,0.8965194070972617
CUST00245,2024-12-09,Midwest,Organic Search,0.6490413955262814
CUST03009,2024-12-09,South,Email,0.5005381652829388
CUST03117,2024-12-09,South,Organic Search,0.3274398785647201
CUST03185,2024-12-09,Northeast,Referral,0.607386094530453
CUST03171,2024-12-09,South,Organic Search,0.18928854764403524
CUST01172,2024-12-10,South,Paid Social,0.11108187521928775
CUST00040,2024-12-10,South,Paid Social,0.5454759977196835
CUST00192,2024-12-10,South,Organic Search,0.5014436913450353
CUST03546,2024-12-10,Midwest,Organic Search,0.5352129327431686
CUST03865,2024-12-10,South,Organic Search,0.3159005304375748
CUST02996,2024-12-10,Northeast,Direct,0.39586660707816074
CUST00658,2024-12-11,South,Direct,0.3468108119946616
CUST02231,2024-12-11,West,Organic Search,0.22052268058730523
CUST02158,2024-12-11,Northeast,Organic Search,0.4718595226631383
CUST03317,2024-12-11,Northeast,Direct,0.17244999336369243
CUST01111,2024-12-11,Midwest,Direct,0.26455657734531546
CUST02568,2024-12-11,Northeast,Paid Social,0.5494605778192909
CUST02010,2024-12-11,South,Email,0.5109619719646604
CUST00475,2024-12-12,Midwest,Organic Search,0.4897323994926408
CUST01370,2024-12-12,Midwest,Direct,0.926460910854277
CUST00743,2024-12-12,Northeast,Organic Search,0.5988883098425754
CUST00458,2024-12-12,Northeast,Referral,0.5053784123450372
CUST00341,2024-12-12,Northeast,Direct,0.6209080798264719
CUST00130,2024-12-12,Northeast,Organic Search,0.8054904691959022
CUST02758,2024-12-12,West,Organic Search,0.45177961880597034
CUST01196,2024-12-12,Midwest,Direct,0.8172165983442401
CUST02185,2024-12-12,West,Paid Social,0.46211946643870083
CUST00958,2024-12-12,Northeast,Paid Social,0.5378927816273049
CUST01417,2024-12-12,South,Organic Search,0.48122229882229833
CUST00099,2024-12-13,Northeast,Email,0.7554162124373275
CUST01985,2024-12-13,Midwest,Referral,0.31917571859157967
CUST03301,2024-12-13,South,Referral,0.6837638133570092
CUST01235,2024-12-13,Northeast,Email,0.6342999057000496
CUST00673,2024-12-13,Midwest,Paid Social,0.8430514205325144
CUST01467,2024-12-13,South,Organic Search,0.43946195360992774
CUST00920,2024-12-13,South,Email,0.2583451521147892
CUST01585,2024-12-13,West,Paid Social,0.7160836936177966
CUST03764,2024-12-13,West,Organic Search,0.4828767122171058
CUST03492,2024-12-13,South,Direct,0.2736151098708557
CUST00782,2024-12-13,Northeast,Paid Social,0.3096151168012351
CUST03757,2024-12-13,Northeast,Referral,0.027023638113775617
CUST03925,2024-12-14,South,Organic Search,0.47812589847978193
CUST02689,2024-12-14,West,Organic Search,0.6271089142484464
CUST01337,2024-12-14,South,Email,0.6643875596491335
CUST01128,2024-12-14,Northeast,Paid Social,0.3803639655897607
CUST03550,2024-12-14,Midwest,Organic Search,0.2406747858430091
CUST01994,2024-12-14,Midwest,Direct,0.3908883618850309
CUST03408,2024-12-14,Northeast,Organic Search,0.5227719236301048
CUST03730,2024-12-14,Midwest,Direct,0.6555893219290493
CUST03721,2024-12-14,South,Referral,0.46870893941495073
CUST02970,2024-12-14,South,Paid Social,0.8474699813565072
CUST02992,2024-12-14,West,Organic Search,0.5489621326242804
CUST03502,2024-12-15,South,Email,0.5541463717920921
CUST00616,2024-12-15,South,Organic Search,0.40975261434989124
CUST03324,2024-12-15,Northeast,Email,0.7090969851024744
CUST01068,2024-12-15,Northeast,Direct,0.3984051525516966
CUST02437,2024-12-15,West,Paid Social,0.757623443566207
CUST03147,2024-12-16,West,Organic Search,0.026415756227760212
CUST00569,2024-12-16,South,Email,0.582046968884324
CUST03647,2024-12-16,South,Paid Social,0.3447025895991771
CUST00600,2024-12-16,West,Paid Social,0.8185427467565556
CUST03696,2024-12-16,Midwest,Paid Social,0.4928533863438619
CUST03266,2024-12-16,Northeast,Referral,0.554892707761709
CUST00026,2024-12-17,Midwest,Direct,0.48478825093971123
CUST03862,2024-12-17,Northeast,Paid Social,0.352488970955838
CUST03118,2024-12-17,South,Email,0.3728171557217385
CUST03977,2024-12-17,South,Referral,0.4093596707954496
CUST01715,2024-12-17,West,Organic Search,0.34165263866805595
CUST03577,2024-12-18,West,Organic Search,0.5002592413062213
CUST02184,2024-12-18,Midwest,Organic Search,0.582768186828367
CUST02448,2024-12-18,Midwest,Email,0.409558921388468
CUST01717,2024-12-18,South,Paid Social,0.22496251657834604
CUST03675,2024-12-18,South,Paid Social,0.729593510837645
CUST00984,2024-12-19,South,Referral,0.48738220946327804
CUST02986,2024-12-19,Midwest,Referral,0.31384469099384704
CUST02072,2024-12-19,South,Paid Social,0.5312528863076421
CUST02015,2024-12-19,South,Organic Search,0.5451293851422379
CUST01130,2024-12-20,West,Organic Search,0.502510544622057
CUST01221,2024-12-20,Midwest,Organic Search,0.3038283885925962
CUST02361,2024-12-20,Northeast,Organic Search,0.5205769014452799
CUST00244,2024-12-20,Northeast,Referral,0.5800788800091449
CUST00824,2024-12-20,West,Organic Search,0.7574924527696945
CUST00934,2024-12-20,West,Email,0.2964170908689313
CUST01255,2024-12-20,Northeast,Paid Social,0.8850426155518509
CUST02905,2024-12-21,South,Direct,0.5928499147343167
CUST00502,2024-12-21,South,Paid Social,0.4004189834730202
CUST01205,2024-12-21,West,Email,0.8001006227235787
CUST02754,2024-12-21,Midwest,Direct,0.2775033103552579
CUST00771,2024-12-21,Northeast,Paid Social,0.3632464715695434
CUST01089,2024-12-21,South,Organic Search,0.6302532610021367
CUST03589,2024-12-21,Midwest,Referral,0.2582516590478686
CUST02481,2024-12-21,Midwest,Organic Search,0.34686726064453877
CUST01887,2024-12-21,West,Organic Search,0.5526245453161188
CUST02258,2024-12-22,Midwest,Organic Search,0.4299315048152323
CUST01812,2024-12-22,Northeast,Email,0.3171923814853246
CUST00652,2024-12-22,Midwest,Direct,0.6193866462799467
CUST03273,2024-12-22,West,Direct,0.7577381734787833
CUST01723,2024-12-22,West,Organic Search,0.5747637117527692
CUST02930,2024-12-22,Midwest,Paid Social,0.1228405291032858
CUST00986,2024-12-22,Northeast,Email,0.8320757637945944
CUST01398,2024-12-22,Northeast,Organic Search,0.2304420499638879
CUST02380,2024-12-22,Northeast,Paid Social,0.5356659174526475
CUST01438,2024-12-22,Midwest,Paid Social,0.21436867124321007
CUST02324,2024-12-22,Northeast,Direct,0.3891374577573664
CUST00003,2024-12-23,West,Email,0.7365449721434818
CUST01224,2024-12-23,South,Organic Search,0.19415384401106128
CUST00123,2024-12-23,Midwest,Email,0.5566284519009418
CUST02086,2024-12-23,West,Direct,0.36279062856811534
CUST02551,2024-12-23,Northeast,Email,0.7397303179703777
CUST02195,2024-12-24,Midwest,Direct,0.4299934560952444
CUST02396,2024-12-24,Midwest,Paid Social,0.27928809380482
CUST03794,2024-12-24,Northeast,Organic Search,0.5740099366530885
CUST01277,2024-12-24,Midwest,Paid Social,0.4703055863186068
CUST01693,2024-12-24,Northeast,Paid Social,0.7316339929759946
CUST03963,2024-12-24,South,Organic Search,0.19993822182958781
CUST00842,2024-12-24,Midwest,Direct,0.44942430610992323
CUST02619,2024-12-24,Midwest,Organic Search,0.579652050854019
CUST02584,2024-12-25,West,Organic Search,0.24551942841639163
CUST01981,2024-12-25,Northeast,Paid Social,0.27718428095998915
CUST01597,2024-12-25,West,Organic Search,0.4532223615792072
CUST03409,2024-12-25,Northeast,Referral,0.5721897428697359
CUST02023,2024-12-25,Midwest,Direct,0.15937070489051192
CUST03438,2024-12-25,Northeast,Referral,0.7498508876182979
CUST00730,2024-12-25,West,Email,0.9223058662620207
CUST00255,2024-12-26,West,Direct,0.3908232832394281
CUST00316,2024-12-26,Midwest,Paid Social,0.38707070675762073
CUST02771,2024-12-26,South,Organic Search,0.49356037371947853
CUST01959,2024-12-26,Northeast,Organic Search,0.481942004930005
CUST03834,2024-12-26,South,Referral,0.6099361639102037
CUST02050,2024-12-26,South,Email,0.26817968276468596
CUST02897,2024-12-26,Northeast,Organic Search,0.9469466474571988
CUST02022,2024-12-26,Northeast,Organic Search,0.3829179556360952
CUST00372,2024-12-27,Midwest,Organic Search,0.6875583077050105
CUST00446,2024-12-27,South,Organic Search,0.5611050816421546
CUST00156,2024-12-27,West,Organic Search,0.6741905034502969
CUST02088,2024-12-27,South,Organic Search,0.6971978660117043
CUST03000,2024-12-27,South,Email,0.5556380058724742
CUST03929,2024-12-27,West,Referral,0.48877237091806497
CUST00237,2024-12-28,Northeast,Paid Social,0.5131200296685188
CUST00162,2024-12-28,Northeast,Email,0.19243330964457128
CUST02242,2024-12-28,West,Direct,0.5056941582218855
CUST00479,2024-12-28,Midwest,Organic Search,0.4841007248610292
CUST02877,2024-12-28,Northeast,Direct,0.4349332129862913
CUST01648,2024-12-28,Midwest,Paid Social,0.10690032559892998
CUST00822,2024-12-29,South,Direct,0.14630162688818954
CUST00311,2024-12-29,West,Organic Search,0.5270230206168409
CUST00819,2024-12-29,Midwest,Organic Search,0.29595521864588137
CUST00108,2024-12-29,West,Organic Search,0.29150819778124254
CUST02722,2024-12-30,South,Paid Social,0.9266661460864389
CUST02084,2024-12-30,Midwest,Email,0.3198658039896055
CUST02563,2024-12-30,Midwest,Direct,0.5614099316729975
CUST03159,2024-12-30,Midwest,Organic Search,0.17383244137748755
CUST01049,2024-12-30,West,Paid Social,0.2881193446016007
CUST00122,2024-12-30,Northeast,Paid Social,0.5026387311962881
CUST03739,2024-12-30,West,Email,0.435465092508189
CUST02102,2024-12-30,South,Organic Search,0.5923515609846424
CUST02616,2024-12-31,Midwest,Email,0.41338675881460457
CUST00080,2024-12-31,Northeast,Direct,0.29533774384682154
CUST03655,2024-12-31,Midwest,Direct,0.6749486086702846
CUST00859,2024-12-31,South,Organic Search,0.46950495013168275
CUST01132,2024-12-31,West,Email,0.45925644387940845
CUST01613,2024-12-31,South,Email,0.600681611163291
CUST03983,2025-01-01,West,Direct,0.48071449401754385
CUST01306,2025-01-01,Northeast,Paid Social,0.5613155075329136
CUST00736,2025-01-01,Midwest,Direct,0.6334752487666846
CUST02659,2025-01-01,South,Email,0.5663707453559819
CUST03002,2025-01-01,South,Organic Search,0.732603816167736
CUST00641,2025-01-01,South,Organic Search,0.5603349437619436
CUST00283,2025-01-01,Midwest,Paid Social,0.46180944742569885
CUST03193,2025-01-01,Northeast,Paid Social,0.4063693654706229
CUST01427,2025-01-01,Northeast,Direct,0.38785677694655385
CUST02932,2025-01-02,South,Organic Search,0.7047173293250013
CUST03375,2025-01-02,South,Email,0.4424006218001748
CUST00312,2025-01-02,Northeast,Direct,0.18968199950048392
CUST02280,2025-01-02,South,Paid Social,0.6978593990866934
CUST02817,2025-01-02,Northeast,Direct,0.9720274499315071
CUST01813,2025-01-02,South,Referral,0.5877178851079277
CUST03610,2025-01-03,South,Paid Social,0.36825996676485273
CUST03984,2025-01-03,Midwest,Email,0.7758884345964066
CUST02112,2025-01-03,West,Organic Search,0.46035851638006686
CUST01274,2025-01-03,South,Organic Search,0.6915618510997164
CUST03813,2025-01-03,South,Email,0.7738788993756027
CUST01424,2025-01-03,Midwest,Paid Social,0.26973810011852717
CUST01329,2025-01-03,South,Organic Search,0.7315986105159175
CUST01071,2025-01-03,Northeast,Email,0.35847251378014067
CUST02438,2025-01-04,Northeast,Referral,0.45164570084024874
CUST01298,2025-01-04,South,Organic Search,0.39658496268212906
CUST03233,2025-01-04,Midwest,Email,0.5250112382223783
CUST01668,2025-01-04,Northeast,Paid Social,0.6015225530066104
CUST02034,2025-01-05,South,Organic Search,0.36946440268254777
CUST00416,2025-01-05,Northeast,Organic Search,0.26330235782622763
CUST03206,2025-01-05,Northeast,Direct,0.19183354632495142
CUST00257,2025-01-05,West,Email,0.392148503675836
CUST03767,2025-01-05,Midwest,Organic Search,0.7005021444089496
CUST03390,2025-01-05,West,Organic Search,0.5169616745699622
CUST03519,2025-01-05,Northeast,Organic Search,0.6933517664232969
CUST00711,2025-01-05,West,Organic Search,0.6934880920275813
CUST00049,2025-01-05,Northeast,Organic Search,0.4976178298228363
CUST01327,2025-01-05,Midwest,Direct,0.5460736038279443
CUST00550,2025-01-06,Midwest,Organic Search,0.6339508193423835
CUST00827,2025-01-06,Midwest,Organic Search,0.3411193205199019
CUST02285,2025-01-06,West,Organic Search,0.8292010653975572
CUST02632,2025-01-06,Midwest,Paid Social,0.7479445928710351
CUST02468,2025-01-06,South,Paid Social,0.6619091031100249
CUST00098,2025-01-07,South,Paid Social,0.10456279121008194
CUST03719,2025-01-07,Northeast,Direct,0.7448221783839121
CUST01703,2025-01-07,South,Paid Social,0.8385820090255425
CUST03612,2025-01-07,South,Email,0.5392697928124115
CUST00060,2025-01-07,Northeast,Direct,0.21525357775925513
CUST03192,2025-01-07,South,Organic Search,0.3664826598307647
CUST03829,2025-01-07,South,Paid Social,0.5879943124302359
CUST01973,2025-01-07,South,Paid Social,0.6584802264780807
CUST01696,2025-01-07,Midwest,Email,0.14337686262129018
CUST02267,2025-01-08,Midwest,Direct,0.8178597389075668
CUST01780,2025-01-08,West,Referral,0.35168039869472034
CUST01510,2025-01-08,Midwest,Email,0.5662039449607003
CUST00813,2025-01-08,South,Paid Social,0.6544820295820227
CUST00191,2025-01-08,Northeast,Direct,0.1473098788702179
CUST00636,2025-01-09,Midwest,Organic Search,0.41862709708905893
CUST02256,2025-01-09,Northeast,Organic Search,0.5917979798548058
CUST03576,2025-01-09,Northeast,Paid Social,0.24822730747318256
CUST00615,2025-01-09,Midwest,Direct,0.8795788464785224
CUST00075,2025-01-09,Midwest,Direct,0.6079469034512702
CUST02136,2025-01-09,Northeast,Paid Social,0.48061628607414697
CUST00788,2025-01-09,South,Referral,0.6837692976828998
CUST01062,2025-01-10,Midwest,Organic Search,0.40440645589278107
CUST03797,2025-01-10,South,Organic Search,0.713026274527089
CUST01547,2025-01-10,Midwest,Paid Social,0.4740344038307613
CUST00587,2025-01-11,Midwest,Organic Search,0.4551898587531029
CUST03268,2025-01-11,West,Direct,0.15505150141335522
CUST02718,2025-01-11,South,Organic Search,0.6862881818636739
CUST03588,2025-01-11,Midwest,Paid Social,0.4522302527611698
CUST03573,2025-01-11,South,Paid Social,0.4566805136145089
CUST01149,2025-01-11,West,Referral,0.7441492884657728
CUST00941,2025-01-12,West,Referral,0.4866553722034334
CUST01183,2025-01-12,South,Email,0.4527442729033623
CUST02517,2025-01-12,Midwest,Direct,0.575424688254044
CUST01614,2025-01-13,West,Paid Social,0.7073277169182024
CUST03976,2025-01-13,Northeast,Organic Search,0.870391804035664
CUST03608,2025-01-13,South,Paid Social,0.6591221325445642
CUST00666,2025-01-14,West,Referral,0.1358267971076067
CUST03877,2025-01-14,South,Direct,0.34119296266498605
CUST00422,2025-01-14,Northeast,Paid Social,0.4228433880158471
CUST02075,2025-01-15,Northeast,Direct,0.7903174743691979
CUST00184,2025-01-15,Northeast,Email,0.6590978516409072
CUST00008,2025-01-15,Northeast,Direct,0.27054811535137
CUST00175,2025-01-15,Midwest,Paid Social,0.2955513331714803
CUST00875,2025-01-15,Northeast,Organic Search,0.5325181961830117
CUST02501,2025-01-16,Northeast,Organic Search,0.5198019245404686
CUST01733,2025-01-16,South,Paid Social,0.596845181550579
CUST00866,2025-01-16,Northeast,Paid Social,0.5033003514828843
CUST03221,2025-01-16,Northeast,Direct,0.40287429328515356
CUST01472,2025-01-16,Midwest,Direct,0.43997520264075135
CUST02375,2025-01-16,South,Email,0.6546540484646546
CUST02181,2025-01-17,South,Organic Search,0.6175351075925704
CUST01303,2025-01-17,Northeast,Direct,0.42163534195049174
CUST02211,2025-01-17,South,Paid Social,0.14384956092560774
CUST03105,2025-01-17,West,Referral,0.5548477305395157
CUST01348,2025-01-17,South,Paid Social,0.6039607507111266
CUST00204,2025-01-17,Northeast,Organic Search,0.4663540574548949
CUST02141,2025-01-17,Midwest,Organic Search,0.448741278186155
CUST00086,2025-01-17,Northeast,Direct,0.5995156549388391
CUST02120,2025-01-17,Midwest,Referral,0.5145056105271936
CUST00043,2025-01-17,South,Referral,0.1997242949046396
CUST00932,2025-01-17,Northeast,Referral,0.3725462174982895
CUST03933,2025-01-18,Midwest,Paid Social,0.22428046864107476
CUST01595,2025-01-18,Northeast,Email,0.5193897161847456
CUST01194,2025-01-18,South,Paid Social,0.22721070566750912
CUST00982,2025-01-18,Midwest,Direct,0.43241843038235134
CUST02155,2025-01-19,South,Email,0.5522905310160907
CUST03005,2025-01-19,Northeast,Organic Search,0.7941848905010616
CUST02842,2025-01-19,Midwest,Organic Search,0.5198805055963533
CUST03557,2025-01-19,Midwest,Paid Social,0.12521669663298324
CUST00223,2025-01-19,Midwest,Email,0.13255953063716325
CUST03068,2025-01-19,Midwest,Email,0.3924914462874101
CUST02707,2025-01-20,Northeast,Organic Search,0.46457282402447236
CUST01064,2025-01-20,West,Organic Search,0.3151481178366706
CUST02774,2025-01-20,Midwest,Referral,0.49532537160082146
CUST01041,2025-01-20,Midwest,Email,0.531009251260995
CUST01539,2025-01-20,Northeast,Organic Search,0.3882316066143746
CUST00110,2025-01-20,Northeast,Email,0.32051897142606134
CUST02799,2025-01-21,West,Organic Search,0.5150404819669454
CUST03065,2025-01-21,West,Organic Search,0.6382613860185519
CUST02820,2025-01-21,South,Direct,0.6536598977316865
CUST01600,2025-01-21,Midwest,Email,0.3997841060784936
CUST03050,2025-01-21,West,Paid Social,0.3898050824962369
CUST00892,2025-01-22,West,Paid Social,0.5480777645009198
CUST01894,2025-01-22,South,Organic Search,0.4210650189722126
CUST01317,2025-01-22,South,Direct,0.786322930454918
CUST03135,2025-01-22,West,Organic Search,0.14585279420471148
CUST03931,2025-01-22,West,Organic Search,0.3074550085212139
CUST00906,2025-01-22,South,Direct,0.4500515099179048
CUST03681,2025-01-22,West,Email,0.5037036830546655
CUST03490,2025-01-22,South,Direct,0.7607653547712683
CUST02408,2025-01-22,Midwest,Referral,0.3909497062664881
CUST01045,2025-01-22,South,Direct,0.9317247453801714
CUST00541,2025-01-22,South,Direct,0.5966814631946518
CUST01522,2025-01-23,West,Paid Social,0.8803393893844146
CUST03446,2025-01-23,Midwest,Organic Search,0.8158408420073597
CUST03870,2025-01-23,Northeast,Direct,0.29168260605731716
CUST03856,2025-01-23,West,Organic Search,0.6700430104232961
CUST01077,2025-01-23,Midwest,Organic Search,0.27428316967656985
CUST02245,2025-01-23,South,Direct,0.02
CUST03151,2025-01-24,South,Paid Social,0.3341712727667666
CUST01197,2025-01-24,South,Organic Search,0.6703876664911176
CUST03554,2025-01-24,Northeast,Organic Search,0.5440236692354734
CUST01276,2025-01-24,West,Referral,0.3916311821240247
CUST03907,2025-01-25,South,Paid Social,0.8071305161727542
CUST02055,2025-01-25,West,Direct,0.768625444346779
CUST00430,2025-01-25,South,Organic Search,0.4890596369562934
CUST02353,2025-01-25,South,Direct,0.5432700645958756
CUST02941,2025-01-25,West,Organic Search,0.36396352569293156
CUST02295,2025-01-25,West,Email,0.48880140166038616
CUST02981,2025-01-26,West,Paid Social,0.13622172092182938
CUST00212,2025-01-26,Midwest,Referral,0.24385651265632424
CUST00177,2025-01-26,Midwest,Referral,0.48069623938102995
CUST01332,2025-01-26,Midwest,Direct,0.6829304768147869
CUST01675,2025-01-26,South,Paid Social,0.7768211693011847
CUST00774,2025-01-26,Northeast,Direct,0.47780624373395486
CUST00015,2025-01-26,Midwest,Organic Search,0.3700985019527342
CUST02969,2025-01-27,Northeast,Direct,0.35392442176011896
CUST01750,2025-01-27,Northeast,Direct,0.5835928551698993
CUST00236,2025-01-27,West,Organic Search,0.6658306590758241
CUST02019,2025-01-27,Northeast,Paid Social,0.7925284685552798
CUST02985,2025-01-27,Midwest,Email,0.4345118744876588
CUST03093,2025-01-27,Midwest,Organic Search,0.2895615597347305
CUST02131,2025-01-27,South,Email,0.33919449577438177
CUST02064,2025-01-28,South,Referral,0.6390713401955574
CUST00727,2025-01-28,South,Organic Search,0.4001941489978284
CUST01903,2025-01-28,South,Direct,0.6629257027232635
CUST03641,2025-01-28,Midwest,Referral,0.664534812208397
CUST01208,2025-01-28,Northeast,Organic Search,0.7403039354469563
CUST00395,2025-01-28,South,Email,0.1517285863123709
CUST03400,2025-01-29,Northeast,Email,0.4794552002575742
CUST00697,2025-01-29,West,Paid Social,0.5620205776989373
CUST00174,2025-01-29,Northeast,Paid Social,0.23514763146357204
CUST03731,2025-01-29,Midwest,Organic Search,0.5963350124551441
CUST01641,2025-01-29,Midwest,Organic Search,0.5167768695689166
CUST02598,2025-01-29,Northeast,Email,0.24263128091054748
CUST02793,2025-01-29,Midwest,Paid Social,0.6709103916666154
CUST00681,2025-01-29,West,Email,0.6912780532683938
CUST00225,2025-01-29,West,Paid Social,0.6392740143444176
CUST02938,2025-01-29,South,Organic Search,0.913552501302781
CUST03939,2025-01-29,South,Referral,0.5684799195901852
CUST01119,2025-01-29,Midwest,Organic Search,0.15795756873566202
CUST00793,2025-01-29,South,Referral,0.7018792641883027
CUST00461,2025-01-29,West,Organic Search,0.5525816405266032
CUST03836,2025-01-30,Northeast,Organic Search,0.4816241454614405
CUST02855,2025-01-30,Northeast,Paid Social,0.16187751938479877
CUST01598,2025-01-30,West,Referral,0.27059121916025386
CUST02067,2025-01-30,Midwest,Organic Search,0.4781850102049555
CUST01137,2025-01-30,West,Organic Search,0.3351067902374511
CUST02859,2025-01-30,Northeast,Organic Search,0.7669049806183916
CUST01670,2025-01-31,South,Paid Social,0.657533861922859
CUST02018,2025-01-31,Midwest,Referral,0.15472335295584283
CUST01879,2025-01-31,Northeast,Direct,0.25687277408026365
CUST00318,2025-01-31,South,Referral,0.776061145546161
CUST03715,2025-01-31,Northeast,Organic Search,0.2886286001833501
CUST00676,2025-01-31,South,Organic Search,0.3417107482543665
CUST03354,2025-02-01,South,Referral,0.02
CUST03953,2025-02-01,Midwest,Direct,0.5431002399603937
CUST01785,2025-02-01,South,Paid Social,0.5953092618477333
CUST02268,2025-02-01,West,Organic Search,0.459221808226677
CUST00731,2025-02-01,Northeast,Direct,0.13319021257911207
CUST00713,2025-02-01,Northeast,Organic Search,0.5607463661678814
CUST03047,2025-02-01,Northeast,Organic Search,0.5781861103688262
CUST03245,2025-02-01,Midwest,Paid Social,0.5949168505879041
CUST00737,2025-02-02,Northeast,Organic Search,0.6449047188041122
CUST02573,2025-02-02,Northeast,Direct,0.22104618793799963
CUST00760,2025-02-02,South,Organic Search,0.5200592128613213
CUST03280,2025-02-02,South,Direct,0.47770036707121155
CUST02709,2025-02-02,Northeast,Organic Search,0.4708926815274657
CUST02691,2025-02-02,Midwest,Paid Social,0.3207546903660083
CUST03934,2025-02-02,Northeast,Organic Search,0.7661867516662957
CUST00317,2025-02-02,Northeast,Paid Social,0.14838586799927733
CUST03999,2025-02-03,West,Paid Social,0.7314562614987128
CUST01033,2025-02-03,Northeast,Organic Search,0.38888656071469585
CUST01724,2025-02-03,Midwest,Paid Social,0.5344992198064664
CUST03031,2025-02-03,Northeast,Paid Social,0.98
CUST01218,2025-02-03,Northeast,Referral,0.8748692739760284
CUST01573,2025-02-04,Midwest,Organic Search,0.4941890727549098
CUST03946,2025-02-04,Northeast,Organic Search,0.34769786827176086
CUST01232,2025-02-04,Northeast,Organic Search,0.5168467411452119
CUST03958,2025-02-04,Northeast,Organic Search,0.8726453663784486
CUST03680,2025-02-04,Midwest,Paid Social,0.5512087518796516
CUST02965,2025-02-04,Northeast,Paid Social,0.15546822621881967
CUST01714,2025-02-04,South,Organic Search,0.5740444372378328
CUST02087,2025-02-04,South,Direct,0.5017099986737606
CUST03851,2025-02-04,West,Organic Search,0.7409486166798892
CUST01009,2025-02-04,Northeast,Organic Search,0.23294650546440288
CUST00886,2025-02-05,Northeast,Direct,0.666189335873323
CUST03473,2025-02-05,West,Organic Search,0.2362251521946433
CUST02057,2025-02-05,Midwest,Email,0.25698206822139325
CUST00662,2025-02-05,Midwest,Direct,0.7089942597893404
CUST00013,2025-02-05,Northeast,Organic Search,0.4577513440777441
CUST02400,2025-02-05,South,Referral,0.3428815037434043
CUST01591,2025-02-05,West,Paid Social,0.10591335923931644
CUST00557,2025-02-05,Northeast,Direct,0.2629056732704632
CUST03541,2025-02-05,West,Direct,0.6631914318697321
CUST01349,2025-02-05,South,Organic Search,0.217093536411194
CUST01860,2025-02-05,Northeast,Referral,0.2686962399000835
CUST01002,2025-02-06,South,Direct,0.6284256592369033
CUST00215,2025-02-06,West,Organic Search,0.5000663250512707
CUST03650,2025-02-06,Northeast,Paid Social,0.98
CUST00757,2025-02-06,West,Referral,0.6340221389744203
CUST02344,2025-02-06,Northeast,Paid Social,0.5902105364087253
CUST03014,2025-02-06,South,Organic Search,0.98
CUST03229,2025-02-06,Northeast,Referral,0.4586145010031196
CUST00631,2025-02-06,Northeast,Email,0.6589079436318709
CUST00377,2025-02-06,West,Organic Search,0.3807579166650157
CUST03388,2025-02-06,Northeast,Direct,0.7201523667315767
CUST03195,2025-02-07,West,Paid Social,0.1917244795072468
CUST01281,2025-02-07,South,Referral,0.5543879506772179
CUST01282,2025-02-07,Northeast,Organic Search,0.2194606742740579
CUST01449,2025-02-07,Midwest,Paid Social,0.8537574517397315
CUST00805,2025-02-07,Northeast,Direct,0.5283257547623808
CUST03267,2025-02-07,Midwest,Paid Social,0.9791814791370667
CUST02058,2025-02-07,West,Organic Search,0.7505381194080183
CUST01602,2025-02-07,Northeast,Direct,0.3682253044222119
CUST00603,2025-02-07,Midwest,Organic Search,0.34984034534159014
CUST00432,2025-02-07,South,Paid Social,0.27111923759002166
CUST03930,2025-02-07,Northeast,Paid Social,0.557547094352864
CUST01861,2025-02-07,Midwest,Email,0.12664074644754653
CUST00739,2025-02-07,South,Referral,0.7185482632913254
CUST00471,2025-02-07,Midwest,Paid Social,0.6496490685657311
CUST01722,2025-02-08,South,Direct,0.6708234669070436
CUST01966,2025-02-08,Northeast,Direct,0.7616288187012099
CUST02115,2025-02-08,South,Organic Search,0.9308396466713873
CUST03263,2025-02-08,Northeast,Referral,0.4168852224443834
CUST03849,2025-02-08,Northeast,Paid Social,0.3997391343299424
CUST01394,2025-02-09,Northeast,Referral,0.31696506192533647
CUST00059,2025-02-09,Northeast,Direct,0.47498025583364356
CUST01845,2025-02-09,West,Organic Search,0.3038474204643414
CUST02638,2025-02-09,South,Paid Social,0.49546009401255486
CUST03626,2025-02-09,South,Referral,0.5073450056528969
CUST01036,2025-02-09,South,Email,0.4052393645184612
CUST03020,2025-02-10,Midwest,Direct,0.5318114996108184
CUST00062,2025-02-10,Northeast,Paid Social,0.4305813635769631
CUST03494,2025-02-10,Midwest,Email,0.3907078770942752
CUST01513,2025-02-10,West,Organic Search,0.421811693903541
CUST03362,2025-02-10,Northeast,Paid Social,0.5104186902470249
CUST02172,2025-02-10,South,Email,0.6501912609978368
CUST01139,2025-02-10,South,Referral,0.5145766959422645
CUST00878,2025-02-10,Midwest,Paid Social,0.563768608028091
CUST01742,2025-02-10,Northeast,Paid Social,0.561573166946196
CUST03252,2025-02-11,Northeast,Paid Social,0.3359636721282318
CUST01899,2025-02-11,Northeast,Direct,0.4393334493455015
CUST00512,2025-02-11,Midwest,Organic Search,0.4316056205279718
CUST02403,2025-02-11,Northeast,Email,0.16747428861018543
CUST02043,2025-02-11,Northeast,Direct,0.4224731259647174
CUST00391,2025-02-11,South,Organic Search,0.6789141980229522
CUST02325,2025-02-11,Northeast,Direct,0.40650870790158583
CUST03183,2025-02-11,Northeast,Paid Social,0.416205536716454
CUST00378,2025-02-11,South,Direct,0.4607142155987658
CUST03472,2025-02-11,Northeast,Organic Search,0.43071203224873106
CUST02125,2025-02-11,West,Direct,0.7347372101491192
CUST02987,2025-02-12,South,Organic Search,0.37798972616047666
CUST02294,2025-02-12,South,Organic Search,0.7377377303218742
CUST03167,2025-02-12,Midwest,Email,0.46815792251211286
CUST00360,2025-02-12,Northeast,Paid Social,0.7466120549645545
CUST03028,2025-02-12,Midwest,Direct,0.41482425327342076
CUST00463,2025-02-12,Northeast,Referral,0.5158695768103438
CUST03076,2025-02-12,Northeast,Organic Search,0.6985833320403855
CUST02352,2025-02-13,Northeast,Direct,0.5805895719828706
CUST03768,2025-02-13,South,Email,0.6523874472963599
CUST00895,2025-02-13,West,Organic Search,0.02
CUST01984,2025-02-13,Northeast,Direct,0.536609920163427
CUST01234,2025-02-13,Northeast,Paid Social,0.5541628313762029
CUST02044,2025-02-13,West,Paid Social,0.5646916990218744
CUST03366,2025-02-13,West,Organic Search,0.7189816729169662
CUST03723,2025-02-13,Northeast,Paid Social,0.49484584087489564
CUST03457,2025-02-13,Northeast,Organic Search,0.3739264706505689
CUST03466,2025-02-13,West,Organic Search,0.6099785053124054
CUST01378,2025-02-14,West,Direct,0.22423825344395448
CUST03053,2025-02-14,South,Direct,0.4770502516619542
CUST02049,2025-02-14,Midwest,Paid Social,0.8056532734417969
CUST01667,2025-02-14,Northeast,Referral,0.7498459067440238
CUST03096,2025-02-14,South,Email,0.8970812722223049
CUST02348,2025-02-14,West,Organic Search,0.15730531162953998
CUST02362,2025-02-14,South,Direct,0.45641829633675607
CUST02099,2025-02-14,South,Paid Social,0.44147386047745585
CUST03585,2025-02-14,South,Direct,0.15693495470824376
CUST03615,2025-02-14,South,Organic Search,0.3560279940021202
CUST01790,2025-02-15,South,Organic Search,0.5036897157440419
CUST02503,2025-02-15,South,Organic Search,0.7680113229492596
CUST01065,2025-02-15,Midwest,Paid Social,0.4146471355342929
CUST01995,2025-02-15,Northeast,Organic Search,0.30226265398723623
CUST03282,2025-02-15,Midwest,Direct,0.16729440519320504
CUST03992,2025-02-15,South,Paid Social,0.5521113745009055
CUST03991,2025-02-15,Northeast,Organic Search,0.6219559267945357
CUST00493,2025-02-15,Northeast,Direct,0.6133676003978539
CUST02514,2025-02-15,Northeast,Direct,0.5113982503325
CUST02606,2025-02-16,Midwest,Paid Social,0.31432186864218825
CUST01098,2025-02-16,Midwest,Paid Social,0.6440887959185916
CUST03708,2025-02-16,West,Direct,0.4326883569741286
CUST03569,2025-02-16,Northeast,Organic Search,0.13836168433468937
CUST02429,2025-02-16,Northeast,Direct,0.41363413606179966
CUST00042,2025-02-17,South,Organic Search,0.36552123106119516
CUST02605,2025-02-17,South,Email,0.3741250935445504
CUST00247,2025-02-17,Northeast,Direct,0.35863032499014014
CUST01073,2025-02-17,West,Organic Search,0.4530763922958205
CUST02422,2025-02-17,Northeast,Direct,0.7610489066820139
CUST00051,2025-02-18,West,Paid Social,0.28538613458753714
CUST03700,2025-02-18,Northeast,Organic Search,0.46486442013572693
CUST01674,2025-02-18,Midwest,Paid Social,0.30348790184712043
CUST02365,2025-02-18,South,Paid Social,0.39885695960816975
CUST00234,2025-02-18,West,Organic Search,0.20554587683326275
CUST01301,2025-02-18,West,Paid Social,0.7133624052533506
CUST01868,2025-02-18,Northeast,Organic Search,0.4746628693682563
CUST03346,2025-02-18,Northeast,Email,0.6107785117517925
CUST03784,2025-02-18,West,Organic Search,0.6823741457687179
CUST03133,2025-02-19,Northeast,Paid Social,0.4117104245967578
CUST03634,2025-02-19,Northeast,Paid Social,0.5852710348238583
CUST02783,2025-02-19,West,Direct,0.36357474603108536
CUST00014,2025-02-19,Midwest,Email,0.5544603461103501
CUST03048,2025-02-19,West,Paid Social,0.5508290855380572
CUST01204,2025-02-19,South,Direct,0.7060331016970787
CUST01275,2025-02-20,South,Referral,0.5476401308124025
CUST00742,2025-02-20,West,Paid Social,0.39076150977055624
CUST01134,2025-02-20,Northeast,Paid Social,0.3399270877816233
CUST03112,2025-02-20,South,Paid Social,0.43938391289536927
CUST02943,2025-02-20,South,Organic Search,0.3580752491811764
CUST03906,2025-02-20,West,Referral,0.9265822122570659
CUST03145,2025-02-20,Midwest,Organic Search,0.38324759495583516
CUST01671,2025-02-20,Midwest,Direct,0.6588116929054244
CUST02176,2025-02-20,South,Direct,0.5126151347009904
CUST02281,2025-02-20,Northeast,Paid Social,0.5300951844017229
CUST01822,2025-02-21,South,Email,0.7389384930114061
CUST02174,2025-02-21,Midwest,Paid Social,0.876529804530543
CUST02843,2025-02-21,Midwest,Organic Search,0.3582874569165462
CUST03187,2025-02-21,Northeast,Referral,0.28063306278187994
CUST00489,2025-02-21,Northeast,Organic Search,0.8998754530740203
CUST00714,2025-02-21,Northeast,Email,0.47651042494553264
CUST00128,2025-02-21,Midwest,Organic Search,0.4747511241130438
CUST03582,2025-02-21,Midwest,Organic Search,0.6905351170120558
CUST00207,2025-02-21,South,Paid Social,0.3484039974645903
CUST02107,2025-02-22,South,Organic Search,0.8082593298828057
CUST00423,2025-02-22,South,Email,0.98
CUST00657,2025-02-22,Midwest,Email,0.2963546472797895
CUST03247,2025-02-23,South,Paid Social,0.4144163404181138
CUST00320,2025-02-23,West,Email,0.14865322932743413
CUST01148,2025-02-23,South,Referral,0.4746355008694091
CUST02937,2025-02-23,Midwest,Organic Search,0.8248877366582801
CUST01775,2025-02-23,South,Email,0.7433230917597222
CUST00089,2025-02-23,South,Paid Social,0.5912756370758905
CUST02121,2025-02-23,West,Paid Social,0.9211176073683007
CUST02995,2025-02-24,South,Paid Social,0.4988559639656085
CUST03627,2025-02-24,South,Organic Search,0.2868402831925221
CUST00645,2025-02-24,Midwest,Email,0.7386802652885162
CUST03678,2025-02-24,South,Referral,0.541241225361618
CUST02922,2025-02-24,Northeast,Referral,0.5048786139725677
CUST01061,2025-02-24,South,Organic Search,0.38250980695817605
CUST00911,2025-02-24,South,Referral,0.48532904108464503
CUST03203,2025-02-24,Northeast,Paid Social,0.26454668791714453
CUST03157,2025-02-24,Midwest,Paid Social,0.4070911275997549
CUST03432,2025-02-24,Midwest,Organic Search,0.19031036285513814
CUST01691,2025-02-25,Northeast,Organic Search,0.3161419516579481
CUST00370,2025-02-25,South,Referral,0.5239254031745629
CUST01870,2025-02-25,Midwest,Email,0.6431404681318096
CUST03226,2025-02-25,Midwest,Direct,0.6243204755037565
CUST00173,2025-02-25,South,Paid Social,0.3381988950176723
CUST00864,2025-02-25,Northeast,Paid Social,0.4535843849283246
CUST01825,2025-02-25,South,Direct,0.33050056085796586
CUST03847,2025-02-25,West,Direct,0.6628261130866493
CUST01058,2025-02-25,Northeast,Organic Search,0.7118323463483718
CUST03544,2025-02-26,South,Paid Social,0.26501198213877464
CUST01558,2025-02-26,West,Paid Social,0.43247924986470454
CUST03387,2025-02-26,Northeast,Direct,0.6324154273391646
CUST00734,2025-02-26,Midwest,Referral,0.37186901829951324
CUST02320,2025-02-26,Midwest,Paid Social,0.24650815163229695
CUST02212,2025-02-26,Midwest,Direct,0.6836552242784649
CUST01278,2025-02-26,South,Email,0.4990913286413098
CUST02447,2025-02-26,Midwest,Paid Social,0.40408180299029867
CUST00002,2025-02-26,Midwest,Organic Search,0.7260955685575143
CUST02575,2025-02-26,West,Direct,0.21592122868922214
CUST03223,2025-02-27,Northeast,Paid Social,0.8029646563121979
CUST03224,2025-02-27,Northeast,Email,0.5289938740615655
CUST02662,2025-02-27,West,Organic Search,0.3264811595125784
CUST01611,2025-02-27,South,Referral,0.7995487756267259
CUST01339,2025-02-27,Midwest,Organic Search,0.47576490572478947
CUST02449,2025-02-28,South,Organic Search,0.49036696354192555
CUST01469,2025-02-28,Midwest,Referral,0.30082161482510056
CUST03001,2025-02-28,Northeast,Direct,0.11755146889623247
CUST03866,2025-02-28,Midwest,Paid Social,0.40835443225166396
CUST00836,2025-02-28,South,Organic Search,0.4802729912129277
CUST00402,2025-02-28,South,Organic Search,0.48652579055393025
CUST02096,2025-02-28,Midwest,Direct,0.6211621602274238
CUST00050,2025-02-28,Midwest,Paid Social,0.4453219562500064
CUST01914,2025-02-28,Midwest,Direct,0.24577092468818545
CUST00815,2025-02-28,Northeast,Paid Social,0.8069441886559339
CUST01242,2025-02-28,South,Organic Search,0.5836224192586155
CUST03480,2025-03-01,West,Referral,0.4732836140051907
CUST01313,2025-03-01,South,Paid Social,0.649381723543362
CUST01731,2025-03-01,West,Email,0.4959156440367554
CUST01441,2025-03-01,Northeast,Direct,0.6949378276557246
CUST00602,2025-03-01,South,Organic Search,0.5800606812997378
CUST00598,2025-03-01,Midwest,Organic Search,0.5087044943371479
CUST03429,2025-03-01,West,Email,0.3474446662100428
CUST02858,2025-03-01,South,Direct,0.6104849163493826
CUST00210,2025-03-01,Northeast,Direct,0.4958520289068796
CUST00112,2025-03-02,South,Paid Social,0.9115604469170805
CUST01212,2025-03-02,South,Referral,0.6243145544838834
CUST00107,2025-03-02,South,Direct,0.14144663417996445
CUST01498,2025-03-02,South,Paid Social,0.1590269731724951
CUST03565,2025-03-02,West,Email,0.8172379015570329
CUST00025,2025-03-02,Midwest,Direct,0.1426304698828445
CUST00806,2025-03-02,Northeast,Referral,0.2037030065614941
CUST02603,2025-03-02,West,Organic Search,0.3142690436155358
CUST03350,2025-03-02,Northeast,Organic Search,0.3292695910412591
CUST02988,2025-03-02,Northeast,Direct,0.7817896213163921
CUST00766,2025-03-02,West,Email,0.5269591208290296
CUST01416,2025-03-03,Northeast,Direct,0.4451935474348563
CUST03074,2025-03-03,South,Email,0.535057041728785
CUST01726,2025-03-03,South,Paid Social,0.6626003617433593
CUST00690,2025-03-03,South,Paid Social,0.707140176377926
CUST03326,2025-03-03,Northeast,Paid Social,0.771826587030592
CUST00278,2025-03-03,Northeast,Email,0.7106356135776339
CUST00955,2025-03-04,South,Referral,0.30694989625369273
CUST03967,2025-03-04,South,Paid Social,0.5412856245973237
CUST00918,2025-03-04,West,Email,0.2088742015191804
CUST00476,2025-03-04,Northeast,Organic Search,0.7335916632024717
CUST00613,2025-03-04,South,Paid Social,0.38822257542367083
CUST00160,2025-03-04,Northeast,Direct,0.5000949972733045
CUST00106,2025-03-05,South,Direct,0.665105081475815
CUST00016,2025-03-05,South,Organic Search,0.8771383331571179
CUST03382,2025-03-05,South,Paid Social,0.4631052429854568
CUST00249,2025-03-05,Midwest,Email,0.680817791978744
CUST02648,2025-03-05,Northeast,Organic Search,0.4311065645850367
CUST03323,2025-03-05,West,Organic Search,0.9028780466403914
CUST02284,2025-03-05,Northeast,Paid Social,0.98
CUST00990,2025-03-05,South,Organic Search,0.30901430948859177
CUST00725,2025-03-05,Northeast,Paid Social,0.4629040048191488
CUST01430,2025-03-06,West,Direct,0.4194703683692931
CUST03055,2025-03-06,West,Direct,0.22394352116921062
CUST02009,2025-03-06,Northeast,Direct,0.47297784073390425
CUST00213,2025-03-06,West,Paid Social,0.7445382965141785
CUST03422,2025-03-06,Midwest,Organic Search,0.24577064512868824
CUST03915,2025-03-06,Northeast,Paid Social,0.5917350510847823
CUST02236,2025-03-07,Northeast,Organic Search,0.5364595564675971
CUST02725,2025-03-07,Northeast,Paid Social,0.5520270815202702
CUST01461,2025-03-07,Midwest,Paid Social,0.1971588233318028
CUST01414,2025-03-08,Northeast,Email,0.5659968184354066
CUST02809,2025-03-08,Midwest,Direct,0.4456148499522605
CUST00559,2025-03-08,Midwest,Direct,0.428412949160471
CUST02801,2025-03-08,Midwest,Organic Search,0.4458579157924447
CUST02671,2025-03-08,Northeast,Organic Search,0.8046189832470095
CUST03130,2025-03-08,West,Email,0.4620823874771805
CUST00639,2025-03-08,West,Referral,0.5285067404582925
CUST03154,2025-03-08,Northeast,Direct,0.29763960591761585
CUST01980,2025-03-09,South,Paid Social,0.538575737805045
CUST02702,2025-03-09,Midwest,Paid Social,0.4067798006618388
CUST00261,2025-03-09,South,Direct,0.60321521526781
CUST01133,2025-03-09,Northeast,Organic Search,0.677610187162654
CUST01254,2025-03-09,Midwest,Email,0.32551280450219966
CUST01986,2025-03-09,Northeast,Organic Search,0.6797364764962398
CUST01617,2025-03-09,Midwest,Organic Search,0.3115062846156871
CUST02547,2025-03-09,West,Referral,0.5032210146274533
CUST03564,2025-03-10,Northeast,Email,0.6865476216949252
CUST02257,2025-03-10,Northeast,Referral,0.672078717794115
CUST03483,2025-03-10,Midwest,Direct,0.27224582119691776
CUST03296,2025-03-10,South,Paid Social,0.34104823765940373
CUST02899,2025-03-10,West,Organic Search,0.2976542541497398
CUST00692,2025-03-10,Midwest,Organic Search,0.5917961537733282
CUST00135,2025-03-10,South,Paid Social,0.572209427039937
CUST00071,2025-03-10,West,Direct,0.611789457444965
CUST01684,2025-03-10,Midwest,Direct,0.34114853108014587
CUST03396,2025-03-10,Midwest,Email,0.5169100432828897
CUST02832,2025-03-10,Midwest,Paid Social,0.8435607013594397
CUST00745,2025-03-10,Midwest,Organic Search,0.33687371327068966
CUST02557,2025-03-11,South,Email,0.3351450519298295
CUST03752,2025-03-11,Midwest,Direct,0.46715523921299335
CUST03393,2025-03-11,West,Paid Social,0.6145082122236804
CUST03385,2025-03-11,Northeast,Paid Social,0.50376727570934
CUST02206,2025-03-11,South,Paid Social,0.5112829724051701
CUST01736,2025-03-11,West,Paid Social,0.5755931151047043
CUST02005,2025-03-11,South,Referral,0.3849567784698297
CUST00105,2025-03-11,South,Paid Social,0.40240742873045965
CUST00484,2025-03-11,Midwest,Referral,0.8697563815508087
CUST01012,2025-03-12,West,Direct,0.2584945176531265
CUST00716,2025-03-12,Northeast,Direct,0.306292919901605
CUST03481,2025-03-12,Northeast,Direct,0.7439400914111871
CUST03571,2025-03-12,Northeast,Organic Search,0.36138364324016947
CUST01578,2025-03-12,Northeast,Organic Search,0.31928303390196766
CUST01087,2025-03-13,Northeast,Referral,0.6393156334952651
CUST00860,2025-03-13,Midwest,Organic Search,0.2616555113826559
CUST00686,2025-03-13,South,Paid Social,0.4517973512429079
CUST01284,2025-03-13,Northeast,Organic Search,0.5332042101793273
CUST00591,2025-03-13,South,Organic Search,0.824568249472839
CUST01260,2025-03-13,Northeast,Organic Search,0.7821406806377313
CUST00852,2025-03-13,Midwest,Paid Social,0.3838828671402968
CUST02571,2025-03-13,Midwest,Email,0.7591928758057147
CUST00596,2025-03-13,West,Paid Social,0.2560455064247093
CUST02902,2025-03-13,Midwest,Direct,0.33845600473014337
CUST02535,2025-03-13,South,Referral,0.821082008597262
CUST02296,2025-03-13,Midwest,Paid Social,0.3129951451776901
CUST02983,2025-03-13,Midwest,Email,0.6407037527108084
CUST02497,2025-03-13,Midwest,Organic Search,0.5670279898564909
CUST02567,2025-03-13,South,Direct,0.22956718858978542
CUST03057,2025-03-14,South,Email,0.656926242676679
CUST00551,2025-03-14,South,Direct,0.5803503820011373
CUST03037,2025-03-14,West,Direct,0.23758358096682186
CUST03818,2025-03-14,Northeast,Organic Search,0.3822468344045654
CUST03300,2025-03-14,Northeast,Organic Search,0.2711192927713122
CUST01199,2025-03-14,Northeast,Referral,0.2983970126792603
CUST02545,2025-03-15,Midwest,Paid Social,0.3659557813452109
CUST02093,2025-03-15,West,Organic Search,0.5783675499860981
CUST00472,2025-03-15,West,Email,0.40749075166163484
CUST03803,2025-03-15,South,Email,0.39711029900685896
CUST00654,2025-03-15,South,Paid Social,0.27807048119824085
CUST00092,2025-03-15,West,Organic Search,0.5302314463358074
CUST00103,2025-03-15,West,Direct,0.5462448418589041
CUST01749,2025-03-15,Midwest,Organic Search,0.6151823335826353
CUST00428,2025-03-15,South,Paid Social,0.674157519370387
CUST03713,2025-03-16,West,Direct,0.6171743313755008
CUST02532,2025-03-16,Midwest,Organic Search,0.5266315159366102
CUST00291,2025-03-16,West,Referral,0.5784667504828717
CUST01334,2025-03-16,Northeast,Email,0.375386186008624
CUST00336,2025-03-17,South,Paid Social,0.5589125687655622
CUST02935,2025-03-17,South,Direct,0.5487305450028327
CUST03769,2025-03-17,Midwest,Email,0.36003451506038847
CUST00837,2025-03-17,South,Organic Search,0.6728817705337489
CUST01219,2025-03-17,Midwest,Organic Search,0.4994705737507793
CUST02748,2025-03-17,South,Direct,0.45587673266112244
CUST03833,2025-03-17,Midwest,Referral,0.7201590352602425
CUST00227,2025-03-17,South,Paid Social,0.8240212278917287
CUST02161,2025-03-17,South,Paid Social,0.30581215538472006
CUST01001,2025-03-17,West,Referral,0.5697439450978947
CUST02684,2025-03-18,South,Direct,0.46385063837702145
CUST03246,2025-03-18,South,Email,0.25023625486363693
CUST03868,2025-03-18,South,Referral,0.6328755785892997
CUST03508,2025-03-19,Midwest,Organic Search,0.395325650579752
CUST03198,2025-03-19,Midwest,Organic Search,0.6710945184910297
CUST01574,2025-03-19,Midwest,Paid Social,0.2255695903760041
CUST02159,2025-03-19,Midwest,Organic Search,0.44415315092539637
CUST03010,2025-03-19,Midwest,Organic Search,0.6351969628707907
CUST03208,2025-03-20,West,Paid Social,0.5738106352013121
CUST00166,2025-03-20,Midwest,Email,0.5470227399609237
CUST01426,2025-03-20,South,Organic Search,0.4118134474914207
CUST03401,2025-03-20,South,Email,0.8145471899588479
CUST00885,2025-03-20,South,Direct,0.44771654020394647
CUST01843,2025-03-21,South,Organic Search,0.44067364715039986
CUST02196,2025-03-21,South,Paid Social,0.34172958658491615
CUST00514,2025-03-21,Northeast,Referral,0.3822563787694064
CUST01535,2025-03-21,South,Paid Social,0.02
CUST03078,2025-03-21,Northeast,Email,0.532352479247182
CUST03455,2025-03-22,West,Paid Social,0.43099457518381246
CUST02873,2025-03-22,South,Organic Search,0.2851172701775161
CUST00741,2025-03-22,Northeast,Email,0.6632751883901229
CUST01964,2025-03-22,Midwest,Referral,0.3815561672170595
CUST01965,2025-03-22,Midwest,Organic Search,0.4836867759138828
CUST00867,2025-03-23,Midwest,Paid Social,0.3516058811328686
CUST02338,2025-03-23,Northeast,Organic Search,0.2626227050678575
CUST02516,2025-03-23,Midwest,Email,0.07736991050929304
CUST00849,2025-03-23,South,Organic Search,0.31533072150807306
CUST03364,2025-03-23,West,Paid Social,0.6392999848590923
CUST03082,2025-03-24,South,Paid Social,0.4413408955589178
CUST01231,2025-03-24,Midwest,Organic Search,0.6346347344312716
CUST02945,2025-03-24,South,Referral,0.9624133102405927
CUST03169,2025-03-24,Northeast,Organic Search,0.6183714639459909
CUST01025,2025-03-24,Midwest,Organic Search,0.5128426143922616
CUST02984,2025-03-24,Northeast,Direct,0.45822009148081677
CUST00149,2025-03-24,South,Direct,0.5524776873061457
CUST02288,2025-03-24,Northeast,Direct,0.6864239050510689
CUST02326,2025-03-25,South,Organic Search,0.577697386559834
CUST01264,2025-03-25,Midwest,Organic Search,0.6564381407922658
CUST02372,2025-03-25,Northeast,Paid Social,0.6180743088110944
CUST00028,2025-03-25,Midwest,Organic Search,0.6159619688096416
CUST01587,2025-03-25,Midwest,Organic Search,0.6309562171542829
CUST02334,2025-03-25,Midwest,Email,0.23774095299129622
CUST01603,2025-03-26,South,Paid Social,0.31316862755160135
CUST03890,2025-03-26,Northeast,Direct,0.46960314704104095
CUST00433,2025-03-26,South,Organic Search,0.7073590865000413
CUST00794,2025-03-26,West,Email,0.35674508666602844
CUST01923,2025-03-26,Midwest,Direct,0.6290424346207154
CUST00524,2025-03-26,South,Organic Search,0.6993585371401738
CUST02081,2025-03-27,Midwest,Organic Search,0.3525431700918372
CUST00038,2025-03-27,Northeast,Organic Search,0.42329444135564087
CUST00302,2025-03-27,South,Paid Social,0.6498059982233146
CUST01040,2025-03-27,South,Direct,0.3484406587193315
CUST02610,2025-03-27,West,Organic Search,0.6697419347880587
CUST02424,2025-03-27,Northeast,Direct,0.3350338846484815
CUST03540,2025-03-27,Northeast,Organic Search,0.6675965421104597
CUST00605,2025-03-27,Northeast,Referral,0.37792767369915387
CUST03521,2025-03-27,Midwest,Direct,0.6657590760321361
CUST01987,2025-03-27,Northeast,Direct,0.4821529527067842
CUST00553,2025-03-28,South,Direct,0.4303401761702887
CUST03440,2025-03-28,Northeast,Organic Search,0.17501853666028633
CUST01971,2025-03-28,West,Email,0.5497742153532914
CUST00482,2025-03-28,Northeast,Paid Social,0.3550999616110151
CUST03067,2025-03-28,South,Paid Social,0.489393511117607
CUST02406,2025-03-28,South,Direct,0.2894631655766937
CUST03523,2025-03-28,Midwest,Organic Search,0.25313088590050803
CUST02822,2025-03-29,Midwest,Paid Social,0.4359924490916578
CUST00334,2025-03-29,Northeast,Paid Social,0.45781185468913893
CUST00545,2025-03-29,South,Organic Search,0.7253991003862525
CUST00388,2025-03-29,Northeast,Organic Search,0.7543370393269466
CUST02455,2025-03-29,South,Organic Search,0.37803591235227557
CUST03630,2025-03-29,Midwest,Email,0.10222001014096282
CUST00090,2025-03-30,Midwest,Referral,0.34653456131172466
CUST02286,2025-03-30,Northeast,Organic Search,0.02
CUST03381,2025-03-30,Northeast,Paid Social,0.8441010429211222
CUST00084,2025-03-30,Northeast,Organic Search,0.38719231812413524
CUST03740,2025-03-30,Midwest,Email,0.2525329709840007
CUST03625,2025-03-30,Northeast,Referral,0.433120119230549
CUST00101,2025-03-30,South,Paid Social,0.2593361341259045
CUST02246,2025-03-30,Northeast,Organic Search,0.27264270178925915
CUST03127,2025-03-30,Midwest,Organic Search,0.48059395152895584
CUST02863,2025-03-31,Midwest,Direct,0.8734947945269234
CUST00611,2025-03-31,West,Referral,0.2284613451372417
CUST03230,2025-03-31,Northeast,Paid Social,0.45944528584706706
CUST00582,2025-03-31,West,Email,0.3416583922405142
CUST01933,2025-03-31,South,Organic Search,0.8241529337550051
CUST02790,2025-03-31,South,Direct,0.5852964808460573
CUST03190,2025-03-31,South,Email,0.4705027220015584
CUST01080,2025-04-01,Northeast,Direct,0.540580666214642
CUST00816,2025-04-01,South,Organic Search,0.7632696402409322
CUST01865,2025-04-01,West,Referral,0.5353955528170957
CUST01650,2025-04-01,West,Referral,0.5240253531822485
CUST03148,2025-04-01,Midwest,Paid Social,0.4228865596049501
CUST03051,2025-04-01,Northeast,Organic Search,0.27327002969587494
CUST01097,2025-04-01,Northeast,Paid Social,0.2779311947404769
CUST00589,2025-04-02,Midwest,Direct,0.4816636809906933
CUST03507,2025-04-02,Northeast,Email,0.44231830980803255
CUST01016,2025-04-02,South,Direct,0.7044649990432963
CUST02704,2025-04-02,Midwest,Paid Social,0.504221387777017
CUST00868,2025-04-02,South,Organic Search,0.29830067493867185
CUST02784,2025-04-02,South,Organic Search,0.6059485648119645
CUST01125,2025-04-03,Northeast,Organic Search,0.9436282789424252
CUST01086,2025-04-03,Midwest,Referral,0.23995473097332815
CUST01961,2025-04-03,Midwest,Organic Search,0.8026437442898768
CUST02208,2025-04-03,Northeast,Paid Social,0.4711416593791931
CUST01659,2025-04-03,West,Organic Search,0.6395186103776508
CUST01969,2025-04-03,Midwest,Organic Search,0.7175987533943542
CUST02451,2025-04-03,West,Direct,0.28764278201257354
CUST00019,2025-04-03,South,Referral,0.5394467754814092
CUST02457,2025-04-03,Northeast,Direct,0.08987344592869223
CUST00963,2025-04-03,Northeast,Email,0.02
CUST00513,2025-04-04,Northeast,Organic Search,0.32676271737360174
CUST03459,2025-04-04,Northeast,Email,0.7014739505787229
CUST03572,2025-04-04,Northeast,Email,0.40216393363121405
CUST00459,2025-04-04,Midwest,Paid Social,0.24801065978947123
CUST01024,2025-04-04,South,Paid Social,0.5144189601679511
CUST02826,2025-04-04,Midwest,Direct,0.46733474363691613
CUST03231,2025-04-04,West,Organic Search,0.6092554473127951
CUST01500,2025-04-04,West,Organic Search,0.04333113107509462
CUST00093,2025-04-04,South,Email,0.12221051459146692
CUST02168,2025-04-05,Midwest,Direct,0.4074120265681613
CUST02439,2025-04-05,Midwest,Direct,0.46573169340300047
CUST00590,2025-04-05,Midwest,Paid Social,0.7055459550294215
CUST01126,2025-04-05,Northeast,Direct,0.5017749542833922
CUST01093,2025-04-05,West,Direct,0.5278070079787374
CUST00723,2025-04-06,Midwest,Paid Social,0.5090021550982695
CUST02036,2025-04-06,Midwest,Direct,0.5496373188953392
CUST00361,2025-04-06,West,Paid Social,0.7761084381545686
CUST01599,2025-04-06,West,Paid Social,0.4844038996211146
CUST01844,2025-04-06,South,Email,0.8712119762633408
CUST03629,2025-04-06,Northeast,Direct,0.5478269724664075
CUST00865,2025-04-06,Midwest,Paid Social,0.98
CUST03998,2025-04-06,West,Organic Search,0.5987410467413727
CUST01144,2025-04-06,Northeast,Organic Search,0.8490690037604935
CUST01863,2025-04-07,South,Organic Search,0.42871953194976165
CUST00477,2025-04-07,Northeast,Referral,0.03056525433236651
CUST01163,2025-04-07,Northeast,Email,0.6468680576943868
CUST02621,2025-04-07,Northeast,Direct,0.35889688559345034
CUST03156,2025-04-07,Northeast,Direct,0.3834794466207537
CUST03316,2025-04-07,Midwest,Direct,0.19721535665154633
CUST00775,2025-04-07,South,Paid Social,0.6031988475369147
CUST01657,2025-04-07,Northeast,Referral,0.597556929150443
CUST02149,2025-04-07,Midwest,Direct,0.4828939196103857
CUST01884,2025-04-07,Midwest,Referral,0.4177146222747462
CUST00650,2025-04-08,West,Organic Search,0.032419699770405375
CUST02919,2025-04-08,West,Direct,0.46022021405148056
CUST00856,2025-04-08,West,Paid Social,0.20678364755207135
CUST03918,2025-04-08,South,Paid Social,0.5497886028521318
CUST00297,2025-04-08,South,Direct,0.6378124958030567
CUST03806,2025-04-08,South,Direct,0.4065948209840478
CUST01548,2025-04-08,West,Organic Search,0.02
CUST03334,2025-04-08,Northeast,Email,0.4560879330152011
CUST03710,2025-04-08,South,Email,0.3339638824402017
CUST03936,2025-04-08,South,Organic Search,0.40008756166936543
CUST01007,2025-04-09,South,Direct,0.6864133617952224
CUST03332,2025-04-09,South,Organic Search,0.5350036810699208
CUST00780,2025-04-09,Northeast,Referral,0.29176256573925174
CUST02673,2025-04-09,Northeast,Direct,0.5970732355091088
CUST00560,2025-04-09,Northeast,Organic Search,0.3489940924910331
CUST02655,2025-04-09,Midwest,Paid Social,0.36701703439212907
CUST00882,2025-04-09,Northeast,Email,0.035806253345946504
CUST01158,2025-04-09,Northeast,Direct,0.5681232249350898
CUST03778,2025-04-09,South,Email,0.5721783726118153
CUST01896,2025-04-09,South,Email,0.23023273591663768
CUST02319,2025-04-09,West,Organic Search,0.42238233297979627
CUST01314,2025-04-10,South,Email,0.41525530652701503
CUST00146,2025-04-10,West,Email,0.5865653809586874
CUST03966,2025-04-10,Northeast,Organic Search,0.5156116428524841
CUST01310,2025-04-10,Northeast,Paid Social,0.5686738011469634
CUST01465,2025-04-10,South,Direct,0.4394964772371542
CUST01150,2025-04-10,Northeast,Email,0.3224532899200154
CUST02640,2025-04-10,Northeast,Organic Search,0.3616226417972869
CUST02512,2025-04-10,South,Paid Social,0.4557548698697843
CUST01552,2025-04-10,South,Email,0.1398513853150271
CUST01856,2025-04-10,Northeast,Referral,0.713286717572865
CUST02150,2025-04-11,Midwest,Organic Search,0.34318711250443384
CUST02377,2025-04-11,South,Referral,0.7090815230648936
CUST00643,2025-04-11,South,Organic Search,0.5267433615493025
CUST00835,2025-04-11,South,Paid Social,0.4273049992077353
CUST01127,2025-04-11,South,Organic Search,0.7187890707167023
CUST01401,2025-04-11,Northeast,Paid Social,0.43846704016328364
CUST00125,2025-04-11,Midwest,Organic Search,0.5153928766503911
CUST02672,2025-04-12,Midwest,Paid Social,0.21818268189330164
CUST02994,2025-04-12,Midwest,Paid Social,0.42964452679041654
CUST02153,2025-04-12,Midwest,Email,0.319950004419698
CUST00232,2025-04-12,South,Paid Social,0.5352554071456372
CUST03578,2025-04-12,South,Email,0.7397491872308934
CUST01560,2025-04-12,South,Direct,0.5164368704135512
CUST00151,2025-04-12,South,Direct,0.8676624759373572
CUST01347,2025-04-12,South,Paid Social,0.551415039734986
CUST01042,2025-04-12,West,Organic Search,0.5479778960236317
CUST00006,2025-04-13,West,Paid Social,0.4565802551878983
CUST00037,2025-04-13,West,Direct,0.20620012382057756
CUST03985,2025-04-13,South,Email,0.7498524507543783
CUST03339,2025-04-13,West,Email,0.31808742475045637
CUST03379,2025-04-13,Northeast,Paid Social,0.952272964958414
CUST00610,2025-04-13,Midwest,Organic Search,0.6822501601967692
CUST01292,2025-04-13,South,Organic Search,0.2849471797078277
CUST03107,2025-04-14,Northeast,Organic Search,0.3085669309501695
CUST02869,2025-04-14,Midwest,Paid Social,0.455342585118345
CUST02098,2025-04-14,South,Paid Social,0.706478578302138
CUST02482,2025-04-14,South,Organic Search,0.6319194821188584
CUST03962,2025-04-14,Northeast,Paid Social,0.5170534130486825
CUST01706,2025-04-14,Northeast,Paid Social,0.6018510727597886
CUST03732,2025-04-14,West,Paid Social,0.4304671577687981
CUST02198,2025-04-14,West,Organic Search,0.6299437662811307
CUST00668,2025-04-14,Northeast,Paid Social,0.3387478971447425
CUST02332,2025-04-14,West,Email,0.4968735770873389
CUST01247,2025-04-14,Midwest,Direct,0.46710082718541596
CUST02847,2025-04-15,Northeast,Direct,0.48470284581062595
CUST01735,2025-04-15,Northeast,Direct,0.33593193545138095
CUST03264,2025-04-15,West,Direct,0.6306839022238703
CUST01589,2025-04-15,South,Email,0.39792696898859087
CUST01419,2025-04-15,Northeast,Paid Social,0.3872538893641478
CUST00829,2025-04-16,West,Email,0.46933925693236406
CUST01486,2025-04-16,South,Referral,0.5660770989243147
CUST02906,2025-04-16,South,Organic Search,0.40762414657261575
CUST01521,2025-04-16,South,Organic Search,0.1741434394171621
CUST01509,2025-04-16,South,Email,0.6587616979682726
CUST00427,2025-04-16,Northeast,Organic Search,0.6055495983998809
CUST02903,2025-04-16,Northeast,Referral,0.98
CUST02601,2025-04-16,South,Paid Social,0.6489202752425751
CUST01734,2025-04-17,South,Organic Search,0.48043874880916926
CUST03873,2025-04-17,Northeast,Email,0.5368787475177244
CUST01280,2025-04-17,Northeast,Referral,0.7219661524480062
CUST02558,2025-04-17,South,Referral,0.5734405843104978
CUST03456,2025-04-17,South,Organic Search,0.7609185014919946
CUST03881,2025-04-17,Midwest,Organic Search,0.569295886727046
CUST02818,2025-04-18,South,Referral,0.37694337744713174
CUST00492,2025-04-18,Midwest,Email,0.21997954435646921
CUST01325,2025-04-18,South,Referral,0.1852723808195922
CUST00504,2025-04-18,West,Direct,0.3935457186757244
CUST03340,2025-04-18,Midwest,Organic Search,0.13638412327970556
CUST03470,2025-04-18,Northeast,Organic Search,0.8124275396905659
CUST01214,2025-04-18,South,Email,0.463832776252077
CUST03120,2025-04-18,South,Direct,0.7833453711976172
CUST03463,2025-04-18,Northeast,Organic Search,0.5770930689477524
CUST01023,2025-04-19,Midwest,Paid Social,0.15670529718786952
CUST03841,2025-04-20,Midwest,Email,0.5397095110900979
CUST02879,2025-04-20,Midwest,Organic Search,0.5146442420933989
CUST02105,2025-04-20,West,Email,0.9034725474451278
CUST02756,2025-04-20,South,Organic Search,0.44556320106620895
CUST02797,2025-04-20,Northeast,Paid Social,0.44088160335646837
CUST00921,2025-04-21,West,Referral,0.3790053356261065
CUST03905,2025-04-21,Midwest,Email,0.5623996723637906
CUST03160,2025-04-21,Midwest,Paid Social,0.7380098357199505
CUST02390,2025-04-21,South,Email,0.27431526349093377
CUST02386,2025-04-22,West,Paid Social,0.1286619513623229
CUST00558,2025-04-22,Northeast,Organic Search,0.7609822035688658
CUST02710,2025-04-22,Midwest,Paid Social,0.6684101337789694
CUST00396,2025-04-22,West,Referral,0.6655190547126849
CUST01658,2025-04-22,Midwest,Referral,0.3237768833599118
CUST01898,2025-04-22,Midwest,Organic Search,0.5196534120220978
CUST01245,2025-04-22,Northeast,Paid Social,0.3845042627542413
CUST02142,2025-04-22,South,Organic Search,0.1815365078900376
CUST01943,2025-04-22,Northeast,Email,0.20847052860305443
CUST01408,2025-04-22,Northeast,Email,0.5107721934631668
CUST03358,2025-04-23,Midwest,Email,0.5292533838999722
CUST01824,2025-04-23,Northeast,Organic Search,0.6049948456228377
CUST03418,2025-04-23,West,Referral,0.5213916087734412
CUST01716,2025-04-24,West,Organic Search,0.5892501528119707
CUST01893,2025-04-24,South,Organic Search,0.3539239746537476
CUST02678,2025-04-24,Northeast,Email,0.3496749246707197
CUST02652,2025-04-24,West,Direct,0.07397032836977491
CUST00781,2025-04-24,Northeast,Paid Social,0.24117848699549171
CUST02227,2025-04-24,South,Email,0.5565317580459801
CUST02304,2025-04-24,Midwest,Paid Social,0.3836369769441717
CUST02001,2025-04-24,South,Paid Social,0.4818787434677646
CUST01201,2025-04-24,South,Paid Social,0.8885283812852066
CUST01634,2025-04-25,Midwest,Email,0.4770955226821775
CUST01371,2025-04-25,West,Organic Search,0.581626016595142
CUST02651,2025-04-25,West,Paid Social,0.5357154188896427
CUST00812,2025-04-25,West,Organic Search,0.6161810731059543
CUST01713,2025-04-25,West,Paid Social,0.2836556030586539
CUST03581,2025-04-26,South,Referral,0.07035826393247269
CUST01141,2025-04-26,Midwest,Paid Social,0.09837043883995705
CUST03548,2025-04-26,South,Email,0.5338470631982688
CUST00517,2025-04-26,Northeast,Referral,0.5319822478635029
CUST01792,2025-04-26,Midwest,Paid Social,0.7553509629825998
CUST03579,2025-04-26,West,Organic Search,0.49492051934978304
CUST02701,2025-04-26,West,Organic Search,0.6358708356732641
CUST03428,2025-04-27,West,Paid Social,0.16666561283692177
CUST03239,2025-04-27,Midwest,Referral,0.5268339566962426
CUST00904,2025-04-27,West,Organic Search,0.24459921028963122
CUST02757,2025-04-27,Midwest,Organic Search,0.4768344199266199
CUST01815,2025-04-27,Midwest,Paid Social,0.8505416884833228
CUST03046,2025-04-27,West,Organic Search,0.5803694894129624
CUST02240,2025-04-28,South,Paid Social,0.37364106541458153
CUST00375,2025-04-28,Midwest,Organic Search,0.4115969439061189
CUST03474,2025-04-28,Northeast,Organic Search,0.3539667428268696
CUST01004,2025-04-28,South,Paid Social,0.7991002322767853
CUST03506,2025-04-29,Midwest,Email,0.7349134241494286
CUST01912,2025-04-29,Midwest,Organic Search,0.5413218255445573
CUST01324,2025-04-29,West,Direct,0.48700380380190417
CUST00035,2025-04-29,Northeast,Direct,0.12434299152733586
CUST01752,2025-04-29,South,Organic Search,0.49799482960264385
CUST01375,2025-04-29,South,Paid Social,0.839154386125488
CUST02091,2025-04-29,Northeast,Paid Social,0.5410293417816836
CUST01692,2025-04-30,South,Paid Social,0.25528321778764396
CUST03162,2025-04-30,West,Direct,0.24051219371211374
CUST03126,2025-04-30,Northeast,Direct,0.38995564971264207
CUST02498,2025-04-30,South,Direct,0.44225165001612227
CUST00565,2025-04-30,South,Paid Social,0.6675331733755949
CUST01606,2025-04-30,Northeast,Direct,0.42796502710981504
CUST00358,2025-05-01,South,Direct,0.3816907762501717
CUST01389,2025-05-01,Midwest,Organic Search,0.41487030001402814
CUST02452,2025-05-01,West,Organic Search,0.5171532887895677
CUST00389,2025-05-01,South,Direct,0.556619783869859
CUST00362,2025-05-01,Northeast,Email,0.6059603039895061
CUST03795,2025-05-01,South,Organic Search,0.4845481269335297
CUST02300,2025-05-02,South,Paid Social,0.38566498694296714
CUST00579,2025-05-02,Northeast,Direct,0.40264185664832464
CUST03820,2025-05-02,Midwest,Direct,0.344258794058905
CUST02042,2025-05-02,South,Paid Social,0.98
CUST00048,2025-05-02,South,Organic Search,0.6205253629759502
CUST00364,2025-05-02,West,Organic Search,0.6589251624627985
CUST02471,2025-05-02,West,Paid Social,0.6072525226842379
CUST03030,2025-05-03,Northeast,Organic Search,0.1908400808001285
CUST02446,2025-05-03,Midwest,Organic Search,0.34246635951525367
CUST02061,2025-05-03,West,Email,0.6682832764268732
CUST03831,2025-05-04,South,Referral,0.8327327393909145
CUST01878,2025-05-04,West,Referral,0.5053851803496081
CUST01384,2025-05-04,South,Organic Search,0.39832072252663886
CUST02978,2025-05-04,Northeast,Direct,0.4758946611084562
CUST00304,2025-05-04,Midwest,Organic Search,0.5717703072761937
CUST01632,2025-05-04,West,Referral,0.29408221939859314
CUST00828,2025-05-04,Northeast,Direct,0.5599704688348157
CUST01304,2025-05-04,West,Paid Social,0.4378421034055602
CUST01557,2025-05-04,South,Organic Search,0.6404283704608313
CUST00740,2025-05-05,South,Paid Social,0.7537665990201152
CUST00095,2025-05-05,West,Direct,0.6029065050748911
CUST03243,2025-05-05,Midwest,Organic Search,0.5601020953650245
CUST01471,2025-05-05,Midwest,Organic Search,0.5289494094334825
CUST02838,2025-05-05,Northeast,Referral,0.5551964414829996
CUST03109,2025-05-06,South,Direct,0.75563098547254
CUST00179,2025-05-06,Northeast,Paid Social,0.4232688113894661
CUST01315,2025-05-07,Midwest,Organic Search,0.25404093520672266
CUST00220,2025-05-07,Midwest,Paid Social,0.6448006617073699
CUST03518,2025-05-07,Northeast,Paid Social,0.5172886276736367
CUST01428,2025-05-07,West,Organic Search,0.4902755029493452
CUST01826,2025-05-07,South,Organic Search,0.6990348166400661
CUST00592,2025-05-07,West,Email,0.12111077041657214
CUST02939,2025-05-07,South,Paid Social,0.5329647261411947
CUST01037,2025-05-07,South,Organic Search,0.2471109311421471
CUST02989,2025-05-08,West,Organic Search,0.2720445486395784
CUST02778,2025-05-08,Northeast,Referral,0.33534395583354043
CUST03826,2025-05-08,Northeast,Organic Search,0.44692732537692537
CUST01206,2025-05-08,Midwest,Paid Social,0.8318431374333044
CUST01732,2025-05-08,West,Paid Social,0.5151371740731938
CUST03704,2025-05-09,South,Organic Search,0.4514895671963392
CUST00345,2025-05-09,South,Organic Search,0.35524826504489154
CUST03910,2025-05-09,Northeast,Direct,0.5200416074632144
CUST00067,2025-05-09,South,Paid Social,0.2197896511885582
CUST02287,2025-05-09,West,Paid Social,0.512668630738969
CUST03750,2025-05-09,West,Organic Search,0.6708275567954758
CUST03298,2025-05-10,Northeast,Direct,0.8741278513691846
CUST01287,2025-05-10,South,Referral,0.8549370683174911
CUST01108,2025-05-10,South,Email,0.39732624623678864
CUST02068,2025-05-10,South,Paid Social,0.17799344121178362
CUST01569,2025-05-11,West,Direct,0.7397302946266358
CUST00843,2025-05-11,Midwest,Referral,0.1530489995210662
CUST03128,2025-05-11,Northeast,Email,0.5826465646007847
CUST01390,2025-05-11,Northeast,Organic Search,0.9422405148512448
CUST02693,2025-05-11,South,Organic Search,0.34169793980845975
CUST03095,2025-05-11,West,Organic Search,0.1901474484342579
CUST00202,2025-05-11,West,Paid Social,0.7519555713807144
CUST03590,2025-05-11,South,Organic Search,0.5371416075095274
CUST01154,2025-05-11,Northeast,Email,0.43425947497280504
CUST02785,2025-05-12,West,Referral,0.9060726882006203
CUST00840,2025-05-12,Northeast,Direct,0.5851180500736536
CUST02114,2025-05-12,South,Referral,0.7303183412647294
CUST03384,2025-05-13,Northeast,Direct,0.3530262986346968
CUST02633,2025-05-13,Midwest,Organic Search,0.6353812529795637
CUST02164,2025-05-13,Midwest,Organic Search,0.3864103706004494
CUST01708,2025-05-13,South,Paid Social,0.5800305927773417
CUST03202,2025-05-13,Northeast,Direct,0.47932092096523604
CUST02894,2025-05-13,Northeast,Organic Search,0.4449268380668456
CUST00943,2025-05-13,West,Paid Social,0.39533111634488044
CUST02101,2025-05-13,Midwest,Organic Search,0.4377701139041288
CUST02113,2025-05-14,South,Direct,0.17157295007340928
CUST02796,2025-05-14,Northeast,Email,0.2609685638442547
CUST00529,2025-05-14,West,Paid Social,0.2730119932394466
CUST02305,2025-05-14,Northeast,Referral,0.5911100694809557
CUST01354,2025-05-14,Midwest,Email,0.43851434181668686
CUST01951,2025-05-14,Midwest,Email,0.5557294136861554
CUST01507,2025-05-14,South,Direct,0.7887398605895313
CUST01948,2025-05-15,Northeast,Paid Social,0.36947453458642976
CUST03330,2025-05-15,Midwest,Email,0.38612687926138384
CUST00324,2025-05-15,Northeast,Organic Search,0.5414677939225637
CUST00642,2025-05-15,South,Direct,0.3928665457535869
CUST01170,2025-05-15,South,Organic Search,0.5983496384403338
CUST02531,2025-05-15,South,Email,0.5734682882887364
CUST03402,2025-05-16,Northeast,Email,0.7019911113632722
CUST00153,2025-05-16,South,Paid Social,0.898137958879208
CUST03749,2025-05-16,West,Direct,0.07728845875925794
CUST02383,2025-05-16,Northeast,Organic Search,0.35245484770875635
CUST01530,2025-05-16,Midwest,Organic Search,0.22481296986786004
CUST01103,2025-05-16,West,Email,0.23739506764914992
CUST03445,2025-05-16,West,Referral,0.5414226860229654
CUST00804,2025-05-16,South,Paid Social,0.425295210245462
CUST00669,2025-05-16,South,Organic Search,0.37360258564016463
CUST01564,2025-05-16,Northeast,Paid Social,0.6779974065133667
CUST00715,2025-05-17,West,Email,0.3424402222746653
CUST01705,2025-05-17,Northeast,Paid Social,0.4664850324511571
CUST00530,2025-05-17,South,Organic Search,0.33874578665957533
CUST01972,2025-05-17,Northeast,Organic Search,0.8140501747223741
CUST03845,2025-05-17,Midwest,Organic Search,0.4211496789633214
CUST01006,2025-05-17,South,Paid Social,0.5327913986884777
CUST00969,2025-05-17,South,Email,0.20708409798996685
CUST01081,2025-05-17,Northeast,Direct,0.7565523705670705
CUST03201,2025-05-18,Northeast,Organic Search,0.17860827028908854
CUST00733,2025-05-18,South,Direct,0.449332184549567
CUST02961,2025-05-18,Northeast,Organic Search,0.38359066357758465
CUST03520,2025-05-18,South,Organic Search,0.5739150280784494
CUST00061,2025-05-18,West,Email,0.4224428248060098
CUST02625,2025-05-18,Northeast,Paid Social,0.4452615516449273
CUST02014,2025-05-18,Northeast,Paid Social,0.6295669346191135
CUST03658,2025-05-18,South,Organic Search,0.4145317290610385
CUST02831,2025-05-18,South,Organic Search,0.98
CUST01262,2025-05-19,South,Direct,0.31570344566378883
CUST02166,2025-05-19,Northeast,Email,0.30301129683029776
CUST02624,2025-05-19,West,Email,0.34563328947065375
CUST03605,2025-05-19,South,Organic Search,0.6081023422532577
CUST03801,2025-05-19,Midwest,Organic Search,0.8671777995060437
CUST01623,2025-05-19,Midwest,Organic Search,0.2227785445958097
CUST00586,2025-05-19,Midwest,Organic Search,0.373262403172268
CUST01990,2025-05-19,West,Direct,0.4643344886408026
CUST01679,2025-05-19,Midwest,Direct,0.3548495276835941
CUST00452,2025-05-19,South,Organic Search,0.8947321788365715
CUST00527,2025-05-19,West,Organic Search,0.6168080818510653
CUST03276,2025-05-19,South,Organic Search,0.33428799297190914
CUST03900,2025-05-20,Northeast,Direct,0.8252984654164238
CUST00577,2025-05-20,South,Paid Social,0.3600044631121545
CUST00264,2025-05-20,Northeast,Referral,0.6101964571891341
CUST03972,2025-05-20,Northeast,Organic Search,0.3757451972454896
CUST03892,2025-05-20,South,Paid Social,0.4976658973341663
CUST01067,2025-05-20,Midwest,Referral,0.45333353176488067
CUST02533,2025-05-20,South,Organic Search,0.9384007888592862
CUST00499,2025-05-20,West,Paid Social,0.5883480429161814
CUST00421,2025-05-21,Northeast,Paid Social,0.4981759094947449
CUST00862,2025-05-21,South,Direct,0.5952855000589239
CUST02612,2025-05-21,Midwest,Referral,0.4590814050726769
CUST03943,2025-05-21,Northeast,Referral,0.35732951045970024
CUST00024,2025-05-21,Northeast,Direct,0.13507707259056168
CUST03642,2025-05-21,South,Organic Search,0.6930184024251829
CUST00438,2025-05-21,South,Organic Search,0.45072539125039385
CUST01182,2025-05-21,Northeast,Paid Social,0.6691656647633148
CUST03495,2025-05-21,West,Organic Search,0.5319753442604662
CUST02570,2025-05-21,South,Referral,0.4216946312696583
CUST03114,2025-05-22,West,Paid Social,0.30428529182700903
CUST03003,2025-05-22,South,Paid Social,0.4592258716727615
CUST01516,2025-05-22,South,Paid Social,0.46499812712567745
CUST02493,2025-05-22,West,Paid Social,0.5048881283335032
CUST03896,2025-05-22,South,Direct,0.7038431663951199
CUST02500,2025-05-22,South,Organic Search,0.7028346524496597
CUST03643,2025-05-22,South,Direct,0.44955602834835784
CUST03313,2025-05-22,Midwest,Organic Search,0.44617191015239654
CUST01751,2025-05-23,Northeast,Direct,0.7570447233843591
CUST01143,2025-05-23,West,Referral,0.5743184832290607
CUST02675,2025-05-23,South,Organic Search,0.6371043852945646
CUST02862,2025-05-23,West,Paid Social,0.6200179110525204
CUST00722,2025-05-23,West,Paid Social,0.5847011531855688
CUST02413,2025-05-23,South,Email,0.2051143743995864
CUST01273,2025-05-23,South,Organic Search,0.5624347237703059
CUST01977,2025-05-23,Northeast,Direct,0.55842385208923
CUST00693,2025-05-23,West,Direct,0.3987045770229696
CUST02733,2025-05-23,Midwest,Paid Social,0.5114851549559372
CUST03734,2025-05-24,West,Organic Search,0.5409683323673142
CUST02572,2025-05-24,West,Direct,0.3533707503872293
CUST00491,2025-05-24,West,Organic Search,0.3500900172069495
CUST01533,2025-05-24,Midwest,Paid Social,0.77049007541847
CUST00470,2025-05-24,Midwest,Direct,0.6059781099199828
CUST02228,2025-05-24,Northeast,Organic Search,0.47421834478650016
CUST02887,2025-05-24,Northeast,Organic Search,0.4540071335193212
CUST02458,2025-05-25,South,Direct,0.47211945009222706
CUST01443,2025-05-25,Northeast,Referral,0.6274164200577992
CUST03439,2025-05-25,West,Paid Social,0.9010925010778644
CUST02782,2025-05-25,West,Organic Search,0.35259810722306173
CUST01766,2025-05-25,South,Organic Search,0.321555408935599
CUST00409,2025-05-25,Midwest,Email,0.4062201056231569
CUST02631,2025-05-25,Midwest,Paid Social,0.5179920823096418
CUST02695,2025-05-25,Midwest,Referral,0.98
CUST00348,2025-05-26,West,Referral,0.6648132951273878
CUST02169,2025-05-26,South,Organic Search,0.6746670625424582
CUST00764,2025-05-26,Midwest,Email,0.8449202212986597
CUST00382,2025-05-26,Northeast,Direct,0.35890387019392755
CUST02289,2025-05-26,West,Paid Social,0.46353459748640413
CUST00754,2025-05-26,Northeast,Direct,0.5741071739967182
CUST02791,2025-05-26,South,Direct,0.368088421271446
CUST02953,2025-05-26,Northeast,Paid Social,0.27428129105814303
CUST02649,2025-05-26,Midwest,Paid Social,0.7897243769127847
CUST02878,2025-05-26,South,Email,0.5710214946631694
CUST02148,2025-05-26,South,Organic Search,0.4177861054226364
CUST00680,2025-05-26,Midwest,Paid Social,0.6433466015410843
CUST02942,2025-05-26,Northeast,Organic Search,0.2497841519862094
CUST00286,2025-05-27,Northeast,Email,0.7007324977475584
CUST03172,2025-05-27,South,Email,0.5115803819653878
CUST01689,2025-05-27,South,Paid Social,0.7826948034390702
CUST03352,2025-05-27,South,Paid Social,0.6046945510294102
CUST03921,2025-05-27,Midwest,Organic Search,0.3500514518625409
CUST00319,2025-05-27,South,Paid Social,0.4859832397944687
CUST00181,2025-05-27,South,Organic Search,0.40974086581332425
CUST02233,2025-05-27,South,Direct,0.5120472345870026
CUST03553,2025-05-27,Midwest,Email,0.8860189066986838
CUST01447,2025-05-27,South,Email,0.19318802335570767
CUST03743,2025-05-27,South,Email,0.4059928836547356
CUST00081,2025-05-28,Midwest,Organic Search,0.4966602773827404
CUST00936,2025-05-28,Midwest,Referral,0.7258735246256706
CUST02097,2025-05-28,South,Organic Search,0.4596102736788972
CUST03688,2025-05-28,Northeast,Direct,0.39064483324921706
CUST02713,2025-05-28,South,Referral,0.2834528235951993
CUST01837,2025-05-28,South,Organic Search,0.21894571055492784
CUST01109,2025-05-28,Northeast,Paid Social,0.8162097367743749
CUST01910,2025-05-28,West,Paid Social,0.330530377130437
CUST03956,2025-05-29,South,Paid Social,0.4955396199832361
CUST01681,2025-05-29,South,Direct,0.3862174804104147
CUST01874,2025-05-29,Northeast,Organic Search,0.3350376740938693
CUST02828,2025-05-30,Midwest,Direct,0.46433340463016864
CUST03310,2025-05-30,Midwest,Email,0.7799991571813563
CUST03705,2025-05-30,South,Organic Search,0.572756989129991
CUST00926,2025-05-31,South,Organic Search,0.4944845372793362
CUST02918,2025-05-31,South,Organic Search,0.6471926407445554
CUST02397,2025-05-31,Northeast,Paid Social,0.37593611349566797
CUST02620,2025-05-31,South,Referral,0.8588631730485137
CUST02221,2025-05-31,Northeast,Organic Search,0.43974976541575495
CUST03462,2025-05-31,Northeast,Organic Search,0.541224608156752
CUST00694,2025-05-31,West,Direct,0.708065246443957
CUST03961,2025-05-31,Northeast,Paid Social,0.5059794416135202
CUST02054,2025-06-01,Midwest,Referral,0.21521354627798833
CUST00383,2025-06-01,Northeast,Email,0.7040146832859736
CUST03441,2025-06-01,Northeast,Email,0.32882321593273306
CUST02744,2025-06-01,Midwest,Referral,0.3270292039724046
CUST02528,2025-06-01,South,Email,0.3567672273654707
CUST00949,2025-06-01,West,Referral,0.5917143376361923
CUST00965,2025-06-02,Northeast,Organic Search,0.9640460750285711
CUST00763,2025-06-02,Northeast,Direct,0.4185646639146815
CUST01421,2025-06-02,West,Organic Search,0.5863448372268206
CUST00640,2025-06-02,Northeast,Paid Social,0.7058859152127757
CUST00571,2025-06-02,Northeast,Email,0.22489896931727277
CUST02028,2025-06-02,South,Referral,0.755359437938895
CUST02908,2025-06-02,Northeast,Direct,0.7051116711435401
CUST01727,2025-06-02,West,Organic Search,0.7049758465653283
CUST03186,2025-06-02,West,Direct,0.3400352856967602
CUST00776,2025-06-03,Midwest,Paid Social,0.4569812577226714
CUST01930,2025-06-03,West,Email,0.5440707665613922
CUST01295,2025-06-03,Midwest,Email,0.560710847238086
CUST03902,2025-06-03,Northeast,Organic Search,0.7765541822835539
CUST02122,2025-06-04,South,Email,0.42960237749858876
CUST01934,2025-06-04,Northeast,Organic Search,0.28002777723601713
CUST00293,2025-06-04,South,Direct,0.33989857988086625
CUST00671,2025-06-04,South,Paid Social,0.40777808448405756
CUST03840,2025-06-04,Northeast,Direct,0.8131441127723773
CUST03575,2025-06-04,Midwest,Organic Search,0.20293579039870874
CUST02387,2025-06-04,Midwest,Direct,0.754413577335441
CUST01832,2025-06-04,South,Email,0.5201716199808761
CUST00340,2025-06-04,Northeast,Referral,0.42374131852398145
CUST01269,2025-06-04,West,Direct,0.2517271632838861
CUST01440,2025-06-05,South,Direct,0.6528095279649495
CUST02389,2025-06-05,South,Paid Social,0.3536129968243473
CUST01784,2025-06-05,Northeast,Organic Search,0.4373504429356406
CUST02165,2025-06-05,South,Paid Social,0.3923516880922804
CUST00448,2025-06-05,Midwest,Paid Social,0.5040515598693884
CUST03036,2025-06-06,Northeast,Organic Search,0.33692744152336584
CUST02543,2025-06-06,West,Organic Search,0.5757619210715891
CUST03645,2025-06-07,South,Direct,0.3486710201867568
CUST00684,2025-06-07,South,Direct,0.5540559134470786
CUST03839,2025-06-07,Midwest,Direct,0.6909385012112574
CUST00274,2025-06-07,West,Organic Search,0.6008617003693209
CUST01083,2025-06-07,South,Referral,0.9794233429063617
CUST02770,2025-06-07,South,Organic Search,0.6006343755018251
CUST01054,2025-06-07,South,Paid Social,0.4979070411379075
CUST01810,2025-06-07,South,Organic Search,0.5015649588498926
CUST01376,2025-06-07,Midwest,Organic Search,0.39382927850455146
CUST03488,2025-06-07,Northeast,Paid Social,0.6498253178613247
CUST00515,2025-06-07,Northeast,Organic Search,0.41703723572679413
CUST00195,2025-06-07,South,Organic Search,0.7149856689172711
CUST00751,2025-06-08,Northeast,Organic Search,0.7092064665102725
CUST01448,2025-06-08,South,Paid Social,0.8511347860464633
CUST03753,2025-06-08,South,Paid Social,0.7598985893440979
CUST00649,2025-06-08,South,Direct,0.43471747797662263
CUST03211,2025-06-08,Midwest,Direct,0.2831492164825814
CUST00451,2025-06-08,South,Organic Search,0.5322811689540092
CUST03635,2025-06-08,Northeast,Email,0.45553836698798533
CUST00683,2025-06-08,Northeast,Email,0.33675615467589126
CUST03004,2025-06-08,Northeast,Organic Search,0.9023850725873708
CUST01223,2025-06-08,South,Paid Social,0.85192983432284
CUST01939,2025-06-08,South,Organic Search,0.3674618878100265
CUST03398,2025-06-08,Midwest,Direct,0.4478613615755105
CUST02117,2025-06-08,South,Email,0.7171046537572943
CUST02731,2025-06-08,Midwest,Organic Search,0.4951127530267357
CUST03383,2025-06-08,South,Paid Social,0.8161493417640616
CUST01377,2025-06-09,Northeast,Organic Search,0.34847794342234345
CUST01369,2025-06-09,Northeast,Direct,0.44347902970445985
CUST00200,2025-06-09,South,Direct,0.4320035798206425
CUST00503,2025-06-09,West,Email,0.4134236253638057
CUST00853,2025-06-09,West,Referral,0.4747305977744912
CUST00337,2025-06-09,West,Paid Social,0.1189392460870386
CUST01700,2025-06-09,Midwest,Email,0.28009860267030073
CUST02143,2025-06-09,Northeast,Organic Search,0.48539296204110144
CUST02513,2025-06-09,West,Paid Social,0.567094940438859
CUST03664,2025-06-09,Northeast,Direct,0.3836603878460807
CUST01243,2025-06-09,West,Referral,0.6959035201774393
CUST02363,2025-06-09,South,Paid Social,0.41292880725583936
CUST01210,2025-06-09,Northeast,Email,0.08474087530166735
CUST02677,2025-06-09,Northeast,Referral,0.24368389821691888
CUST00999,2025-06-09,West,Direct,0.6839977691102929
CUST02670,2025-06-10,Midwest,Direct,0.3865966089836878
CUST03214,2025-06-10,West,Organic Search,0.8093294366634554
CUST02814,2025-06-10,West,Direct,0.7404347662861793
CUST00609,2025-06-11,South,Organic Search,0.3047253219629601
CUST02668,2025-06-11,Midwest,Email,0.5484126162759475
CUST03689,2025-06-11,South,Organic Search,0.6155154636835318
CUST02837,2025-06-11,Northeast,Email,0.5356615206317099
CUST00466,2025-06-11,South,Direct,0.5533583691589337
CUST02599,2025-06-12,Midwest,Paid Social,0.43684536496752135
CUST01567,2025-06-12,West,Organic Search,0.17140308796271564
CUST00797,2025-06-12,South,Referral,0.3881216680713628
CUST00064,2025-06-12,Northeast,Paid Social,0.4100666921564158
CUST02806,2025-06-12,South,Paid Social,0.4493471348974611
CUST00861,2025-06-12,Midwest,Organic Search,0.7108017280121851
CUST03663,2025-06-12,South,Organic Search,0.590964195127402
CUST02611,2025-06-13,West,Organic Search,0.45368414421238873
CUST02579,2025-06-13,Midwest,Email,0.5945439254737552
CUST01233,2025-06-13,South,Organic Search,0.3735769414120608
CUST03908,2025-06-13,South,Referral,0.39745738877311027
CUST03283,2025-06-13,West,Paid Social,0.5105291642538278
CUST00417,2025-06-13,Northeast,Paid Social,0.40250465625586807
CUST02589,2025-06-13,South,Paid Social,0.5773599108849053
CUST03944,2025-06-13,West,Email,0.5604727952503971
CUST00355,2025-06-13,Midwest,Organic Search,0.6600137305893428
CUST00208,2025-06-13,Midwest,Organic Search,0.4740549961978824
CUST01226,2025-06-13,West,Organic Search,0.6078044485290081
CUST03949,2025-06-13,Midwest,Email,0.6239316454696753
CUST03511,2025-06-14,Northeast,Email,0.6573210707549626
CUST02542,2025-06-14,Northeast,Organic Search,0.7444752525332257
CUST02840,2025-06-14,Northeast,Email,0.29373412918277036
CUST03516,2025-06-14,West,Direct,0.48213185326749713
CUST00959,2025-06-14,Northeast,Paid Social,0.47555277973848137
CUST00404,2025-06-14,West,Paid Social,0.4105938084745747
CUST03912,2025-06-14,Northeast,Email,0.739947477128546
CUST00046,2025-06-14,Northeast,Paid Social,0.6120596687120207
CUST01955,2025-06-14,Northeast,Direct,0.3028044633161504
CUST02963,2025-06-15,Midwest,Referral,0.20273500483997575
CUST00947,2025-06-15,Midwest,Referral,0.5318131366053364
CUST00441,2025-06-15,West,Paid Social,0.4673326795596273
CUST02132,2025-06-16,South,Direct,0.7179329624473874
CUST03789,2025-06-16,West,Organic Search,0.6794834389862641
CUST03355,2025-06-16,West,Email,0.43983367573443166
CUST02872,2025-06-16,Northeast,Direct,0.44741455122887763
CUST00325,2025-06-16,Northeast,Email,0.39935658714429506
CUST01797,2025-06-16,South,Organic Search,0.6140305399899427
CUST00012,2025-06-16,Midwest,Referral,0.47561433666660163
CUST02388,2025-06-16,Northeast,Email,0.45112846880763896
CUST02824,2025-06-16,South,Referral,0.7853948327328726
CUST03685,2025-06-16,Midwest,Organic Search,0.47482861145988525
CUST02750,2025-06-16,Northeast,Paid Social,0.46377491014956235
CUST01475,2025-06-17,South,Paid Social,0.44100996098545875
CUST02880,2025-06-17,Midwest,Paid Social,0.3598049823824845
CUST02270,2025-06-17,South,Paid Social,0.0932946842064088
CUST01649,2025-06-17,Northeast,Organic Search,0.3324935851121019
CUST01250,2025-06-17,Midwest,Email,0.7266061637443287
CUST03199,2025-06-18,South,Organic Search,0.6093326653699818
CUST01746,2025-06-18,South,Email,0.48018127018150153
CUST02627,2025-06-18,West,Organic Search,0.32015795053083473
CUST02170,2025-06-18,Midwest,Paid Social,0.5393959610930488
CUST00594,2025-06-18,Northeast,Direct,0.32915322780509293
CUST02536,2025-06-18,Northeast,Organic Search,0.5267006444413465
CUST02230,2025-06-19,Northeast,Email,0.31331549243986667
CUST00914,2025-06-19,South,Referral,0.5013172312199103
CUST00851,2025-06-19,Midwest,Direct,0.5580871031367088
CUST03426,2025-06-19,South,Referral,0.3613971351070294
CUST02974,2025-06-19,West,Organic Search,0.7803731255266451
CUST01381,2025-06-19,Midwest,Paid Social,0.40724347503564107
CUST00894,2025-06-19,South,Organic Search,0.6911997211280245
CUST01198,2025-06-20,Northeast,Direct,0.4523065125322223
CUST01830,2025-06-20,South,Organic Search,0.6951445293003187
CUST00141,2025-06-20,West,Organic Search,0.4510505652393457
CUST02555,2025-06-20,Northeast,Referral,0.6296857861628089
CUST03270,2025-06-20,South,Direct,0.44880999907920854
CUST02690,2025-06-20,South,Direct,0.4917316807289796
CUST01676,2025-06-20,West,Paid Social,0.2488108289129468
CUST00555,2025-06-21,Midwest,Organic Search,0.732467313562231
CUST03404,2025-06-21,Northeast,Paid Social,0.3473707634560995
CUST03361,2025-06-21,South,Organic Search,0.4965888352219032
CUST03593,2025-06-21,South,Direct,0.15911137672146758
CUST03748,2025-06-21,West,Direct,0.5915408074785544
CUST01707,2025-06-21,Midwest,Organic Search,0.452536385786688
CUST01203,2025-06-21,West,Organic Search,0.028880929122787224
CUST01393,2025-06-21,West,Organic Search,0.98
CUST01228,2025-06-21,Northeast,Organic Search,0.8285635335696939
CUST01828,2025-06-21,Midwest,Organic Search,0.2578829669720293
CUST01570,2025-06-21,Midwest,Direct,0.4582802003933269
CUST03785,2025-06-21,Northeast,Paid Social,0.3063062152056598
CUST01457,2025-06-21,West,Referral,0.5624746573840151
CUST03746,2025-06-22,Northeast,Referral,0.2498480830681708
CUST02035,2025-06-22,Northeast,Organic Search,0.4407127986503938
CUST03219,2025-06-22,Midwest,Referral,0.5353982810135972
CUST03412,2025-06-22,South,Paid Social,0.3430206721987026
CUST00772,2025-06-22,South,Email,0.5489245282228563
CUST03371,2025-06-22,Northeast,Direct,0.5993863031359727
CUST01246,2025-06-22,South,Direct,0.8109138903862476
CUST03779,2025-06-22,South,Email,0.41815645857515005
CUST02039,2025-06-23,Midwest,Organic Search,0.19503440334321565
CUST02653,2025-06-23,Northeast,Direct,0.5876250984881894
CUST01747,2025-06-23,Northeast,Paid Social,0.5116958846116599
CUST03978,2025-06-23,Midwest,Direct,0.7481425274034972
CUST02379,2025-06-23,West,Paid Social,0.046226984924533865
CUST01962,2025-06-23,Northeast,Organic Search,0.38110832504053704
CUST03726,2025-06-24,West,Direct,0.43251478954555944
CUST01088,2025-06-24,Midwest,Organic Search,0.5237068482892677
CUST00265,2025-06-24,South,Paid Social,0.9175428072590308
CUST02376,2025-06-24,Northeast,Email,0.22031495985683053
CUST01082,2025-06-24,Northeast,Direct,0.7082818015453859
CUST02803,2025-06-24,Northeast,Organic Search,0.5833802478167678
CUST02755,2025-06-24,West,Organic Search,0.6587464659459554
CUST03149,2025-06-24,West,Paid Social,0.7334274735223125
CUST03534,2025-06-24,Midwest,Paid Social,0.921055019372133
CUST02617,2025-06-25,Northeast,Email,0.61998008679658
CUST00356,2025-06-25,South,Paid Social,0.17224406868694941
CUST02260,2025-06-25,Midwest,Email,0.2562361807010238
CUST00347,2025-06-25,West,Direct,0.35700533400609114
CUST02046,2025-06-25,Northeast,Organic Search,0.5388183259006357
CUST00145,2025-06-25,Midwest,Email,0.5886610482512016
CUST01620,2025-06-25,West,Direct,0.695135302780441
CUST02768,2025-06-26,South,Direct,0.39015907371492686
CUST03724,2025-06-26,West,Paid Social,0.6090157308962814
CUST01998,2025-06-26,Midwest,Paid Social,0.4723648255183052
CUST03279,2025-06-26,Northeast,Organic Search,0.45124657532083123
CUST01626,2025-06-26,South,Organic Search,0.5451199301116347
CUST03238,2025-06-26,Northeast,Email,0.6354992691849327
CUST03158,2025-06-27,South,Organic Search,0.033637562592718384
CUST00511,2025-06-27,Midwest,Referral,0.7089019086542545
CUST01559,2025-06-27,South,Direct,0.39787568221212466
CUST03621,2025-06-27,Midwest,Organic Search,0.3344160024635797
CUST00161,2025-06-27,Midwest,Email,0.5256212249870879
CUST01117,2025-06-27,Northeast,Paid Social,0.4529781703183704
CUST01422,2025-06-27,Midwest,Organic Search,0.02
CUST02956,2025-06-27,Northeast,Paid Social,0.513092275111661
CUST03175,2025-06-27,Northeast,Direct,0.45764367327317257
CUST01056,2025-06-27,South,Paid Social,0.6040841498600786
CUST00810,2025-06-28,Northeast,Referral,0.4686497421033514
CUST02520,2025-06-28,Northeast,Organic Search,0.4278939805141518
CUST02173,2025-06-28,West,Email,0.6047929620548089
CUST01346,2025-06-28,South,Paid Social,0.3637564752815637
CUST00401,2025-06-28,South,Organic Search,0.43126934471539163
CUST00691,2025-06-28,West,Paid Social,0.7672652290956252
CUST03122,2025-06-29,Midwest,Direct,0.5229585060473122
CUST02218,2025-06-29,Northeast,Email,0.5611062017512831
CUST03649,2025-06-29,Midwest,Organic Search,0.5139504568446972
CUST03207,2025-06-29,Northeast,Email,0.7378067217680375
CUST01169,2025-06-29,Northeast,Paid Social,0.39816203397764743
CUST01336,2025-06-29,Midwest,Direct,0.6171157539545796
CUST03712,2025-06-29,South,Paid Social,0.4607099434369611
CUST00820,2025-06-29,West,Direct,0.43467924068068137
CUST02262,2025-06-29,West,Organic Search,0.6802717165493786
