customer_id,recency,frequency,monetary,r_score,f_score,m_score,rfm_sum,segment
CUST00001,371,3,1941.89,1,1,2,4,Hibernating / Lost
CUST00002,57,3,2547.52,4,1,3,8,Promising / New
CUST00003,155,5,1628.91,3,3,2,8,Loyal Customers
CUST00004,250,4,2371.16,2,2,3,7,Needs Attention
CUST00005,202,2,526.86,2,1,1,4,Other
CUST00006,46,1,367.52,4,1,1,6,Promising / New
CUST00007,424,5,2461.31,1,3,3,7,At Risk
CUST00008,106,2,166.44,3,1,1,5,Promising / New
CUST00009,263,6,2438.72,2,3,3,8,Needs Attention
CUST00010,71,5,2150.21,3,3,2,8,Loyal Customers
CUST00011,203,2,1211.18,2,1,1,4,Other
CUST00012,1,4,564.74,4,2,1,7,Loyal Customers
CUST00013,40,6,2646.3,4,3,3,10,Champions
CUST00014,11,3,960.26,4,1,1,6,Promising / New
CUST00015,33,2,2000.4099999999999,4,1,2,7,Promising / New
CUST00016,70,6,3207.7799999999997,3,3,3,9,Champions
CUST00017,161,5,2453.33,2,3,3,8,Needs Attention
CUST00018,411,9,5425.92,1,4,4,9,At Risk
CUST00019,16,3,2510.39,4,1,3,8,Promising / New
CUST00020,176,8,4642.63,2,4,4,10,Needs Attention
CUST00021,69,4,728.33,3,2,1,6,Loyal Customers
CUST00022,223,6,4232.05,2,3,4,9,Needs Attention
CUST00023,253,6,3327.0699999999997,2,3,3,8,Needs Attention
CUST00024,13,6,2614.35,4,3,3,10,Champions
CUST00025,60,1,37.28,3,1,1,5,Promising / New
CUST00026,21,3,632.78,4,1,1,6,Promising / New
CUST00027,189,3,2824.79,2,1,3,6,Other
CUST00028,1,9,3675.26,4,4,4,12,Champions
CUST00029,216,2,213.97,2,1,1,4,Other
CUST00030,209,3,2270.75,2,1,2,5,Other
CUST00031,5,2,800.79,4,1,1,6,Promising / New
CUST00032,325,5,1633.7600000000002,1,3,2,6,At Risk
CUST00033,342,2,1151.0300000000002,1,1,1,3,Hibernating / Lost
CUST00034,148,6,4625.34,3,3,4,10,Champions
CUST00035,47,2,495.78,4,1,1,6,Promising / New
CUST00036,480,7,3089.56,1,4,3,8,At Risk
CUST00037,64,1,195.81,3,1,1,5,Promising / New
CUST00038,22,3,1366.99,4,1,2,7,Promising / New
CUST00039,365,4,2050.53,1,2,2,5,Hibernating / Lost
CUST00040,83,6,3416.4800000000005,3,3,3,9,Champions
CUST00041,234,1,362.16,2,1,1,4,Other
CUST00042,36,4,1853.9299999999998,4,2,2,8,Loyal Customers
CUST00043,13,3,717.1899999999999,4,1,1,6,Promising / New
CUST00044,302,5,2382.39,1,3,3,7,At Risk
CUST00045,296,3,1663.62,1,1,2,4,Hibernating / Lost
CUST00046,2,10,5026.54,4,4,4,12,Champions
CUST00047,213,4,1415.9299999999998,2,2,2,6,Needs Attention
CUST00048,15,10,5181.25,4,4,4,12,Champions
CUST00049,106,4,2296.0,3,2,2,7,Loyal Customers
CUST00050,31,5,3255.96,4,3,3,10,Champions
CUST00051,80,3,1546.24,3,1,2,6,Promising / New
CUST00052,407,5,2332.81,1,3,3,7,At Risk
CUST00053,254,1,405.52,2,1,1,4,Other
CUST00054,227,4,1822.4899999999998,2,2,2,6,Needs Attention
CUST00055,188,1,208.84,2,1,1,4,Other
CUST00056,344,4,854.21,1,2,1,4,Hibernating / Lost
CUST00057,175,8,5448.3099999999995,2,4,4,10,Needs Attention
CUST00058,414,3,607.6500000000001,1,1,1,3,Hibernating / Lost
CUST00059,16,4,1937.22,4,2,2,8,Loyal Customers
CUST00060,39,2,1032.74,4,1,1,6,Promising / New
CUST00061,24,3,2457.57,4,1,3,8,Promising / New
CUST00062,101,7,2514.86,3,4,3,10,Champions
CUST00063,279,6,1381.21,1,3,2,6,At Risk
CUST00064,1,7,2315.1400000000003,4,4,2,10,Loyal Customers
CUST00065,116,5,3882.6600000000003,3,3,4,10,Champions
CUST00066,304,4,1129.16,1,2,1,4,Hibernating / Lost
CUST00067,7,3,1146.6200000000001,4,1,1,6,Promising / New
CUST00068,293,2,705.61,1,1,1,3,Hibernating / Lost
CUST00069,191,5,1931.41,2,3,2,7,Needs Attention
CUST00070,73,6,5239.0599999999995,3,3,4,10,Champions
CUST00071,80,3,1262.27,3,1,1,5,Promising / New
CUST00072,422,3,2316.67,1,1,3,5,Hibernating / Lost
CUST00073,222,4,1624.0400000000002,2,2,2,6,Needs Attention
CUST00074,421,3,1656.27,1,1,2,4,Hibernating / Lost
CUST00075,126,6,2845.25,3,3,3,9,Champions
CUST00076,170,4,1633.9,2,2,2,6,Needs Attention
CUST00077,255,2,1809.3,2,1,2,5,Other
CUST00078,212,6,2713.2,2,3,3,8,Needs Attention
CUST00079,132,4,612.87,3,2,1,6,Loyal Customers
CUST00081,6,5,2288.3,4,3,2,9,Loyal Customers
CUST00082,184,5,1897.6200000000001,2,3,2,7,Needs Attention
CUST00083,169,3,900.25,2,1,1,4,Other
CUST00084,22,4,2331.04,4,2,3,9,Loyal Customers
CUST00085,124,6,3238.38,3,3,3,9,Champions
CUST00086,32,6,2758.2999999999997,4,3,3,10,Champions
CUST00087,349,5,3904.49,1,3,4,8,At Risk
CUST00088,294,2,551.51,1,1,1,3,Hibernating / Lost
CUST00089,92,8,5046.27,3,4,4,11,Champions
CUST00090,14,4,829.39,4,2,1,7,Loyal Customers
CUST00091,130,4,2371.07,3,2,3,8,Loyal Customers
CUST00092,17,4,2836.21,4,2,3,9,Loyal Customers
CUST00093,31,2,432.24,4,1,1,6,Promising / New
CUST00094,271,5,2249.7,2,3,2,7,Needs Attention
CUST00095,4,11,7890.58,4,4,4,12,Champions
CUST00096,233,4,1329.97,2,2,2,6,Needs Attention
CUST00097,69,9,3471.52,3,4,3,10,Champions
CUST00098,121,1,374.51,3,1,1,5,Promising / New
CUST00099,174,1,467.13,2,1,1,4,Other
CUST00100,327,4,1530.43,1,2,2,5,Hibernating / Lost
CUST00101,48,4,2891.85,4,2,3,9,Loyal Customers
CUST00102,378,5,2355.32,1,3,3,7,At Risk
CUST00103,54,2,1914.8700000000001,4,1,2,7,Promising / New
CUST00104,341,7,3962.6099999999997,1,4,4,9,At Risk
CUST00105,51,4,1504.42,4,2,2,8,Loyal Customers
CUST00106,54,8,3487.91,4,4,3,11,Champions
CUST00107,111,1,859.7,3,1,1,5,Promising / New
CUST00109,236,3,814.0799999999999,2,1,1,4,Other
CUST00110,92,6,2652.84,3,3,3,9,Champions
CUST00111,275,11,8323.81,1,4,4,9,At Risk
CUST00112,60,10,3908.02,3,4,4,11,Champions
CUST00113,194,3,1554.56,2,1,2,5,Other
CUST00114,245,6,3503.8199999999997,2,3,3,8,Needs Attention
CUST00115,215,3,1466.16,2,1,2,5,Other
CUST00117,451,2,918.17,1,1,1,3,Hibernating / Lost
CUST00118,401,3,2751.36,1,1,3,5,Hibernating / Lost
CUST00119,328,8,3879.36,1,4,4,9,At Risk
CUST00120,337,6,3627.9300000000003,1,3,4,8,At Risk
CUST00121,272,1,967.96,2,1,1,4,Other
CUST00122,69,5,4696.03,3,3,4,10,Champions
CUST00123,135,3,464.79,3,1,1,5,Promising / New
CUST00124,69,10,6381.129999999999,3,4,4,11,Champions
CUST00125,40,4,2451.67,4,2,3,9,Loyal Customers
CUST00126,164,11,4386.74,2,4,4,10,Needs Attention
CUST00127,456,13,4098.15,1,4,4,9,At Risk
CUST00128,65,2,4488.5599999999995,3,1,4,8,Promising / New
CUST00129,78,4,1499.73,3,2,2,7,Loyal Customers
CUST00130,73,5,1765.98,3,3,2,8,Loyal Customers
CUST00131,209,7,2839.28,2,4,3,9,Needs Attention
CUST00132,235,2,588.48,2,1,1,4,Other
CUST00133,339,1,937.75,1,1,1,3,Hibernating / Lost
CUST00134,134,7,4446.11,3,4,4,11,Champions
CUST00135,20,4,1405.18,4,2,2,8,Loyal Customers
CUST00136,89,3,2334.89,3,1,3,7,Promising / New
CUST00137,114,2,1240.03,3,1,1,5,Promising / New
CUST00138,306,5,2854.7200000000003,1,3,3,7,At Risk
CUST00139,326,5,1042.61,1,3,1,5,At Risk
CUST00140,181,1,158.14,2,1,1,4,Other
CUST00141,3,5,1590.88,4,3,2,9,Loyal Customers
CUST00142,387,5,2585.57,1,3,3,7,At Risk
CUST00143,344,3,598.47,1,1,1,3,Hibernating / Lost
CUST00144,193,7,3174.6,2,4,3,9,Needs Attention
CUST00145,1,7,2973.73,4,4,3,11,Champions
CUST00146,58,2,2216.25,4,1,2,7,Promising / New
CUST00147,493,4,4335.09,1,2,4,7,Hibernating / Lost
CUST00148,90,6,3986.22,3,3,4,10,Champions
CUST00149,32,12,4654.03,4,4,4,12,Champions
CUST00150,405,5,4606.05,1,3,4,8,At Risk
CUST00151,3,4,2300.64,4,2,2,8,Loyal Customers
CUST00152,225,4,2064.5299999999997,2,2,2,6,Needs Attention
CUST00153,7,12,7317.39,4,4,4,12,Champions
CUST00154,216,5,2414.09,2,3,3,8,Needs Attention
CUST00155,279,9,7048.6,1,4,4,9,At Risk
CUST00156,79,6,5527.74,3,3,4,10,Champions
CUST00157,444,6,3194.9300000000003,1,3,3,7,At Risk
CUST00158,185,6,1888.27,2,3,2,7,Needs Attention
CUST00159,228,8,5281.030000000001,2,4,4,10,Needs Attention
CUST00160,13,6,2084.93,4,3,2,9,Loyal Customers
CUST00161,1,2,2087.05,4,1,2,7,Promising / New
CUST00162,76,4,1547.74,3,2,2,7,Loyal Customers
CUST00163,213,6,4277.84,2,3,4,9,Needs Attention
CUST00164,184,4,1582.41,2,2,2,6,Needs Attention
CUST00165,57,6,3322.84,4,3,3,10,Champions
CUST00166,61,6,1714.7099999999998,3,3,2,8,Loyal Customers
CUST00167,269,4,1617.13,2,2,2,6,Needs Attention
CUST00168,145,4,2183.67,3,2,2,7,Loyal Customers
CUST00169,339,10,4643.24,1,4,4,9,At Risk
CUST00170,429,6,4755.49,1,3,4,8,At Risk
CUST00171,195,3,1059.96,2,1,1,4,Other
CUST00172,242,12,5620.89,2,4,4,10,Needs Attention
CUST00173,85,2,1344.54,3,1,2,6,Promising / New
CUST00174,116,2,740.0699999999999,3,1,1,5,Promising / New
CUST00175,78,5,3802.67,3,3,4,10,Champions
CUST00176,248,5,3190.63,2,3,3,8,Needs Attention
CUST00177,64,4,1876.76,3,2,2,7,Loyal Customers
CUST00178,192,1,703.35,2,1,1,4,Other
CUST00179,20,5,3191.77,4,3,3,10,Champions
CUST00180,15,2,670.3,4,1,1,6,Promising / New
CUST00181,20,3,302.45000000000005,4,1,1,6,Promising / New
CUST00182,235,5,2033.5700000000002,2,3,2,7,Needs Attention
CUST00183,11,4,1118.97,4,2,1,7,Loyal Customers
CUST00184,42,11,6703.51,4,4,4,12,Champions
CUST00185,157,4,2109.35,3,2,2,7,Loyal Customers
CUST00186,259,2,2185.58,2,1,2,5,Other
CUST00187,410,7,3416.54,1,4,3,8,At Risk
CUST00188,199,5,2476.81,2,3,3,8,Needs Attention
CUST00189,251,5,3233.08,2,3,3,8,Needs Attention
CUST00190,352,4,4154.84,1,2,4,7,Hibernating / Lost
CUST00191,170,1,31.43,2,1,1,4,Other
CUST00192,128,5,4866.64,3,3,4,10,Champions
CUST00193,57,3,1955.84,4,1,2,7,Promising / New
CUST00194,298,6,3872.3300000000004,1,3,4,8,At Risk
CUST00195,2,5,3463.83,4,3,3,10,Champions
CUST00196,294,6,3262.72,1,3,3,7,At Risk
CUST00197,259,6,4314.82,2,3,4,9,Needs Attention
CUST00198,263,3,1670.17,2,1,2,5,Other
CUST00199,65,5,3471.1299999999997,3,3,3,9,Champions
CUST00200,3,3,406.01,4,1,1,6,Promising / New
CUST00201,66,7,1630.3500000000001,3,4,2,9,Loyal Customers
CUST00202,11,11,6671.76,4,4,4,12,Champions
CUST00203,232,2,481.7,2,1,1,4,Other
CUST00204,113,5,2058.5,3,3,2,8,Loyal Customers
CUST00205,279,1,347.25,1,1,1,3,Hibernating / Lost
CUST00206,120,5,3833.96,3,3,4,10,Champions
CUST00207,105,3,1126.54,3,1,1,5,Promising / New
CUST00208,3,6,2764.42,4,3,3,10,Champions
CUST00209,258,3,401.08,2,1,1,4,Other
CUST00210,84,1,1851.46,3,1,2,6,Promising / New
CUST00211,339,4,3748.79,1,2,4,7,Hibernating / Lost
CUST00212,107,6,2350.91,3,3,3,9,Champions
CUST00213,68,10,4980.26,3,4,4,11,Champions
CUST00215,72,4,1348.55,3,2,2,7,Loyal Customers
CUST00216,189,11,5270.22,2,4,4,10,Needs Attention
CUST00217,319,8,3923.25,1,4,4,9,At Risk
CUST00218,249,7,2472.3,2,4,3,9,Needs Attention
CUST00219,132,7,3347.16,3,4,3,10,Champions
CUST00220,15,7,2373.25,4,4,3,11,Champions
CUST00221,270,4,1895.42,2,2,2,6,Needs Attention
CUST00222,165,6,2256.19,2,3,2,7,Needs Attention
CUST00224,384,3,2556.7,1,1,3,5,Hibernating / Lost
CUST00225,24,4,2517.9500000000003,4,2,3,9,Loyal Customers
CUST00226,70,4,2182.75,3,2,2,7,Loyal Customers
CUST00227,36,3,1220.24,4,1,1,6,Promising / New
CUST00228,171,6,4494.9400000000005,2,3,4,9,Needs Attention
CUST00229,108,4,4137.33,3,2,4,9,Loyal Customers
CUST00230,339,9,5438.99,1,4,4,9,At Risk
CUST00231,194,7,2421.85,2,4,3,9,Needs Attention
CUST00232,33,5,1367.3899999999999,4,3,2,9,Loyal Customers
CUST00233,316,5,2921.48,1,3,3,7,At Risk
CUST00234,75,2,213.18,3,1,1,5,Promising / New
CUST00235,213,4,2905.02,2,2,3,7,Needs Attention
CUST00236,115,4,1798.4700000000003,3,2,2,7,Loyal Customers
CUST00237,57,5,2793.66,4,3,3,10,Champions
CUST00238,286,4,3796.82,1,2,4,7,Hibernating / Lost
CUST00239,324,5,3025.88,1,3,3,7,At Risk
CUST00240,169,3,3055.71,2,1,3,6,Other
CUST00241,357,1,1015.38,1,1,1,3,Hibernating / Lost
CUST00242,106,9,4612.49,3,4,4,11,Champions
CUST00243,359,4,3037.1200000000003,1,2,3,6,Hibernating / Lost
CUST00244,132,7,5132.88,3,4,4,11,Champions
CUST00245,154,9,3666.0299999999997,3,4,4,11,Champions
CUST00246,387,2,1610.62,1,1,2,4,Hibernating / Lost
CUST00247,23,7,4397.23,4,4,4,12,Champions
CUST00248,195,6,2307.92,2,3,2,7,Needs Attention
CUST00249,54,6,3731.92,4,3,4,11,Champions
CUST00250,307,4,2050.33,1,2,2,5,Hibernating / Lost
CUST00251,274,4,2628.86,1,2,3,6,Hibernating / Lost
CUST00252,244,4,2136.31,2,2,2,6,Needs Attention
CUST00253,297,6,2880.41,1,3,3,7,At Risk
CUST00254,290,5,1826.8999999999999,1,3,2,6,At Risk
CUST00255,98,5,2750.91,3,3,3,9,Champions
CUST00256,384,4,1738.5,1,2,2,5,Hibernating / Lost
CUST00257,102,3,1318.02,3,1,1,5,Promising / New
CUST00258,271,3,1532.19,2,1,2,5,Other
CUST00259,324,2,223.12,1,1,1,3,Hibernating / Lost
CUST00260,157,2,529.94,3,1,1,5,Promising / New
CUST00261,57,8,4946.79,4,4,4,12,Champions
CUST00262,156,4,1828.46,3,2,2,7,Loyal Customers
CUST00263,118,3,2147.1,3,1,2,6,Promising / New
CUST00264,2,10,6337.31,4,4,4,12,Champions
CUST00265,1,9,4930.0599999999995,4,4,4,12,Champions
CUST00266,200,2,1178.55,2,1,1,4,Other
CUST00267,266,2,2327.84,2,1,3,6,Other
CUST00268,328,1,976.59,1,1,1,3,Hibernating / Lost
CUST00269,86,3,1901.0199999999998,3,1,2,6,Promising / New
CUST00270,117,5,1945.5100000000002,3,3,2,8,Loyal Customers
CUST00271,121,7,3476.5299999999997,3,4,3,10,Champions
CUST00272,432,7,2665.68,1,4,3,8,At Risk
CUST00273,430,7,4107.5,1,4,4,9,At Risk
CUST00274,5,3,307.38,4,1,1,6,Promising / New
CUST00275,289,4,1403.68,1,2,2,5,Hibernating / Lost
CUST00276,184,3,703.8,2,1,1,4,Other
CUST00277,29,2,1585.9,4,1,2,7,Promising / New
CUST00278,1,7,2746.92,4,4,3,11,Champions
CUST00279,284,2,1575.51,1,1,2,4,Hibernating / Lost
CUST00280,428,5,3112.11,1,3,3,7,At Risk
CUST00281,218,7,2442.92,2,4,3,9,Needs Attention
CUST00282,79,3,732.95,3,1,1,5,Promising / New
CUST00283,157,4,1704.7,3,2,2,7,Loyal Customers
CUST00284,17,6,1928.5700000000002,4,3,2,9,Loyal Customers
CUST00285,145,5,1684.2,3,3,2,8,Loyal Customers
CUST00286,8,8,4022.4,4,4,4,12,Champions
CUST00287,381,6,5016.57,1,3,4,8,At Risk
CUST00288,194,2,803.5400000000001,2,1,1,4,Other
CUST00289,237,2,995.55,2,1,1,4,Other
CUST00290,227,2,875.0899999999999,2,1,1,4,Other
CUST00291,73,4,1823.6100000000001,3,2,2,7,Loyal Customers
CUST00292,308,6,2841.1400000000003,1,3,3,7,At Risk
CUST00293,3,3,1342.3600000000001,4,1,2,7,Promising / New
CUST00294,345,1,437.4,1,1,1,3,Hibernating / Lost
CUST00295,21,9,4198.89,4,4,4,12,Champions
CUST00296,151,5,2897.42,3,3,3,9,Champions
CUST00297,49,5,1631.3500000000001,4,3,2,9,Loyal Customers
CUST00298,189,2,816.48,2,1,1,4,Other
CUST00299,354,1,321.61,1,1,1,3,Hibernating / Lost
CUST00300,431,7,2141.1400000000003,1,4,2,7,At Risk
CUST00301,305,13,5387.97,1,4,4,9,At Risk
CUST00302,63,5,4583.01,3,3,4,10,Champions
CUST00303,490,5,1530.3600000000001,1,3,2,6,At Risk
CUST00304,14,2,488.8,4,1,1,6,Promising / New
CUST00305,84,2,841.64,3,1,1,5,Promising / New
CUST00306,398,3,952.78,1,1,1,3,Hibernating / Lost
CUST00307,225,1,460.1,2,1,1,4,Other
CUST00308,180,8,4888.13,2,4,4,10,Needs Attention
CUST00309,337,9,3189.35,1,4,3,8,At Risk
CUST00310,106,2,739.24,3,1,1,5,Promising / New
CUST00311,63,3,3142.3,3,1,3,7,Promising / New
CUST00312,47,1,192.5,4,1,1,6,Promising / New
CUST00313,33,9,3679.48,4,4,4,12,Champions
CUST00314,272,9,4520.75,2,4,4,10,Needs Attention
CUST00315,394,3,2805.74,1,1,3,5,Hibernating / Lost
CUST00316,132,4,3648.6,3,2,4,9,Loyal Customers
CUST00317,144,1,387.18,3,1,1,5,Promising / New
CUST00318,73,4,1689.35,3,2,2,7,Loyal Customers
CUST00319,5,6,4363.75,4,3,4,11,Champions
CUST00320,74,1,688.25,3,1,1,5,Promising / New
CUST00321,238,3,2616.88,2,1,3,6,Other
CUST00322,427,3,2573.91,1,1,3,5,Hibernating / Lost
CUST00323,162,2,1347.42,2,1,2,5,Other
CUST00324,6,6,1693.58,4,3,2,9,Loyal Customers
CUST00326,268,10,4979.98,2,4,4,10,Needs Attention
CUST00327,83,5,2995.0,3,3,3,9,Champions
CUST00328,443,9,3759.1099999999997,1,4,4,9,At Risk
CUST00329,437,1,16.42,1,1,1,3,Hibernating / Lost
CUST00330,186,5,1004.1,2,3,1,6,Needs Attention
CUST00331,184,3,2032.03,2,1,2,5,Other
CUST00333,215,4,1740.62,2,2,2,6,Needs Attention
CUST00334,58,2,155.5,4,1,1,6,Promising / New
CUST00335,292,1,440.28,1,1,1,3,Hibernating / Lost
CUST00336,6,5,2435.1,4,3,3,10,Champions
CUST00337,8,2,616.72,4,1,1,6,Promising / New
CUST00338,207,8,3203.29,2,4,3,9,Needs Attention
CUST00339,256,2,512.13,2,1,1,4,Other
CUST00340,4,3,934.54,4,1,1,6,Promising / New
CUST00341,83,5,1798.3500000000001,3,3,2,8,Loyal Customers
CUST00342,362,5,1216.32,1,3,1,5,At Risk
CUST00343,40,3,947.3000000000001,4,1,1,6,Promising / New
CUST00344,204,3,1308.28,2,1,1,4,Other
CUST00345,22,2,754.28,4,1,1,6,Promising / New
CUST00346,338,2,58.62,1,1,1,3,Hibernating / Lost
CUST00347,1,5,2582.67,4,3,3,10,Champions
CUST00348,15,6,1290.2,4,3,1,8,Loyal Customers
CUST00349,424,4,1484.74,1,2,2,5,Hibernating / Lost
CUST00350,416,12,6443.39,1,4,4,9,At Risk
CUST00351,102,1,140.19,3,1,1,5,Promising / New
CUST00352,470,2,2370.81,1,1,3,5,Hibernating / Lost
CUST00353,314,9,5400.9400000000005,1,4,4,9,At Risk
CUST00354,182,3,1054.68,2,1,1,4,Other
CUST00355,5,5,2562.49,4,3,3,10,Champions
CUST00356,1,4,2073.9900000000002,4,2,2,8,Loyal Customers
CUST00357,229,7,5772.12,2,4,4,10,Needs Attention
CUST00358,28,6,3456.96,4,3,3,10,Champions
CUST00359,420,5,2960.77,1,3,3,7,At Risk
CUST00360,77,7,4798.86,3,4,4,11,Champions
CUST00361,11,7,2140.71,4,4,2,10,Loyal Customers
CUST00362,15,4,2515.68,4,2,3,9,Loyal Customers
CUST00363,142,11,6220.81,3,4,4,11,Champions
CUST00364,28,6,3123.9800000000005,4,3,3,10,Champions
CUST00365,414,7,3569.2200000000003,1,4,4,9,At Risk
CUST00366,115,2,392.91,3,1,1,5,Promising / New
CUST00367,255,4,1451.05,2,2,2,6,Needs Attention
CUST00368,334,2,1420.6100000000001,1,1,2,4,Hibernating / Lost
CUST00369,287,8,3539.59,1,4,3,8,At Risk
CUST00370,75,3,1650.9199999999998,3,1,2,6,Promising / New
CUST00371,145,4,3591.99,3,2,4,9,Loyal Customers
CUST00372,104,10,3711.68,3,4,4,11,Champions
CUST00373,198,6,4328.7,2,3,4,9,Needs Attention
CUST00374,258,9,6528.92,2,4,4,10,Needs Attention
CUST00375,28,4,2575.8,4,2,3,9,Loyal Customers
CUST00376,358,7,3866.1499999999996,1,4,4,9,At Risk
CUST00377,119,3,666.28,3,1,1,5,Promising / New
CUST00378,112,2,555.36,3,1,1,5,Promising / New
CUST00379,224,6,4936.18,2,3,4,9,Needs Attention
CUST00380,168,6,3022.0,2,3,3,8,Needs Attention
CUST00381,78,5,2498.97,3,3,3,9,Champions
CUST00382,13,4,1900.9299999999998,4,2,2,8,Loyal Customers
CUST00383,5,9,5566.53,4,4,4,12,Champions
CUST00384,211,4,1768.01,2,2,2,6,Needs Attention
CUST00385,443,4,1563.17,1,2,2,5,Hibernating / Lost
CUST00386,254,5,3065.03,2,3,3,8,Needs Attention
CUST00387,254,5,2356.83,2,3,3,8,Needs Attention
CUST00388,50,11,3967.0099999999998,4,4,4,12,Champions
CUST00389,33,3,914.61,4,1,1,6,Promising / New
CUST00390,431,6,3380.4,1,3,3,7,At Risk
CUST00391,68,3,1704.7600000000002,3,1,2,6,Promising / New
CUST00392,206,7,1998.46,2,4,2,8,Needs Attention
CUST00393,199,3,2050.13,2,1,2,5,Other
CUST00394,167,4,2384.86,2,2,3,7,Needs Attention
CUST00395,3,1,1097.43,4,1,1,6,Promising / New
CUST00396,29,5,3274.6099999999997,4,3,3,10,Champions
CUST00397,187,2,371.1,2,1,1,4,Other
CUST00398,343,7,4134.72,1,4,4,9,At Risk
CUST00399,199,7,3366.21,2,4,3,9,Needs Attention
CUST00400,342,4,1072.66,1,2,1,4,Hibernating / Lost
CUST00401,1,5,1059.3200000000002,4,3,1,8,Loyal Customers
CUST00402,103,2,2252.58,3,1,2,6,Promising / New
CUST00403,24,5,3224.92,4,3,3,10,Champions
CUST00404,6,1,1199.76,4,1,1,6,Promising / New
CUST00405,172,8,4548.4,2,4,4,10,Needs Attention
CUST00406,168,9,4096.73,2,4,4,10,Needs Attention
CUST00407,45,1,653.62,4,1,1,6,Promising / New
CUST00408,371,7,3470.7200000000003,1,4,3,8,At Risk
CUST00409,12,4,3217.4700000000003,4,2,3,9,Loyal Customers
CUST00410,383,5,2309.34,1,3,2,6,At Risk
CUST00411,319,3,1378.6,1,1,2,4,Hibernating / Lost
CUST00412,350,7,4184.83,1,4,4,9,At Risk
CUST00413,181,7,3578.55,2,4,4,10,Needs Attention
CUST00414,360,5,2696.79,1,3,3,7,At Risk
CUST00415,345,1,512.78,1,1,1,3,Hibernating / Lost
CUST00416,96,1,52.54,3,1,1,5,Promising / New
CUST00417,10,6,2207.62,4,3,2,9,Loyal Customers
CUST00418,329,3,2144.02,1,1,2,4,Hibernating / Lost
CUST00419,347,1,145.8,1,1,1,3,Hibernating / Lost
CUST00420,245,3,1721.55,2,1,2,5,Other
CUST00421,4,5,3969.3500000000004,4,3,4,11,Champions
CUST00422,97,4,3118.2700000000004,3,2,3,8,Loyal Customers
CUST00423,51,9,4609.17,4,4,4,12,Champions
CUST00424,160,3,2235.4300000000003,2,1,2,5,Other
CUST00425,206,7,5639.45,2,4,4,10,Needs Attention
CUST00426,156,2,328.38,3,1,1,5,Promising / New
CUST00427,40,7,2800.75,4,4,3,11,Champions
CUST00428,77,5,2187.55,3,3,2,8,Loyal Customers
CUST00429,469,2,1432.23,1,1,2,4,Hibernating / Lost
CUST00430,100,6,817.75,3,3,1,7,Loyal Customers
CUST00431,320,4,3436.0899999999997,1,2,3,6,Hibernating / Lost
CUST00433,66,7,2517.4900000000002,3,4,3,10,Champions
CUST00434,101,7,2653.67,3,4,3,10,Champions
CUST00435,214,1,1254.41,2,1,1,4,Other
CUST00436,369,6,1892.62,1,3,2,6,At Risk
CUST00437,80,4,4507.77,3,2,4,9,Loyal Customers
CUST00438,12,3,1728.62,4,1,2,7,Promising / New
CUST00439,393,10,2718.7000000000003,1,4,3,8,At Risk
CUST00440,261,10,5224.2,2,4,4,10,Needs Attention
CUST00441,2,1,1179.4,4,1,1,6,Promising / New
CUST00442,329,1,54.71,1,1,1,3,Hibernating / Lost
CUST00443,338,4,1275.98,1,2,1,4,Hibernating / Lost
CUST00444,195,2,828.72,2,1,1,4,Other
CUST00445,172,5,1655.15,2,3,2,7,Needs Attention
CUST00446,172,1,220.63,2,1,1,4,Other
CUST00447,312,2,1043.45,1,1,1,3,Hibernating / Lost
CUST00448,14,2,1541.46,4,1,2,7,Promising / New
CUST00449,62,3,1322.78,3,1,2,6,Promising / New
CUST00450,302,10,5676.49,1,4,4,9,At Risk
CUST00451,3,7,1926.4,4,4,2,10,Loyal Customers
CUST00452,4,14,7937.42,4,4,4,12,Champions
CUST00453,230,7,2868.03,2,4,3,9,Needs Attention
CUST00454,332,2,651.19,1,1,1,3,Hibernating / Lost
CUST00455,176,6,3237.26,2,3,3,8,Needs Attention
CUST00456,149,1,25.65,3,1,1,5,Promising / New
CUST00457,358,4,1374.0900000000001,1,2,2,5,Hibernating / Lost
CUST00458,65,4,4689.589999999999,3,2,4,9,Loyal Customers
CUST00459,45,6,924.52,4,3,1,8,Loyal Customers
CUST00460,456,1,114.13,1,1,1,3,Hibernating / Lost
CUST00461,119,4,2446.03,3,2,3,8,Loyal Customers
CUST00462,336,8,5759.57,1,4,4,9,At Risk
CUST00463,89,5,1013.16,3,3,1,7,Loyal Customers
CUST00464,196,9,4067.3,2,4,4,10,Needs Attention
CUST00465,339,11,4157.51,1,4,4,9,At Risk
CUST00466,2,5,1928.3999999999999,4,3,2,9,Loyal Customers
CUST00467,439,1,185.68,1,1,1,3,Hibernating / Lost
CUST00468,116,5,2250.26,3,3,2,8,Loyal Customers
CUST00469,222,11,5205.45,2,4,4,10,Needs Attention
CUST00470,5,5,684.0500000000001,4,3,1,8,Loyal Customers
CUST00471,54,8,3970.91,4,4,4,12,Champions
CUST00472,56,3,1588.38,4,1,2,7,Promising / New
CUST00473,10,5,2028.73,4,3,2,9,Loyal Customers
CUST00474,241,6,2807.51,2,3,3,8,Needs Attention
CUST00475,146,7,6119.37,3,4,4,11,Champions
CUST00476,70,11,5652.0,3,4,4,11,Champions
CUST00477,12,3,1688.88,4,1,2,7,Promising / New
CUST00478,424,5,2314.19,1,3,2,6,At Risk
CUST00479,140,4,2655.0699999999997,3,2,3,8,Loyal Customers
CUST00481,38,9,4800.06,4,4,4,12,Champions
CUST00482,11,4,1280.8400000000001,4,2,1,7,Loyal Customers
CUST00483,334,2,332.89,1,1,1,3,Hibernating / Lost
CUST00484,44,4,1805.46,4,2,2,8,Loyal Customers
CUST00485,195,7,2235.77,2,4,2,8,Needs Attention
CUST00486,213,5,1800.54,2,3,2,7,Needs Attention
CUST00487,295,5,5851.29,1,3,4,8,At Risk
CUST00488,196,3,1988.9799999999998,2,1,2,5,Other
CUST00489,46,6,4213.360000000001,4,3,4,11,Champions
CUST00490,50,6,2605.0,4,3,3,10,Champions
CUST00491,7,2,1217.01,4,1,1,6,Promising / New
CUST00492,63,1,387.91,3,1,1,5,Promising / New
CUST00493,108,2,650.22,3,1,1,5,Promising / New
CUST00494,120,7,3440.07,3,4,3,10,Champions
CUST00495,118,2,1532.6,3,1,2,6,Promising / New
CUST00496,262,3,2158.63,2,1,2,5,Other
CUST00497,326,3,2192.83,1,1,2,4,Hibernating / Lost
CUST00498,188,7,3098.2200000000003,2,4,3,9,Needs Attention
CUST00499,12,12,5918.76,4,4,4,12,Champions
CUST00500,279,5,3636.73,1,3,4,8,At Risk
CUST00501,357,4,2176.95,1,2,2,5,Hibernating / Lost
CUST00502,128,3,1288.25,3,1,1,5,Promising / New
CUST00503,3,4,2229.3100000000004,4,2,2,8,Loyal Customers
CUST00504,10,3,1034.1799999999998,4,1,1,6,Promising / New
CUST00505,318,3,1800.85,1,1,2,4,Hibernating / Lost
CUST00506,180,7,4108.51,2,4,4,10,Needs Attention
CUST00507,228,8,4962.09,2,4,4,10,Needs Attention
CUST00508,347,4,1379.01,1,2,2,5,Hibernating / Lost
CUST00509,235,3,1141.1,2,1,1,4,Other
CUST00511,1,4,1089.0,4,2,1,7,Loyal Customers
CUST00512,47,1,689.83,4,1,1,6,Promising / New
CUST00513,59,1,115.1,3,1,1,5,Promising / New
CUST00515,1,4,2802.55,4,2,3,9,Loyal Customers
CUST00516,354,3,837.52,1,1,1,3,Hibernating / Lost
CUST00517,40,2,1227.01,4,1,1,6,Promising / New
CUST00518,370,5,2997.18,1,3,3,7,At Risk
CUST00519,229,4,2763.15,2,2,3,7,Needs Attention
CUST00520,118,4,2055.63,3,2,2,7,Loyal Customers
CUST00521,312,2,1044.94,1,1,1,3,Hibernating / Lost
CUST00522,423,3,1241.5300000000002,1,1,1,3,Hibernating / Lost
CUST00523,299,9,5483.37,1,4,4,9,At Risk
CUST00524,83,1,81.05,3,1,1,5,Promising / New
CUST00525,252,6,3648.1099999999997,2,3,4,9,Needs Attention
CUST00526,352,2,737.89,1,1,1,3,Hibernating / Lost
CUST00527,28,5,1437.28,4,3,2,9,Loyal Customers
CUST00528,263,5,5487.24,2,3,4,9,Needs Attention
CUST00529,3,4,3954.3100000000004,4,2,4,10,Loyal Customers
CUST00530,8,4,3125.88,4,2,3,9,Loyal Customers
CUST00531,164,6,3543.4,2,3,3,8,Needs Attention
CUST00532,158,8,4054.98,3,4,4,11,Champions
CUST00533,362,7,2777.9500000000003,1,4,3,8,At Risk
CUST00534,227,5,2661.24,2,3,3,8,Needs Attention
CUST00535,176,3,1225.26,2,1,1,4,Other
CUST00536,405,11,7561.42,1,4,4,9,At Risk
CUST00537,135,7,5128.88,3,4,4,11,Champions
CUST00538,105,5,2311.0099999999998,3,3,2,8,Loyal Customers
CUST00539,143,6,3160.91,3,3,3,9,Champions
CUST00540,344,3,1970.8899999999999,1,1,2,4,Hibernating / Lost
CUST00541,85,6,5226.87,3,3,4,10,Champions
CUST00542,403,4,1974.55,1,2,2,5,Hibernating / Lost
CUST00543,162,4,1304.25,2,2,1,5,Needs Attention
CUST00544,148,6,1871.27,3,3,2,8,Loyal Customers
CUST00545,33,5,1703.88,4,3,2,9,Loyal Customers
CUST00546,101,3,1335.85,3,1,2,6,Promising / New
CUST00547,278,2,1374.9299999999998,1,1,2,4,Hibernating / Lost
CUST00548,147,4,1827.68,3,2,2,7,Loyal Customers
CUST00549,186,4,2102.91,2,2,2,6,Needs Attention
CUST00550,128,2,1039.0,3,1,1,5,Promising / New
CUST00551,14,4,771.5899999999999,4,2,1,7,Loyal Customers
CUST00552,177,6,3068.4799999999996,2,3,3,8,Needs Attention
CUST00553,7,4,1297.62,4,2,1,7,Loyal Customers
CUST00554,250,5,2913.13,2,3,3,8,Needs Attention
CUST00555,3,6,2755.51,4,3,3,10,Champions
CUST00556,9,9,3379.3999999999996,4,4,3,11,Champions
CUST00557,29,5,1934.63,4,3,2,9,Loyal Customers
CUST00558,38,2,152.05,4,1,1,6,Promising / New
CUST00559,72,3,2212.1,3,1,2,6,Promising / New
CUST00560,29,3,1120.19,4,1,1,6,Promising / New
CUST00561,236,1,268.78000000000003,2,1,1,4,Other
CUST00562,109,3,1187.33,3,1,1,5,Promising / New
CUST00563,214,1,814.9399999999999,2,1,1,4,Other
CUST00564,350,7,2957.1,1,4,3,8,At Risk
CUST00565,3,5,3640.46,4,3,4,11,Champions
CUST00566,278,8,6608.22,1,4,4,9,At Risk
CUST00567,390,3,3542.27,1,1,3,5,Hibernating / Lost
CUST00568,105,4,1311.8,3,2,1,6,Loyal Customers
CUST00569,71,6,4497.25,3,3,4,10,Champions
CUST00570,168,5,3179.09,2,3,3,8,Needs Attention
CUST00571,13,2,1027.45,4,1,1,6,Promising / New
CUST00572,251,4,3454.73,2,2,3,7,Needs Attention
CUST00573,354,6,7539.879999999999,1,3,4,8,At Risk
CUST00574,296,16,9550.98,1,4,4,9,At Risk
CUST00575,405,2,2058.94,1,1,2,4,Hibernating / Lost
CUST00576,296,4,1178.79,1,2,1,4,Hibernating / Lost
CUST00577,3,7,4339.62,4,4,4,12,Champions
CUST00578,252,1,227.28,2,1,1,4,Other
CUST00579,23,4,2104.72,4,2,2,8,Loyal Customers
CUST00580,332,12,6131.94,1,4,4,9,At Risk
CUST00581,372,8,6061.37,1,4,4,9,At Risk
CUST00582,59,4,1212.99,3,2,1,6,Loyal Customers
CUST00583,248,2,2254.4,2,1,2,5,Other
CUST00585,98,3,565.98,3,1,1,5,Promising / New
CUST00586,20,1,1350.06,4,1,2,7,Promising / New
CUST00587,164,3,1396.75,2,1,2,5,Other
CUST00588,410,3,1016.0099999999999,1,1,1,3,Hibernating / Lost
CUST00589,47,3,3196.63,4,1,3,8,Promising / New
CUST00590,53,3,2998.75,4,1,3,8,Promising / New
CUST00591,64,6,3918.81,3,3,4,10,Champions
CUST00592,28,2,236.22,4,1,1,6,Promising / New
CUST00593,205,4,2638.83,2,2,3,7,Needs Attention
CUST00594,3,3,2082.75,4,1,2,7,Promising / New
CUST00595,26,4,2174.0299999999997,4,2,2,8,Loyal Customers
CUST00596,49,4,2892.4,4,2,3,9,Loyal Customers
CUST00597,195,4,2060.05,2,2,2,6,Needs Attention
CUST00598,62,8,3429.36,3,4,3,10,Champions
CUST00599,111,4,1776.3700000000001,3,2,2,7,Loyal Customers
CUST00600,88,11,5159.93,3,4,4,11,Champions
CUST00601,174,6,4855.41,2,3,4,9,Needs Attention
CUST00602,45,8,5883.15,4,4,4,12,Champions
CUST00603,44,5,1479.38,4,3,2,9,Loyal Customers
CUST00605,69,4,3502.33,3,2,3,8,Loyal Customers
CUST00606,206,10,5709.03,2,4,4,10,Needs Attention
CUST00607,288,6,3195.0,1,3,3,7,At Risk
CUST00608,247,2,1185.67,2,1,1,4,Other
CUST00609,5,2,1113.51,4,1,1,6,Promising / New
CUST00610,26,13,8851.52,4,4,4,12,Champions
CUST00611,77,1,1035.26,3,1,1,5,Promising / New
CUST00612,168,2,2484.6400000000003,2,1,3,6,Other
CUST00613,71,3,1728.49,3,1,2,6,Promising / New
CUST00614,297,5,2265.79,1,3,2,6,At Risk
CUST00615,95,3,2135.26,3,1,2,6,Promising / New
CUST00616,20,5,2848.59,4,3,3,10,Champions
CUST00617,375,7,2414.1400000000003,1,4,3,8,At Risk
CUST00618,349,2,615.8599999999999,1,1,1,3,Hibernating / Lost
CUST00619,453,6,2380.2599999999998,1,3,3,7,At Risk
CUST00620,323,7,6549.93,1,4,4,9,At Risk
CUST00621,35,2,676.99,4,1,1,6,Promising / New
CUST00622,254,6,2621.92,2,3,3,8,Needs Attention
CUST00623,390,4,1958.62,1,2,2,5,Hibernating / Lost
CUST00624,266,7,3758.16,2,4,4,10,Needs Attention
CUST00625,168,5,3445.34,2,3,3,8,Needs Attention
CUST00626,390,9,3977.76,1,4,4,9,At Risk
CUST00627,311,4,3634.5400000000004,1,2,4,7,Hibernating / Lost
CUST00628,118,2,1225.5300000000002,3,1,1,5,Promising / New
CUST00629,72,7,3208.04,3,4,3,10,Champions
CUST00630,156,2,506.24,3,1,1,5,Promising / New
CUST00631,91,4,2952.46,3,2,3,8,Loyal Customers
CUST00632,261,6,3116.67,2,3,3,8,Needs Attention
CUST00633,76,2,1337.37,3,1,2,6,Promising / New
CUST00634,253,1,158.76,2,1,1,4,Other
CUST00635,322,5,2807.54,1,3,3,7,At Risk
CUST00637,248,1,187.6,2,1,1,4,Other
CUST00638,305,11,6827.54,1,4,4,9,At Risk
CUST00639,57,3,746.45,4,1,1,6,Promising / New
CUST00640,7,6,2927.73,4,3,3,10,Champions
CUST00641,112,5,2745.24,3,3,3,9,Champions
CUST00642,3,5,3165.02,4,3,3,10,Champions
CUST00643,45,4,965.86,4,2,1,7,Loyal Customers
CUST00644,225,7,6491.299999999999,2,4,4,10,Needs Attention
CUST00645,108,3,2013.03,3,1,2,6,Promising / New
CUST00646,274,3,751.33,1,1,1,3,Hibernating / Lost
CUST00647,263,1,62.86,2,1,1,4,Other
CUST00648,141,3,3280.11,3,1,3,7,Promising / New
CUST00649,2,8,4068.08,4,4,4,12,Champions
CUST00650,77,1,518.66,3,1,1,5,Promising / New
CUST00651,143,14,10328.36,3,4,4,11,Champions
CUST00652,160,5,3780.3,2,3,4,9,Needs Attention
CUST00653,378,3,1742.96,1,1,2,4,Hibernating / Lost
CUST00654,15,2,532.74,4,1,1,6,Promising / New
CUST00655,199,7,4477.78,2,4,4,10,Needs Attention
CUST00656,207,4,2735.71,2,2,3,7,Needs Attention
CUST00657,66,2,910.8199999999999,3,1,1,5,Promising / New
CUST00658,187,5,2099.37,2,3,2,7,Needs Attention
CUST00659,419,4,2241.02,1,2,2,5,Hibernating / Lost
CUST00660,336,4,2485.43,1,2,3,6,Hibernating / Lost
CUST00661,229,3,1074.68,2,1,1,4,Other
CUST00662,111,9,3848.23,3,4,4,11,Champions
CUST00663,342,6,1947.57,1,3,2,6,At Risk
CUST00664,303,6,1432.16,1,3,2,6,At Risk
CUST00665,109,3,2158.29,3,1,2,6,Promising / New
CUST00666,131,2,587.71,3,1,1,5,Promising / New
CUST00667,174,3,1028.83,2,1,1,4,Other
CUST00668,21,1,654.87,4,1,1,6,Promising / New
CUST00669,28,3,1569.54,4,1,2,7,Promising / New
CUST00670,189,2,1135.48,2,1,1,4,Other
CUST00671,6,4,1707.46,4,2,2,8,Loyal Customers
CUST00672,179,5,1592.8799999999999,2,3,2,7,Needs Attention
CUST00673,111,9,6548.21,3,4,4,11,Champions
CUST00674,425,1,591.1800000000001,1,1,1,3,Hibernating / Lost
CUST00675,184,6,3330.92,2,3,3,8,Needs Attention
CUST00676,18,5,3533.09,4,3,3,10,Champions
CUST00677,116,5,3306.35,3,3,3,9,Champions
CUST00678,338,4,2477.13,1,2,3,6,Hibernating / Lost
CUST00679,237,4,2484.44,2,2,3,7,Needs Attention
CUST00680,3,6,4414.52,4,3,4,11,Champions
CUST00681,8,8,5600.57,4,4,4,12,Champions
CUST00682,421,4,2353.04,1,2,3,6,Hibernating / Lost
CUST00683,8,6,5027.58,4,3,4,11,Champions
CUST00684,1,13,8523.84,4,4,4,12,Champions
CUST00685,391,5,2261.77,1,3,2,6,At Risk
CUST00686,27,4,1343.65,4,2,2,8,Loyal Customers
CUST00687,162,5,1412.76,2,3,2,7,Needs Attention
CUST00688,178,5,3699.4799999999996,2,3,4,9,Needs Attention
CUST00689,159,7,2466.63,2,4,3,9,Needs Attention
CUST00690,71,7,4140.13,3,4,4,11,Champions
CUST00691,1,9,4688.36,4,4,4,12,Champions
CUST00692,40,5,1508.17,4,3,2,9,Loyal Customers
CUST00693,6,5,1841.65,4,3,2,9,Loyal Customers
CUST00694,2,6,1542.22,4,3,2,9,Loyal Customers
CUST00695,362,5,3582.1600000000003,1,3,4,8,At Risk
CUST00696,225,8,4962.35,2,4,4,10,Needs Attention
CUST00697,94,6,4068.66,3,3,4,10,Champions
CUST00699,323,4,2881.12,1,2,3,6,Hibernating / Lost
CUST00700,405,3,1340.0600000000002,1,1,2,4,Hibernating / Lost
CUST00701,31,7,3649.84,4,4,4,12,Champions
CUST00702,111,4,1606.04,3,2,2,7,Loyal Customers
CUST00703,306,7,4704.7,1,4,4,9,At Risk
CUST00704,419,10,6258.28,1,4,4,9,At Risk
CUST00705,359,9,7309.01,1,4,4,9,At Risk
CUST00706,193,7,2998.65,2,4,3,9,Needs Attention
CUST00707,467,4,4139.39,1,2,4,7,Hibernating / Lost
CUST00708,173,5,2503.59,2,3,3,8,Needs Attention
CUST00709,140,8,4968.85,3,4,4,11,Champions
CUST00710,27,4,1879.68,4,2,2,8,Loyal Customers
CUST00711,129,2,778.0200000000001,3,1,1,5,Promising / New
CUST00712,234,6,4641.44,2,3,4,9,Needs Attention
CUST00713,120,9,6017.5,3,4,4,11,Champions
CUST00714,23,9,3122.35,4,4,3,11,Champions
CUST00715,4,4,1134.74,4,2,1,7,Loyal Customers
CUST00716,70,6,2941.1400000000003,3,3,3,9,Champions
CUST00717,150,7,2504.13,3,4,3,10,Champions
CUST00718,218,1,192.5,2,1,1,4,Other
CUST00719,219,7,3446.89,2,4,3,9,Needs Attention
CUST00720,17,10,7168.200000000001,4,4,4,12,Champions
CUST00721,229,5,1728.05,2,3,2,7,Needs Attention
CUST00722,3,7,5080.23,4,4,4,12,Champions
CUST00723,47,3,2205.24,4,1,2,7,Promising / New
CUST00724,416,3,1329.81,1,1,2,4,Hibernating / Lost
CUST00725,82,4,3322.0,3,2,3,8,Loyal Customers
CUST00726,348,8,4878.31,1,4,4,9,At Risk
CUST00727,104,2,652.14,3,1,1,5,Promising / New
CUST00728,264,5,2415.02,2,3,3,8,Needs Attention
CUST00729,53,13,5889.64,4,4,4,12,Champions
CUST00730,93,8,3263.95,3,4,3,10,Champions
CUST00731,138,1,1199.55,3,1,1,5,Promising / New
CUST00732,260,3,1374.5700000000002,2,1,2,5,Other
CUST00733,21,3,463.4200000000001,4,1,1,6,Promising / New
CUST00734,108,3,2598.19,3,1,3,7,Promising / New
CUST00735,381,5,5524.63,1,3,4,8,At Risk
CUST00736,40,9,4399.21,4,4,4,12,Champions
CUST00737,78,2,723.26,3,1,1,5,Promising / New
CUST00738,248,5,4124.2,2,3,4,9,Needs Attention
CUST00739,111,5,1260.26,3,3,1,7,Loyal Customers
CUST00740,11,6,2232.76,4,3,2,9,Loyal Customers
CUST00741,54,2,733.45,4,1,1,6,Promising / New
CUST00742,100,6,1726.19,3,3,2,8,Loyal Customers
CUST00743,142,8,5817.74,3,4,4,11,Champions
CUST00744,269,4,1264.58,2,2,1,5,Needs Attention
CUST00745,85,2,1476.0400000000002,3,1,2,6,Promising / New
CUST00746,312,3,2051.7200000000003,1,1,2,4,Hibernating / Lost
CUST00747,115,2,2705.55,3,1,3,7,Promising / New
CUST00748,108,7,3647.45,3,4,4,11,Champions
CUST00749,324,7,2495.58,1,4,3,8,At Risk
CUST00750,387,6,2168.41,1,3,2,6,At Risk
CUST00751,4,6,4905.86,4,3,4,11,Champions
CUST00752,143,2,2613.5200000000004,3,1,3,7,Promising / New
CUST00753,31,5,3134.15,4,3,3,10,Champions
CUST00754,15,5,4716.79,4,3,4,11,Champions
CUST00755,93,3,3000.1499999999996,3,1,3,7,Promising / New
CUST00756,239,4,2437.75,2,2,3,7,Needs Attention
CUST00757,38,4,5259.4,4,2,4,10,Loyal Customers
CUST00758,182,1,54.74,2,1,1,4,Other
CUST00759,435,4,1038.03,1,2,1,4,Hibernating / Lost
CUST00760,116,4,2443.3900000000003,3,2,3,8,Loyal Customers
CUST00761,376,3,1310.3400000000001,1,1,1,3,Hibernating / Lost
CUST00762,59,5,2224.91,3,3,2,8,Loyal Customers
CUST00763,7,2,1123.16,4,1,1,6,Promising / New
CUST00764,4,13,5603.5199999999995,4,4,4,12,Champions
CUST00765,130,2,983.8300000000002,3,1,1,5,Promising / New
CUST00766,64,7,4729.69,3,4,4,11,Champions
CUST00767,139,4,2976.7300000000005,3,2,3,8,Loyal Customers
CUST00768,232,1,696.48,2,1,1,4,Other
CUST00769,452,1,278.55,1,1,1,3,Hibernating / Lost
CUST00770,208,5,3037.34,2,3,3,8,Needs Attention
CUST00771,152,4,1060.36,3,2,1,6,Loyal Customers
CUST00772,2,3,943.69,4,1,1,6,Promising / New
CUST00773,363,1,786.85,1,1,1,3,Hibernating / Lost
CUST00774,114,3,1661.29,3,1,2,6,Promising / New
CUST00775,28,6,2084.16,4,3,2,9,Loyal Customers
CUST00776,1,4,2619.9700000000003,4,2,3,9,Loyal Customers
CUST00777,267,1,24.44,2,1,1,4,Other
CUST00778,317,9,4795.679999999999,1,4,4,9,At Risk
CUST00779,125,5,3366.04,3,3,3,9,Champions
CUST00780,5,4,2817.12,4,2,3,9,Loyal Customers
CUST00781,16,5,2299.0299999999997,4,3,2,9,Loyal Customers
CUST00782,118,4,1131.99,3,2,1,6,Loyal Customers
CUST00783,451,3,2947.53,1,1,3,5,Hibernating / Lost
CUST00784,253,5,2550.29,2,3,3,8,Needs Attention
CUST00785,247,3,1760.79,2,1,2,5,Other
CUST00786,150,5,3993.54,3,3,4,10,Champions
CUST00787,516,2,771.5500000000001,1,1,1,3,Hibernating / Lost
CUST00788,97,5,2688.9900000000002,3,3,3,9,Champions
CUST00789,217,6,4056.5699999999997,2,3,4,9,Needs Attention
CUST00790,502,6,3361.1600000000003,1,3,3,7,At Risk
CUST00791,430,4,3287.42,1,2,3,6,Hibernating / Lost
CUST00792,137,5,3023.31,3,3,3,9,Champions
CUST00793,64,7,7797.48,3,4,4,11,Champions
CUST00794,46,3,2132.91,4,1,2,7,Promising / New
CUST00795,175,7,3017.9,2,4,3,9,Needs Attention
CUST00796,320,1,213.27,1,1,1,3,Hibernating / Lost
CUST00797,2,9,4822.63,4,4,4,12,Champions
CUST00798,223,4,2765.67,2,2,3,7,Needs Attention
CUST00799,173,9,4627.74,2,4,4,10,Needs Attention
CUST00800,224,3,803.99,2,1,1,4,Other
CUST00801,385,7,3133.53,1,4,3,8,At Risk
CUST00802,263,6,5516.46,2,3,4,9,Needs Attention
CUST00803,153,5,2132.13,3,3,2,8,Loyal Customers
CUST00804,13,9,3107.88,4,4,3,11,Champions
CUST00805,117,8,6094.96,3,4,4,11,Champions
CUST00806,22,2,606.75,4,1,1,6,Promising / New
CUST00807,235,1,12.34,2,1,1,4,Other
CUST00808,364,8,4765.389999999999,1,4,4,9,At Risk
CUST00809,207,5,2914.45,2,3,3,8,Needs Attention
CUST00810,1,3,2844.66,4,1,3,8,Promising / New
CUST00811,354,2,549.52,1,1,1,3,Hibernating / Lost
CUST00812,33,5,4486.85,4,3,4,11,Champions
CUST00813,1,6,6634.450000000001,4,3,4,11,Champions
CUST00814,272,6,2980.2,2,3,3,8,Needs Attention
CUST00815,71,3,2998.74,3,1,3,7,Promising / New
CUST00816,37,5,1482.72,4,3,2,9,Loyal Customers
CUST00817,483,6,4078.0800000000004,1,3,4,8,At Risk
CUST00819,109,3,882.48,3,1,1,5,Promising / New
CUST00820,1,7,3549.8500000000004,4,4,3,11,Champions
CUST00821,385,2,548.48,1,1,1,3,Hibernating / Lost
CUST00822,110,2,1010.1,3,1,1,5,Promising / New
CUST00823,283,8,3776.69,1,4,4,9,At Risk
CUST00824,125,4,2809.84,3,2,3,8,Loyal Customers
CUST00825,123,7,3168.05,3,4,3,10,Champions
CUST00826,356,5,3792.21,1,3,4,8,At Risk
CUST00827,134,5,3684.84,3,3,4,10,Champions
CUST00828,14,4,2083.6800000000003,4,2,2,8,Loyal Customers
CUST00829,40,4,3133.3,4,2,3,9,Loyal Customers
CUST00830,503,2,655.91,1,1,1,3,Hibernating / Lost
CUST00831,203,6,5621.66,2,3,4,9,Needs Attention
CUST00832,257,6,2456.65,2,3,3,8,Needs Attention
CUST00833,62,7,4197.78,3,4,4,11,Champions
CUST00834,271,5,3660.62,2,3,4,9,Needs Attention
CUST00835,25,3,923.62,4,1,1,6,Promising / New
CUST00836,67,5,2335.3100000000004,3,3,3,9,Champions
CUST00837,69,4,1937.3400000000001,3,2,2,7,Loyal Customers
CUST00838,141,9,4160.83,3,4,4,11,Champions
CUST00839,477,4,2486.82,1,2,3,6,Hibernating / Lost
CUST00840,22,3,637.21,4,1,1,6,Promising / New
CUST00841,268,4,1835.8600000000001,2,2,2,6,Needs Attention
CUST00842,106,6,4376.9400000000005,3,3,4,10,Champions
CUST00843,23,5,3141.16,4,3,3,10,Champions
CUST00844,491,10,3365.8,1,4,3,8,At Risk
CUST00845,349,3,1996.41,1,1,2,4,Hibernating / Lost
CUST00846,367,8,5242.610000000001,1,4,4,9,At Risk
CUST00847,279,8,4877.32,1,4,4,9,At Risk
CUST00848,301,4,3622.93,1,2,4,7,Hibernating / Lost
CUST00849,24,2,2983.99,4,1,3,8,Promising / New
CUST00850,168,3,2859.3599999999997,2,1,3,6,Other
CUST00851,7,3,826.13,4,1,1,6,Promising / New
CUST00852,39,3,4541.88,4,1,4,9,Promising / New
CUST00853,2,3,2586.6,4,1,3,8,Promising / New
CUST00854,372,4,1461.98,1,2,2,5,Hibernating / Lost
CUST00855,339,10,5510.21,1,4,4,9,At Risk
CUST00856,45,3,976.1300000000001,4,1,1,6,Promising / New
CUST00857,275,9,7096.04,1,4,4,9,At Risk
CUST00858,328,6,1301.03,1,3,1,5,At Risk
CUST00859,62,5,1067.6100000000001,3,3,1,7,Loyal Customers
CUST00861,1,5,3391.68,4,3,3,10,Champions
CUST00862,3,4,1692.15,4,2,2,8,Loyal Customers
CUST00863,142,4,1398.91,3,2,2,7,Loyal Customers
CUST00864,20,4,1127.09,4,2,1,7,Loyal Customers
CUST00865,34,9,4495.110000000001,4,4,4,12,Champions
CUST00866,121,5,4033.9,3,3,4,10,Champions
CUST00867,71,1,234.75,3,1,1,5,Promising / New
CUST00868,38,5,4672.25,4,3,4,11,Champions
CUST00869,180,6,2462.64,2,3,3,8,Needs Attention
CUST00870,237,4,2357.33,2,2,3,7,Needs Attention
CUST00871,176,8,1943.47,2,4,2,8,Needs Attention
CUST00872,136,6,2564.95,3,3,3,9,Champions
CUST00873,202,8,5327.6,2,4,4,10,Needs Attention
CUST00874,287,4,1471.6599999999999,1,2,2,5,Hibernating / Lost
CUST00875,137,2,369.49,3,1,1,5,Promising / New
CUST00876,245,3,2648.46,2,1,3,6,Other
CUST00877,219,8,5098.39,2,4,4,10,Needs Attention
CUST00878,65,2,2196.3,3,1,2,6,Promising / New
CUST00879,181,4,2049.38,2,2,2,6,Needs Attention
CUST00880,188,1,400.49,2,1,1,4,Other
CUST00883,176,6,2908.1800000000003,2,3,3,8,Needs Attention
CUST00884,421,3,2203.86,1,1,2,4,Hibernating / Lost
CUST00885,86,4,2481.66,3,2,3,8,Loyal Customers
CUST00886,76,9,5893.07,3,4,4,11,Champions
CUST00887,297,4,1767.81,1,2,2,5,Hibernating / Lost
CUST00888,302,5,4546.6900000000005,1,3,4,8,At Risk
CUST00889,272,5,1835.62,2,3,2,7,Needs Attention
CUST00890,213,9,7662.87,2,4,4,10,Needs Attention
CUST00891,98,5,2115.7,3,3,2,8,Loyal Customers
CUST00892,96,6,3192.73,3,3,3,9,Champions
CUST00893,160,4,960.9999999999999,2,2,1,5,Needs Attention
CUST00894,1,8,2929.25,4,4,3,11,Champions
CUST00896,157,5,2765.8,3,3,3,9,Champions
CUST00897,137,2,1313.7800000000002,3,1,1,5,Promising / New
CUST00898,377,5,2043.2200000000003,1,3,2,6,At Risk
CUST00899,263,5,2876.58,2,3,3,8,Needs Attention
CUST00900,96,9,3162.25,3,4,3,10,Champions
CUST00901,514,7,4460.92,1,4,4,9,At Risk
CUST00902,160,3,1095.04,2,1,1,4,Other
CUST00903,331,6,3626.31,1,3,4,8,At Risk
CUST00904,54,1,545.53,4,1,1,6,Promising / New
CUST00905,180,12,6517.110000000001,2,4,4,10,Needs Attention
CUST00906,62,4,1856.79,3,2,2,7,Loyal Customers
CUST00907,308,1,510.54,1,1,1,3,Hibernating / Lost
CUST00908,108,3,2190.28,3,1,2,6,Promising / New
CUST00909,255,2,1370.8,2,1,2,5,Other
CUST00910,455,8,4127.14,1,4,4,9,At Risk
CUST00911,98,4,1821.03,3,2,2,7,Loyal Customers
CUST00912,333,6,2716.8599999999997,1,3,3,7,At Risk
CUST00913,166,11,7514.24,2,4,4,10,Needs Attention
CUST00914,3,3,1133.1399999999999,4,1,1,6,Promising / New
CUST00915,160,7,4057.1400000000003,2,4,4,10,Needs Attention
CUST00916,53,6,1125.62,4,3,1,8,Loyal Customers
CUST00917,199,6,3593.39,2,3,4,9,Needs Attention
CUST00918,10,4,1312.94,4,2,1,7,Loyal Customers
CUST00919,153,3,1883.35,3,1,2,6,Promising / New
CUST00920,120,6,4565.18,3,3,4,10,Champions
CUST00921,19,2,1747.9599999999998,4,1,2,7,Promising / New
CUST00922,43,6,3735.81,4,3,4,11,Champions
CUST00923,106,4,1739.6599999999999,3,2,2,7,Loyal Customers
CUST00924,441,4,2853.63,1,2,3,6,Hibernating / Lost
CUST00925,311,5,3738.6100000000006,1,3,4,8,At Risk
CUST00926,8,7,2815.25,4,4,3,11,Champions
CUST00927,113,4,1999.07,3,2,2,7,Loyal Customers
CUST00928,246,5,5010.7,2,3,4,9,Needs Attention
CUST00929,237,8,3053.5,2,4,3,9,Needs Attention
CUST00930,126,7,4664.3099999999995,3,4,4,11,Champions
CUST00931,160,4,1744.95,2,2,2,6,Needs Attention
CUST00932,84,4,1215.92,3,2,1,6,Loyal Customers
CUST00933,67,3,2153.87,3,1,2,6,Promising / New
CUST00934,152,1,748.79,3,1,1,5,Promising / New
CUST00935,6,5,2510.2799999999997,4,3,3,10,Champions
CUST00936,12,9,2852.26,4,4,3,11,Champions
CUST00937,390,7,2341.9,1,4,3,8,At Risk
CUST00938,371,2,861.64,1,1,1,3,Hibernating / Lost
CUST00939,250,1,76.31,2,1,1,4,Other
CUST00940,170,7,4194.12,2,4,4,10,Needs Attention
CUST00941,19,4,2623.02,4,2,3,9,Loyal Customers
CUST00942,145,5,2802.02,3,3,3,9,Champions
CUST00943,4,3,1670.9,4,1,2,7,Promising / New
CUST00944,181,4,4323.7,2,2,4,8,Needs Attention
CUST00945,295,6,1871.4,1,3,2,6,At Risk
CUST00946,304,8,3352.36,1,4,3,8,At Risk
CUST00947,1,6,3884.5,4,3,4,11,Champions
CUST00948,42,9,4180.68,4,4,4,12,Champions
CUST00949,3,4,2380.01,4,2,3,9,Loyal Customers
CUST00950,293,3,788.3100000000001,1,1,1,3,Hibernating / Lost
CUST00951,432,7,3594.34,1,4,4,9,At Risk
CUST00952,316,6,2845.86,1,3,3,7,At Risk
CUST00953,82,12,7288.15,3,4,4,11,Champions
CUST00954,60,4,2200.75,3,2,2,7,Loyal Customers
CUST00955,91,2,500.67,3,1,1,5,Promising / New
CUST00956,140,4,3389.77,3,2,3,8,Loyal Customers
CUST00957,249,2,1294.3200000000002,2,1,1,4,Other
CUST00958,30,4,3436.62,4,2,3,9,Loyal Customers
CUST00959,3,10,7201.03,4,4,4,12,Champions
CUST00960,163,5,1980.17,2,3,2,7,Needs Attention
CUST00961,154,2,366.84,3,1,1,5,Promising / New
CUST00962,320,1,135.36,1,1,1,3,Hibernating / Lost
CUST00964,219,4,682.14,2,2,1,5,Needs Attention
CUST00965,4,10,4588.1900000000005,4,4,4,12,Champions
CUST00966,127,11,4001.1600000000003,3,4,4,11,Champions
CUST00967,158,5,4049.2000000000003,3,3,4,10,Champions
CUST00968,191,8,5988.6900000000005,2,4,4,10,Needs Attention
CUST00969,11,1,818.61,4,1,1,6,Promising / New
CUST00970,391,2,1564.66,1,1,2,4,Hibernating / Lost
CUST00971,293,5,4104.01,1,3,4,8,At Risk
CUST00972,111,6,2808.8199999999997,3,3,3,9,Champions
CUST00973,76,5,3087.1000000000004,3,3,3,9,Champions
CUST00974,168,7,4730.59,2,4,4,10,Needs Attention
CUST00975,424,2,1169.85,1,1,1,3,Hibernating / Lost
CUST00976,398,3,2605.0299999999997,1,1,3,5,Hibernating / Lost
CUST00977,188,6,3008.5099999999998,2,3,3,8,Needs Attention
CUST00978,107,3,2532.15,3,1,3,7,Promising / New
CUST00979,349,1,578.4300000000001,1,1,1,3,Hibernating / Lost
CUST00980,121,3,941.54,3,1,1,5,Promising / New
CUST00981,128,4,3617.67,3,2,4,9,Loyal Customers
CUST00982,31,7,3511.15,4,4,3,11,Champions
CUST00983,141,2,974.1400000000001,3,1,1,5,Promising / New
CUST00984,171,4,2495.1899999999996,2,2,3,7,Needs Attention
CUST00985,136,3,1377.97,3,1,2,6,Promising / New
CUST00986,133,4,2442.7700000000004,3,2,3,8,Loyal Customers
CUST00987,86,1,618.19,3,1,1,5,Promising / New
CUST00988,209,2,1580.0900000000001,2,1,2,5,Other
CUST00989,52,6,3322.4400000000005,4,3,3,10,Champions
CUST00990,61,4,3456.24,3,2,3,8,Loyal Customers
CUST00991,219,4,1894.52,2,2,2,6,Needs Attention
CUST00992,192,8,6792.97,2,4,4,10,Needs Attention
CUST00993,243,4,3425.6400000000003,2,2,3,7,Needs Attention
CUST00994,178,8,4508.79,2,4,4,10,Needs Attention
CUST00995,39,3,1112.35,4,1,1,6,Promising / New
CUST00996,137,3,1823.23,3,1,2,6,Promising / New
CUST00997,16,7,4886.09,4,4,4,12,Champions
CUST00998,315,3,1404.6200000000001,1,1,2,4,Hibernating / Lost
CUST00999,3,5,2295.43,4,3,2,9,Loyal Customers
CUST01000,31,6,6030.530000000001,4,3,4,11,Champions
CUST01001,42,11,6071.82,4,4,4,12,Champions
CUST01002,104,10,5369.57,3,4,4,11,Champions
CUST01003,195,7,4318.42,2,4,4,10,Needs Attention
CUST01004,25,4,552.21,4,2,1,7,Loyal Customers
CUST01005,294,2,393.85,1,1,1,3,Hibernating / Lost
CUST01006,14,8,5090.740000000001,4,4,4,12,Champions
CUST01007,43,7,4922.33,4,4,4,12,Champions
CUST01008,181,5,1746.41,2,3,2,7,Needs Attention
CUST01009,93,3,677.53,3,1,1,5,Promising / New
CUST01010,158,5,2560.09,3,3,3,9,Champions
CUST01011,332,2,1987.27,1,1,2,4,Hibernating / Lost
CUST01012,82,1,70.08,3,1,1,5,Promising / New
CUST01013,390,3,3091.99,1,1,3,5,Hibernating / Lost
CUST01014,230,9,5049.44,2,4,4,10,Needs Attention
CUST01015,121,4,2246.15,3,2,2,7,Loyal Customers
CUST01016,59,12,7017.18,3,4,4,11,Champions
CUST01017,214,1,40.56,2,1,1,4,Other
CUST01018,170,4,4424.18,2,2,4,8,Needs Attention
CUST01019,503,3,2846.3799999999997,1,1,3,5,Hibernating / Lost
CUST01020,50,6,6829.11,4,3,4,11,Champions
CUST01021,298,4,3213.7200000000003,1,2,3,6,Hibernating / Lost
CUST01022,322,3,1204.1799999999998,1,1,1,3,Hibernating / Lost
CUST01023,7,3,2816.3500000000004,4,1,3,8,Promising / New
CUST01024,34,7,2787.5699999999997,4,4,3,11,Champions
CUST01025,41,5,1363.3700000000001,4,3,2,9,Loyal Customers
CUST01026,337,8,3553.49,1,4,3,8,At Risk
CUST01027,439,6,3181.3500000000004,1,3,3,7,At Risk
CUST01028,147,3,730.6,3,1,1,5,Promising / New
CUST01029,181,5,2427.9,2,3,3,8,Needs Attention
CUST01030,312,4,2399.09,1,2,3,6,Hibernating / Lost
CUST01031,42,6,2598.24,4,3,3,10,Champions
CUST01032,373,2,1361.1599999999999,1,1,2,4,Hibernating / Lost
CUST01033,10,3,876.11,4,1,1,6,Promising / New
CUST01034,275,3,1804.0,1,1,2,4,Hibernating / Lost
CUST01035,474,2,730.27,1,1,1,3,Hibernating / Lost
CUST01036,140,1,118.16,3,1,1,5,Promising / New
CUST01037,36,5,2110.87,4,3,2,9,Loyal Customers
CUST01038,329,5,4268.92,1,3,4,8,At Risk
CUST01039,158,4,1586.58,3,2,2,7,Loyal Customers
CUST01040,24,5,2944.37,4,3,3,10,Champions
CUST01041,19,3,763.27,4,1,1,6,Promising / New
CUST01042,37,6,3200.58,4,3,3,10,Champions
CUST01043,251,2,1133.77,2,1,1,4,Other
CUST01044,232,6,5264.0,2,3,4,9,Needs Attention
CUST01045,130,9,4623.01,3,4,4,11,Champions
CUST01046,313,7,3228.62,1,4,3,8,At Risk
CUST01047,227,4,1798.0000000000002,2,2,2,6,Needs Attention
CUST01048,18,8,3197.2400000000002,4,4,3,11,Champions
CUST01049,141,2,1006.52,3,1,1,5,Promising / New
CUST01050,337,5,3622.46,1,3,4,8,At Risk
CUST01051,186,2,1262.47,2,1,1,4,Other
CUST01052,320,2,1612.78,1,1,2,4,Hibernating / Lost
CUST01053,193,6,6410.450000000001,2,3,4,9,Needs Attention
CUST01054,4,2,687.72,4,1,1,6,Promising / New
CUST01055,361,9,3474.02,1,4,3,8,At Risk
CUST01056,1,7,2200.08,4,4,2,10,Loyal Customers
CUST01057,142,3,2937.24,3,1,3,7,Promising / New
CUST01058,48,5,1494.3,4,3,2,9,Loyal Customers
CUST01059,198,3,1130.66,2,1,1,4,Other
CUST01060,216,3,1373.99,2,1,2,5,Other
CUST01061,58,1,227.79,4,1,1,6,Promising / New
CUST01062,118,4,2076.18,3,2,2,7,Loyal Customers
CUST01063,195,5,2759.2799999999997,2,3,3,8,Needs Attention
CUST01064,122,3,2354.24,3,1,3,7,Promising / New
CUST01065,102,2,1327.3500000000001,3,1,2,6,Promising / New
CUST01067,31,2,719.67,4,1,1,6,Promising / New
CUST01068,145,6,5454.45,3,3,4,10,Champions
CUST01069,104,8,3713.55,3,4,4,11,Champions
CUST01070,496,3,2860.21,1,1,3,5,Hibernating / Lost
CUST01071,148,4,698.61,3,2,1,6,Loyal Customers
CUST01072,277,5,2237.9100000000003,1,3,2,6,At Risk
CUST01073,76,8,5179.89,3,4,4,11,Champions
CUST01074,94,7,2359.58,3,4,3,10,Champions
CUST01075,142,5,1967.6100000000001,3,3,2,8,Loyal Customers
CUST01076,351,3,4482.02,1,1,4,6,Hibernating / Lost
CUST01077,137,3,1012.91,3,1,1,5,Promising / New
CUST01078,238,2,1125.26,2,1,1,4,Other
CUST01079,54,7,2109.54,4,4,2,10,Loyal Customers
CUST01080,66,3,1035.15,3,1,1,5,Promising / New
CUST01081,3,7,3743.94,4,4,4,12,Champions
CUST01082,3,5,2430.34,4,3,3,10,Champions
CUST01083,2,8,5915.85,4,4,4,12,Champions
CUST01084,3,6,3353.4300000000003,4,3,3,10,Champions
CUST01085,267,2,1394.88,2,1,2,5,Other
CUST01086,37,6,3467.17,4,3,3,10,Champions
CUST01087,63,7,2934.25,3,4,3,10,Champions
CUST01088,2,5,5175.16,4,3,4,11,Champions
CUST01089,117,5,2311.53,3,3,2,8,Loyal Customers
CUST01090,430,4,1683.99,1,2,2,5,Hibernating / Lost
CUST01091,123,2,1436.1200000000001,3,1,2,6,Promising / New
CUST01092,224,4,3241.68,2,2,3,7,Needs Attention
CUST01093,31,5,1780.8700000000001,4,3,2,9,Loyal Customers
CUST01094,282,4,2912.49,1,2,3,6,Hibernating / Lost
CUST01095,333,5,4360.2,1,3,4,8,At Risk
CUST01096,462,3,1067.25,1,1,1,3,Hibernating / Lost
CUST01097,65,2,764.83,3,1,1,5,Promising / New
CUST01098,97,5,4057.14,3,3,4,10,Champions
CUST01099,473,1,719.2,1,1,1,3,Hibernating / Lost
CUST01100,192,13,4429.25,2,4,4,10,Needs Attention
CUST01101,137,2,723.62,3,1,1,5,Promising / New
CUST01102,256,1,1086.41,2,1,1,4,Other
CUST01103,36,2,570.28,4,1,1,6,Promising / New
CUST01104,329,6,1721.89,1,3,2,6,At Risk
CUST01105,295,3,2439.06,1,1,3,5,Hibernating / Lost
CUST01106,432,2,1162.66,1,1,1,3,Hibernating / Lost
CUST01107,215,4,1502.8000000000002,2,2,2,6,Needs Attention
CUST01108,19,5,2639.92,4,3,3,10,Champions
CUST01109,7,7,3487.86,4,4,3,11,Champions
CUST01110,252,3,1089.24,2,1,1,4,Other
CUST01111,96,8,3909.3999999999996,3,4,4,11,Champions
CUST01112,377,2,778.0500000000001,1,1,1,3,Hibernating / Lost
CUST01113,199,6,3185.0,2,3,3,8,Needs Attention
CUST01114,228,8,3423.06,2,4,3,9,Needs Attention
CUST01115,316,4,2597.97,1,2,3,6,Hibernating / Lost
CUST01116,183,3,1197.7,2,1,1,4,Other
CUST01117,1,7,1402.62,4,4,2,10,Loyal Customers
CUST01118,49,6,2567.2200000000003,4,3,3,10,Champions
CUST01119,88,1,88.0,3,1,1,5,Promising / New
CUST01120,206,3,1248.9299999999998,2,1,1,4,Other
CUST01121,276,4,2904.76,1,2,3,6,Hibernating / Lost
CUST01122,267,3,2216.24,2,1,2,5,Other
CUST01123,302,2,733.39,1,1,1,3,Hibernating / Lost
CUST01124,352,4,4417.139999999999,1,2,4,7,Hibernating / Lost
CUST01125,56,10,3837.76,4,4,4,12,Champions
CUST01126,29,4,2924.55,4,2,3,9,Loyal Customers
CUST01127,37,9,7236.34,4,4,4,12,Champions
CUST01128,6,4,2844.79,4,2,3,9,Loyal Customers
CUST01129,120,3,627.88,3,1,1,5,Promising / New
CUST01130,115,4,1883.51,3,2,2,7,Loyal Customers
CUST01131,290,2,1142.8700000000001,1,1,1,3,Hibernating / Lost
CUST01132,125,5,1323.6699999999998,3,3,2,8,Loyal Customers
CUST01133,34,6,4363.96,4,3,4,11,Champions
CUST01134,55,5,1314.36,4,3,1,8,Loyal Customers
CUST01135,183,5,3571.8500000000004,2,3,4,9,Needs Attention
CUST01136,341,5,2354.9700000000003,1,3,3,7,At Risk
CUST01137,102,6,3885.43,3,3,4,10,Champions
CUST01138,274,5,3188.27,1,3,3,7,At Risk
CUST01139,84,9,6288.42,3,4,4,11,Champions
CUST01140,163,7,2949.87,2,4,3,9,Needs Attention
CUST01142,273,6,4421.16,1,3,4,8,At Risk
CUST01143,4,3,1778.2600000000002,4,1,2,7,Promising / New
CUST01144,47,8,2786.5699999999997,4,4,3,11,Champions
CUST01145,230,7,4888.3,2,4,4,10,Needs Attention
CUST01146,248,7,3685.06,2,4,4,10,Needs Attention
CUST01147,172,5,3244.8,2,3,3,8,Needs Attention
CUST01148,54,3,3072.34,4,1,3,8,Promising / New
CUST01149,95,4,1409.5699999999997,3,2,2,7,Loyal Customers
CUST01150,51,6,3460.45,4,3,3,10,Champions
CUST01151,282,9,5143.41,1,4,4,9,At Risk
CUST01152,192,5,3583.26,2,3,4,9,Needs Attention
CUST01153,195,5,3046.79,2,3,3,8,Needs Attention
CUST01154,17,5,2533.58,4,3,3,10,Champions
CUST01155,314,3,1002.76,1,1,1,3,Hibernating / Lost
CUST01156,178,2,926.61,2,1,1,4,Other
CUST01157,448,4,2265.5499999999997,1,2,2,5,Hibernating / Lost
CUST01158,4,4,1535.51,4,2,2,8,Loyal Customers
CUST01159,308,7,2005.0700000000002,1,4,2,7,At Risk
CUST01160,314,8,5455.62,1,4,4,9,At Risk
CUST01161,221,2,1406.91,2,1,2,5,Other
CUST01162,102,5,2542.21,3,3,3,9,Champions
CUST01163,38,8,1927.3400000000001,4,4,2,10,Loyal Customers
CUST01164,27,3,1252.6299999999999,4,1,1,6,Promising / New
CUST01165,196,3,3352.0299999999997,2,1,3,6,Other
CUST01166,301,4,3674.52,1,2,4,7,Hibernating / Lost
CUST01167,398,2,1429.6200000000001,1,1,2,4,Hibernating / Lost
CUST01168,262,12,4211.47,2,4,4,10,Needs Attention
CUST01169,1,3,3329.32,4,1,3,8,Promising / New
CUST01170,6,6,4793.59,4,3,4,11,Champions
CUST01171,174,3,1084.38,2,1,1,4,Other
CUST01172,153,2,717.8800000000001,3,1,1,5,Promising / New
CUST01173,155,7,2317.35,3,4,3,10,Champions
CUST01174,393,5,2720.86,1,3,3,7,At Risk
CUST01175,413,4,1363.29,1,2,2,5,Hibernating / Lost
CUST01177,306,5,1235.93,1,3,1,5,At Risk
CUST01178,357,9,5276.0,1,4,4,9,At Risk
CUST01179,301,3,1645.4099999999999,1,1,2,4,Hibernating / Lost
CUST01180,297,2,725.8499999999999,1,1,1,3,Hibernating / Lost
CUST01181,156,5,1638.37,3,3,2,8,Loyal Customers
CUST01182,11,3,3522.98,4,1,3,8,Promising / New
CUST01183,140,1,397.29,3,1,1,5,Promising / New
CUST01184,94,14,6870.05,3,4,4,11,Champions
CUST01185,208,5,1531.01,2,3,2,7,Needs Attention
CUST01186,183,4,1637.42,2,2,2,6,Needs Attention
CUST01187,262,8,3002.9900000000002,2,4,3,9,Needs Attention
CUST01188,172,6,1860.59,2,3,2,7,Needs Attention
CUST01189,201,5,2561.31,2,3,3,8,Needs Attention
CUST01190,148,5,2042.8,3,3,2,8,Loyal Customers
CUST01191,199,1,1778.2500000000002,2,1,2,5,Other
CUST01192,389,1,1158.0800000000002,1,1,1,3,Hibernating / Lost
CUST01193,87,8,5433.52,3,4,4,11,Champions
CUST01194,143,1,1142.11,3,1,1,5,Promising / New
CUST01195,179,5,1769.31,2,3,2,7,Needs Attention
CUST01196,147,1,162.87,3,1,1,5,Promising / New
CUST01197,1,6,2037.9699999999998,4,3,2,9,Loyal Customers
CUST01198,1,2,456.65000000000003,4,1,1,6,Promising / New
CUST01199,57,3,2004.77,4,1,2,7,Promising / New
CUST01200,27,5,1336.56,4,3,2,9,Loyal Customers
CUST01201,17,10,4031.5299999999997,4,4,4,12,Champions
CUST01202,245,5,2907.58,2,3,3,8,Needs Attention
CUST01203,6,1,430.34,4,1,1,6,Promising / New
CUST01204,39,8,5798.349999999999,4,4,4,12,Champions
CUST01205,104,9,6207.7699999999995,3,4,4,11,Champions
CUST01206,25,12,8131.1,4,4,4,12,Champions
CUST01207,216,6,3984.0299999999997,2,3,4,9,Needs Attention
CUST01208,96,7,4676.42,3,4,4,11,Champions
CUST01209,378,2,1146.1,1,1,1,3,Hibernating / Lost
CUST01210,12,3,1960.8500000000001,4,1,2,7,Promising / New
CUST01211,182,2,999.4499999999999,2,1,1,4,Other
CUST01212,58,2,361.64,4,1,1,6,Promising / New
CUST01213,200,5,1231.67,2,3,1,6,Needs Attention
CUST01214,24,4,835.94,4,2,1,7,Loyal Customers
CUST01215,315,6,5011.15,1,3,4,8,At Risk
CUST01216,374,2,810.19,1,1,1,3,Hibernating / Lost
CUST01217,231,4,2764.6200000000003,2,2,3,7,Needs Attention
CUST01218,115,5,1340.06,3,3,2,8,Loyal Customers
CUST01219,15,5,1978.21,4,3,2,9,Loyal Customers
CUST01220,164,4,1387.3899999999999,2,2,2,6,Needs Attention
CUST01221,84,2,2764.26,3,1,3,7,Promising / New
CUST01222,169,3,940.26,2,1,1,4,Other
CUST01223,9,5,2633.9900000000002,4,3,3,10,Champions
CUST01224,167,3,291.8,2,1,1,4,Other
CUST01225,127,3,1389.69,3,1,2,6,Promising / New
CUST01226,1,6,3310.95,4,3,3,10,Champions
CUST01228,1,8,4629.43,4,4,4,12,Champions
CUST01229,365,6,4964.62,1,3,4,8,At Risk
CUST01230,74,3,821.29,3,1,1,5,Promising / New
CUST01231,41,3,1088.16,4,1,1,6,Promising / New
CUST01232,90,6,4019.1600000000003,3,3,4,10,Champions
CUST01233,15,2,2016.02,4,1,2,7,Promising / New
CUST01234,70,6,2360.13,3,3,3,9,Champions
CUST01235,169,5,2041.14,2,3,2,7,Needs Attention
CUST01236,186,4,2337.44,2,2,3,7,Needs Attention
CUST01237,442,2,723.98,1,1,1,3,Hibernating / Lost
CUST01238,323,3,4320.35,1,1,4,6,Hibernating / Lost
CUST01239,348,3,1731.5900000000001,1,1,2,4,Hibernating / Lost
CUST01240,156,3,1720.38,3,1,2,6,Promising / New
CUST01241,112,7,2204.12,3,4,2,9,Loyal Customers
CUST01242,74,8,3605.91,3,4,4,11,Champions
CUST01243,8,3,1147.33,4,1,1,6,Promising / New
CUST01244,174,4,2055.25,2,2,2,6,Needs Attention
CUST01245,25,4,3632.9,4,2,4,10,Loyal Customers
CUST01246,2,6,3943.7299999999996,4,3,4,11,Champions
CUST01247,44,4,3018.01,4,2,3,9,Loyal Customers
CUST01248,98,5,1408.53,3,3,2,8,Loyal Customers
CUST01249,347,2,336.32,1,1,1,3,Hibernating / Lost
CUST01250,1,4,2224.71,4,2,2,8,Loyal Customers
CUST01251,279,10,4126.02,1,4,4,9,At Risk
CUST01252,270,4,3362.6800000000003,2,2,3,7,Needs Attention
CUST01253,315,5,5244.35,1,3,4,8,At Risk
CUST01254,91,1,194.2,3,1,1,5,Promising / New
CUST01255,140,4,4213.22,3,2,4,9,Loyal Customers
CUST01256,469,6,3860.7,1,3,4,8,At Risk
CUST01257,242,9,3650.39,2,4,4,10,Needs Attention
CUST01258,118,6,5587.62,3,3,4,10,Champions
CUST01259,183,5,1890.3799999999999,2,3,2,7,Needs Attention
CUST01260,36,6,3689.5200000000004,4,3,4,11,Champions
CUST01261,323,6,7942.530000000001,1,3,4,8,At Risk
CUST01262,36,1,947.88,4,1,1,6,Promising / New
CUST01263,223,7,5368.12,2,4,4,10,Needs Attention
CUST01264,56,7,3647.31,4,4,4,12,Champions
CUST01265,340,6,2332.6099999999997,1,3,3,7,At Risk
CUST01266,496,4,1558.6200000000001,1,2,2,5,Hibernating / Lost
CUST01267,391,6,5864.09,1,3,4,8,At Risk
CUST01268,306,2,862.32,1,1,1,3,Hibernating / Lost
CUST01269,2,2,267.31,4,1,1,6,Promising / New
CUST01270,421,7,2570.18,1,4,3,8,At Risk
CUST01271,295,6,5412.0,1,3,4,8,At Risk
CUST01272,305,4,2224.87,1,2,2,5,Hibernating / Lost
CUST01273,15,2,1588.65,4,1,2,7,Promising / New
CUST01274,96,6,4488.35,3,3,4,10,Champions
CUST01275,64,7,2945.23,3,4,3,10,Champions
CUST01276,121,2,485.78000000000003,3,1,1,5,Promising / New
CUST01277,34,6,1949.53,4,3,2,9,Loyal Customers
CUST01278,95,11,3253.62,3,4,3,10,Champions
CUST01279,513,6,1397.92,1,3,2,6,At Risk
CUST01280,61,2,554.61,3,1,1,5,Promising / New
CUST01281,24,3,1503.6200000000001,4,1,2,7,Promising / New
CUST01282,59,3,1253.23,3,1,1,5,Promising / New
CUST01283,114,2,1249.45,3,1,1,5,Promising / New
CUST01284,18,4,930.99,4,2,1,7,Loyal Customers
CUST01285,274,6,2220.88,1,3,2,6,At Risk
CUST01286,482,2,589.69,1,1,1,3,Hibernating / Lost
CUST01287,15,8,3166.59,4,4,3,11,Champions
CUST01288,310,7,4798.19,1,4,4,9,At Risk
CUST01289,453,7,6790.9400000000005,1,4,4,9,At Risk
CUST01291,241,7,7440.77,2,4,4,10,Needs Attention
CUST01292,47,2,2602.6000000000004,4,1,3,8,Promising / New
CUST01293,243,4,2272.07,2,2,2,6,Needs Attention
CUST01294,444,10,5352.22,1,4,4,9,At Risk
CUST01295,3,6,4219.32,4,3,4,11,Champions
CUST01296,128,5,2163.25,3,3,2,8,Loyal Customers
CUST01297,375,1,916.57,1,1,1,3,Hibernating / Lost
CUST01298,168,2,1365.81,2,1,2,5,Other
CUST01299,43,5,2161.56,4,3,2,9,Loyal Customers
CUST01300,364,8,5795.66,1,4,4,9,At Risk
CUST01301,112,7,4633.14,3,4,4,11,Champions
CUST01302,249,7,3629.55,2,4,4,10,Needs Attention
CUST01303,4,4,1746.3300000000002,4,2,2,8,Loyal Customers
CUST01304,33,2,962.97,4,1,1,6,Promising / New
CUST01305,114,6,1852.3400000000001,3,3,2,8,Loyal Customers
CUST01306,80,5,2702.9,3,3,3,9,Champions
CUST01307,134,2,1780.31,3,1,2,6,Promising / New
CUST01308,323,4,1864.9,1,2,2,5,Hibernating / Lost
CUST01310,54,4,1045.04,4,2,1,7,Loyal Customers
CUST01311,257,1,105.57,2,1,1,4,Other
CUST01312,253,3,596.6700000000001,2,1,1,4,Other
CUST01313,80,3,1334.9299999999998,3,1,2,6,Promising / New
CUST01314,39,5,1767.02,4,3,2,9,Loyal Customers
CUST01315,25,4,1394.58,4,2,2,8,Loyal Customers
CUST01316,206,3,2518.5800000000004,2,1,3,6,Other
CUST01317,101,3,2196.1,3,1,2,6,Promising / New
CUST01318,174,2,103.95,2,1,1,4,Other
CUST01319,275,4,1471.0400000000002,1,2,2,5,Hibernating / Lost
CUST01320,298,6,7260.83,1,3,4,8,At Risk
CUST01321,230,4,1577.38,2,2,2,6,Needs Attention
CUST01322,283,5,3089.09,1,3,3,7,At Risk
CUST01323,123,5,1841.7200000000003,3,3,2,8,Loyal Customers
CUST01324,30,1,600.9399999999999,4,1,1,6,Promising / New
CUST01326,281,5,1573.1200000000001,1,3,2,6,At Risk
CUST01327,5,7,4123.38,4,4,4,12,Champions
CUST01328,388,5,3092.48,1,3,3,7,At Risk
CUST01329,108,9,4299.03,3,4,4,11,Champions
CUST01330,162,9,7429.25,2,4,4,10,Needs Attention
CUST01331,137,12,6139.389999999999,3,4,4,11,Champions
CUST01332,90,6,3109.95,3,3,3,9,Champions
CUST01333,300,2,921.0799999999999,1,1,1,3,Hibernating / Lost
CUST01334,80,3,643.49,3,1,1,5,Promising / New
CUST01335,161,5,4350.8099999999995,2,3,4,9,Needs Attention
CUST01336,1,11,6714.67,4,4,4,12,Champions
CUST01337,192,3,2676.6299999999997,2,1,3,6,Other
CUST01338,351,6,4693.610000000001,1,3,4,8,At Risk
CUST01339,70,6,2462.94,3,3,3,9,Champions
CUST01340,160,8,2525.78,2,4,3,9,Needs Attention
CUST01341,185,4,1509.3100000000002,2,2,2,6,Needs Attention
CUST01342,260,5,1319.0700000000002,2,3,2,7,Needs Attention
CUST01343,247,6,6094.25,2,3,4,9,Needs Attention
CUST01344,86,4,1227.3700000000001,3,2,1,6,Loyal Customers
CUST01345,301,5,1597.6,1,3,2,6,At Risk
CUST01346,1,3,1766.51,4,1,2,7,Promising / New
CUST01347,29,8,6827.85,4,4,4,12,Champions
CUST01348,90,9,8210.95,3,4,4,11,Champions
CUST01349,105,2,308.77,3,1,1,5,Promising / New
CUST01350,154,5,1870.02,3,3,2,8,Loyal Customers
CUST01351,249,3,935.49,2,1,1,4,Other
CUST01352,161,3,2438.77,2,1,3,6,Other
CUST01353,246,3,1344.96,2,1,2,5,Other
CUST01354,17,1,918.08,4,1,1,6,Promising / New
CUST01355,310,4,2139.07,1,2,2,5,Hibernating / Lost
CUST01356,251,11,7597.71,2,4,4,10,Needs Attention
CUST01357,278,7,5208.099999999999,1,4,4,9,At Risk
CUST01358,319,4,2753.6499999999996,1,2,3,6,Hibernating / Lost
CUST01359,238,6,4218.79,2,3,4,9,Needs Attention
CUST01360,210,4,1627.84,2,2,2,6,Needs Attention
CUST01361,394,1,850.5799999999999,1,1,1,3,Hibernating / Lost
CUST01362,370,3,558.77,1,1,1,3,Hibernating / Lost
CUST01363,348,1,585.87,1,1,1,3,Hibernating / Lost
CUST01364,391,1,479.66,1,1,1,3,Hibernating / Lost
CUST01365,203,4,1850.0400000000002,2,2,2,6,Needs Attention
CUST01366,17,7,5026.3099999999995,4,4,4,12,Champions
CUST01367,302,6,2308.01,1,3,2,6,At Risk
CUST01368,226,1,193.2,2,1,1,4,Other
CUST01369,11,2,1670.56,4,1,2,7,Promising / New
CUST01370,166,10,3159.36,2,4,3,9,Needs Attention
CUST01371,26,4,2087.29,4,2,2,8,Loyal Customers
CUST01372,72,3,4152.72,3,1,4,8,Promising / New
CUST01373,267,5,1840.1,2,3,2,7,Needs Attention
CUST01374,289,2,2858.34,1,1,3,5,Hibernating / Lost
CUST01375,12,6,2156.98,4,3,2,9,Loyal Customers
CUST01376,2,6,2634.65,4,3,3,10,Champions
CUST01377,3,2,664.56,4,1,1,6,Promising / New
CUST01378,48,3,1823.7,4,1,2,7,Promising / New
CUST01379,166,7,4973.3,2,4,4,10,Needs Attention
CUST01380,135,1,572.4,3,1,1,5,Promising / New
CUST01381,4,5,2127.01,4,3,2,9,Loyal Customers
CUST01382,221,4,2167.13,2,2,2,6,Needs Attention
CUST01383,270,8,2978.04,2,4,3,9,Needs Attention
CUST01384,20,4,1715.7300000000002,4,2,2,8,Loyal Customers
CUST01385,229,6,3743.65,2,3,4,9,Needs Attention
CUST01386,324,2,463.39,1,1,1,3,Hibernating / Lost
CUST01387,139,5,2724.7,3,3,3,9,Champions
CUST01388,237,6,3236.96,2,3,3,8,Needs Attention
CUST01389,11,9,4032.7400000000002,4,4,4,12,Champions
CUST01390,6,8,3277.45,4,4,3,11,Champions
CUST01391,238,7,4449.27,2,4,4,10,Needs Attention
CUST01392,48,5,2659.77,4,3,3,10,Champions
CUST01393,2,11,3614.97,4,4,4,12,Champions
CUST01394,7,7,4467.56,4,4,4,12,Champions
CUST01395,208,4,2427.25,2,2,3,7,Needs Attention
CUST01396,145,2,1235.4,3,1,1,5,Promising / New
CUST01397,165,4,3761.43,2,2,4,8,Needs Attention
CUST01398,180,2,355.36,2,1,1,4,Other
CUST01399,486,3,2589.02,1,1,3,5,Hibernating / Lost
CUST01400,305,7,4038.6800000000003,1,4,4,9,At Risk
CUST01401,31,2,1112.3200000000002,4,1,1,6,Promising / New
CUST01402,342,4,2303.89,1,2,2,5,Hibernating / Lost
CUST01403,333,5,4204.36,1,3,4,8,At Risk
CUST01404,173,8,6198.16,2,4,4,10,Needs Attention
CUST01405,319,8,5385.71,1,4,4,9,At Risk
CUST01406,109,2,2357.79,3,1,3,7,Promising / New
CUST01407,230,2,1131.03,2,1,1,4,Other
CUST01408,43,7,2739.37,4,4,3,11,Champions
CUST01409,180,4,1768.0,2,2,2,6,Needs Attention
CUST01410,161,5,2834.1,2,3,3,8,Needs Attention
CUST01411,121,3,3675.95,3,1,4,8,Promising / New
CUST01412,70,7,3920.51,3,4,4,11,Champions
CUST01413,383,4,2011.42,1,2,2,5,Hibernating / Lost
CUST01414,74,6,2777.4,3,3,3,9,Champions
CUST01415,106,5,2995.24,3,3,3,9,Champions
CUST01416,75,6,3302.93,3,3,3,9,Champions
CUST01417,140,3,792.25,3,1,1,5,Promising / New
CUST01418,175,5,2007.51,2,3,2,7,Needs Attention
CUST01419,5,8,4167.16,4,4,4,12,Champions
CUST01420,199,6,2776.42,2,3,3,8,Needs Attention
CUST01421,2,8,6145.65,4,4,4,12,Champions
CUST01422,1,1,572.24,4,1,1,6,Promising / New
CUST01423,125,2,1904.62,3,1,2,6,Promising / New
CUST01424,118,5,4320.8,3,3,4,10,Champions
CUST01425,260,6,5034.33,2,3,4,9,Needs Attention
CUST01426,47,4,2800.3100000000004,4,2,3,9,Loyal Customers
CUST01427,95,4,4070.49,3,2,4,9,Loyal Customers
CUST01428,14,4,2079.3,4,2,2,8,Loyal Customers
CUST01429,105,4,5554.85,3,2,4,9,Loyal Customers
CUST01430,52,3,1220.48,4,1,1,6,Promising / New
CUST01431,197,5,2593.39,2,3,3,8,Needs Attention
CUST01432,81,4,3031.9,3,2,3,8,Loyal Customers
CUST01433,39,7,3270.37,4,4,3,11,Champions
CUST01434,191,2,752.81,2,1,1,4,Other
CUST01435,351,6,6261.33,1,3,4,8,At Risk
CUST01436,446,5,2792.61,1,3,3,7,At Risk
CUST01437,179,4,1585.8899999999999,2,2,2,6,Needs Attention
CUST01438,127,3,1486.0100000000002,3,1,2,6,Promising / New
CUST01439,218,6,3100.27,2,3,3,8,Needs Attention
CUST01440,12,4,1408.42,4,2,2,8,Loyal Customers
CUST01441,78,14,5598.9800000000005,3,4,4,11,Champions
CUST01442,164,7,3333.86,2,4,3,9,Needs Attention
CUST01443,12,5,5141.01,4,3,4,11,Champions
CUST01444,234,7,1430.06,2,4,2,8,Needs Attention
CUST01445,362,5,2856.75,1,3,3,7,At Risk
CUST01446,307,3,1231.65,1,1,1,3,Hibernating / Lost
CUST01447,5,3,767.55,4,1,1,6,Promising / New
CUST01448,3,7,3924.94,4,4,4,12,Champions
CUST01449,114,5,2872.61,3,3,3,9,Champions
CUST01450,445,4,1369.05,1,2,2,5,Hibernating / Lost
CUST01451,297,4,3761.4399999999996,1,2,4,7,Hibernating / Lost
CUST01452,399,2,583.1700000000001,1,1,1,3,Hibernating / Lost
CUST01453,404,3,2234.77,1,1,2,4,Hibernating / Lost
CUST01454,134,5,2097.61,3,3,2,8,Loyal Customers
CUST01455,54,2,416.12,4,1,1,6,Promising / New
CUST01456,251,7,3865.38,2,4,4,10,Needs Attention
CUST01457,3,7,3003.9700000000003,4,4,3,11,Champions
CUST01458,177,6,4458.38,2,3,4,9,Needs Attention
CUST01459,364,4,2075.85,1,2,2,5,Hibernating / Lost
CUST01460,185,4,3656.37,2,2,4,8,Needs Attention
CUST01461,49,3,778.68,4,1,1,6,Promising / New
CUST01462,149,3,2290.12,3,1,2,6,Promising / New
CUST01463,410,1,719.3100000000001,1,1,1,3,Hibernating / Lost
CUST01464,492,1,134.4,1,1,1,3,Hibernating / Lost
CUST01465,4,4,1795.3999999999999,4,2,2,8,Loyal Customers
CUST01466,406,2,1148.1,1,1,1,3,Hibernating / Lost
CUST01467,175,3,1317.45,2,1,1,4,Other
CUST01468,304,3,2677.02,1,1,3,5,Hibernating / Lost
CUST01469,99,3,1833.18,3,1,2,6,Promising / New
CUST01470,250,3,2577.9800000000005,2,1,3,6,Other
CUST01472,60,3,2842.26,3,1,3,7,Promising / New
CUST01473,213,4,1547.2,2,2,2,6,Needs Attention
CUST01474,41,7,2136.55,4,4,2,10,Loyal Customers
CUST01475,2,5,2328.9700000000003,4,3,3,10,Champions
CUST01476,238,4,2554.4300000000003,2,2,3,7,Needs Attention
CUST01477,266,1,1296.51,2,1,1,4,Other
CUST01478,134,2,512.21,3,1,1,5,Promising / New
CUST01479,312,3,578.43,1,1,1,3,Hibernating / Lost
CUST01480,145,9,4479.12,3,4,4,11,Champions
CUST01481,302,2,278.53,1,1,1,3,Hibernating / Lost
CUST01482,511,6,1225.6100000000001,1,3,1,5,At Risk
CUST01483,357,8,5347.49,1,4,4,9,At Risk
CUST01484,282,8,6104.12,1,4,4,9,At Risk
CUST01485,272,4,3194.97,2,2,3,7,Needs Attention
CUST01486,59,2,1076.42,3,1,1,5,Promising / New
CUST01487,358,7,5694.52,1,4,4,9,At Risk
CUST01488,424,2,1869.5700000000002,1,1,2,4,Hibernating / Lost
CUST01489,396,7,3515.4700000000003,1,4,3,8,At Risk
CUST01490,189,3,1713.52,2,1,2,5,Other
CUST01491,166,8,4370.08,2,4,4,10,Needs Attention
CUST01492,257,2,713.72,2,1,1,4,Other
CUST01493,86,5,2878.8999999999996,3,3,3,9,Champions
CUST01494,268,6,4122.78,2,3,4,9,Needs Attention
CUST01495,232,7,4002.19,2,4,4,10,Needs Attention
CUST01496,201,6,2239.7,2,3,2,7,Needs Attention
CUST01497,130,7,2860.46,3,4,3,10,Champions
CUST01498,14,3,1887.44,4,1,2,7,Promising / New
CUST01499,211,2,912.9099999999999,2,1,1,4,Other
CUST01500,54,2,393.94,4,1,1,6,Promising / New
CUST01501,131,4,2029.4899999999998,3,2,2,7,Loyal Customers
CUST01502,323,6,2602.19,1,3,3,7,At Risk
CUST01503,389,5,1216.01,1,3,1,5,At Risk
CUST01504,315,3,1191.6100000000001,1,1,1,3,Hibernating / Lost
CUST01505,109,5,4437.58,3,3,4,10,Champions
CUST01506,175,5,2918.9800000000005,2,3,3,8,Needs Attention
CUST01507,10,9,3627.0299999999997,4,4,4,12,Champions
CUST01508,255,10,5120.62,2,4,4,10,Needs Attention
CUST01509,46,8,2713.24,4,4,3,11,Champions
CUST01510,110,4,1357.1399999999999,3,2,2,7,Loyal Customers
CUST01511,340,5,1049.09,1,3,1,5,At Risk
CUST01512,280,5,2749.29,1,3,3,7,At Risk
CUST01513,125,3,790.86,3,1,1,5,Promising / New
CUST01514,156,3,1220.4500000000003,3,1,1,5,Promising / New
CUST01515,221,3,860.24,2,1,1,4,Other
CUST01516,7,7,5432.4400000000005,4,4,4,12,Champions
CUST01517,196,2,515.1600000000001,2,1,1,4,Other
CUST01518,357,5,2294.18,1,3,2,6,At Risk
CUST01519,94,5,1190.6100000000001,3,3,1,7,Loyal Customers
CUST01520,186,7,6381.83,2,4,4,10,Needs Attention
CUST01521,68,2,657.28,3,1,1,5,Promising / New
CUST01522,74,9,5256.13,3,4,4,11,Champions
CUST01523,298,3,3175.52,1,1,3,5,Hibernating / Lost
CUST01524,331,3,2806.12,1,1,3,5,Hibernating / Lost
CUST01525,149,6,2526.9199999999996,3,3,3,9,Champions
CUST01526,403,6,3314.15,1,3,3,7,At Risk
CUST01527,208,6,2963.85,2,3,3,8,Needs Attention
CUST01528,424,5,1798.99,1,3,2,6,At Risk
CUST01529,47,3,3197.89,4,1,3,8,Promising / New
CUST01530,9,3,556.6500000000001,4,1,1,6,Promising / New
CUST01531,423,6,2854.58,1,3,3,7,At Risk
CUST01532,320,3,1909.94,1,1,2,4,Hibernating / Lost
CUST01533,2,9,4293.56,4,4,4,12,Champions
CUST01534,258,6,3025.4300000000003,2,3,3,8,Needs Attention
CUST01535,46,2,1404.82,4,1,2,7,Promising / New
CUST01536,245,5,3394.16,2,3,3,8,Needs Attention
CUST01537,250,5,2943.76,2,3,3,8,Needs Attention
CUST01538,462,4,1697.21,1,2,2,5,Hibernating / Lost
CUST01539,135,2,812.82,3,1,1,5,Promising / New
CUST01540,160,2,779.91,2,1,1,4,Other
CUST01541,208,5,2715.74,2,3,3,8,Needs Attention
CUST01542,141,6,4066.84,3,3,4,10,Champions
CUST01543,370,2,801.9599999999999,1,1,1,3,Hibernating / Lost
CUST01544,126,5,3966.81,3,3,4,10,Champions
CUST01545,331,4,1462.48,1,2,2,5,Hibernating / Lost
CUST01546,38,2,852.3999999999999,4,1,1,6,Promising / New
CUST01547,129,4,1407.16,3,2,2,7,Loyal Customers
CUST01548,61,1,162.87,3,1,1,5,Promising / New
CUST01549,218,2,352.75,2,1,1,4,Other
CUST01550,226,4,1209.4,2,2,1,5,Needs Attention
CUST01551,246,8,3831.8599999999997,2,4,4,10,Needs Attention
CUST01552,51,1,418.42,4,1,1,6,Promising / New
CUST01553,124,8,5470.280000000001,3,4,4,11,Champions
CUST01554,148,8,4759.48,3,4,4,11,Champions
CUST01555,262,8,6100.14,2,4,4,10,Needs Attention
CUST01556,159,4,2381.0699999999997,2,2,3,7,Needs Attention
CUST01557,9,7,2864.6800000000003,4,4,3,11,Champions
CUST01558,87,5,4030.7700000000004,3,3,4,10,Champions
CUST01559,1,5,2191.91,4,3,2,9,Loyal Customers
CUST01560,61,3,2691.05,3,1,3,7,Promising / New
CUST01561,286,6,3293.6800000000003,1,3,3,7,At Risk
CUST01562,237,7,2053.94,2,4,2,8,Needs Attention
CUST01563,107,7,3284.25,3,4,3,10,Champions
CUST01564,3,8,5730.47,4,4,4,12,Champions
CUST01565,110,3,1164.01,3,1,1,5,Promising / New
CUST01566,261,3,2836.86,2,1,3,6,Other
CUST01567,1,4,2768.9,4,2,3,9,Loyal Customers
CUST01568,121,1,40.81,3,1,1,5,Promising / New
CUST01569,18,6,2494.03,4,3,3,10,Champions
CUST01570,2,5,4456.63,4,3,4,11,Champions
CUST01571,424,4,4077.75,1,2,4,7,Hibernating / Lost
CUST01573,15,3,950.4000000000001,4,1,1,6,Promising / New
CUST01574,65,3,940.5,3,1,1,5,Promising / New
CUST01575,209,4,1994.5100000000002,2,2,2,6,Needs Attention
CUST01576,337,2,2457.56,1,1,3,5,Hibernating / Lost
CUST01577,142,4,1128.1200000000001,3,2,1,6,Loyal Customers
CUST01578,80,3,1392.83,3,1,2,6,Promising / New
CUST01579,199,2,222.20000000000002,2,1,1,4,Other
CUST01580,146,8,3048.38,3,4,3,10,Champions
CUST01581,321,5,2916.92,1,3,3,7,At Risk
CUST01582,298,4,2422.4100000000003,1,2,3,6,Hibernating / Lost
CUST01583,173,6,3803.67,2,3,4,9,Needs Attention
CUST01584,252,4,1420.27,2,2,2,6,Needs Attention
CUST01585,11,4,1601.75,4,2,2,8,Loyal Customers
CUST01586,373,1,259.84,1,1,1,3,Hibernating / Lost
CUST01587,67,4,2211.09,3,2,2,7,Loyal Customers
CUST01588,247,6,2493.41,2,3,3,8,Needs Attention
CUST01589,40,3,1733.18,4,1,2,7,Promising / New
CUST01590,328,5,1305.1599999999999,1,3,1,5,At Risk
CUST01591,75,4,2119.84,3,2,2,7,Loyal Customers
CUST01592,296,4,2492.5,1,2,3,6,Hibernating / Lost
CUST01593,219,6,2494.54,2,3,3,8,Needs Attention
CUST01594,455,4,5100.889999999999,1,2,4,7,Hibernating / Lost
CUST01595,135,3,2423.57,3,2,3,8,Loyal Customers
CUST01596,221,3,1124.88,2,2,1,5,Needs Attention
CUST01597,98,4,2113.18,3,2,2,7,Loyal Customers
CUST01598,69,2,728.2299999999999,3,1,1,5,Promising / New
CUST01599,58,6,3125.1400000000003,4,3,3,10,Champions
CUST01600,143,3,1636.38,3,2,2,7,Loyal Customers
CUST01601,339,3,1924.06,1,2,2,5,Hibernating / Lost
CUST01602,23,4,2989.4800000000005,4,2,3,9,Loyal Customers
CUST01603,54,4,333.40999999999997,4,2,1,7,Loyal Customers
CUST01604,319,3,3132.91,1,2,3,6,Hibernating / Lost
CUST01605,379,6,3733.4300000000003,1,3,4,8,At Risk
CUST01606,5,4,1512.56,4,2,2,8,Loyal Customers
CUST01607,119,4,2227.5800000000004,3,2,2,7,Loyal Customers
CUST01608,199,3,1287.88,2,2,1,5,Needs Attention
CUST01609,317,9,8987.5,1,4,4,9,At Risk
CUST01610,437,1,161.67000000000002,1,1,1,3,Hibernating / Lost
CUST01611,85,3,1502.0,3,2,2,7,Loyal Customers
CUST01612,31,5,2558.46,4,3,3,10,Champions
CUST01613,109,4,1514.5300000000002,3,2,2,7,Loyal Customers
CUST01614,121,7,3848.18,3,4,4,11,Champions
CUST01615,368,3,3925.4900000000002,1,2,4,7,Hibernating / Lost
CUST01616,184,1,1300.6,2,1,1,4,Other
CUST01617,30,2,1995.98,4,1,2,7,Promising / New
CUST01618,220,6,3566.7,2,3,4,9,Needs Attention
CUST01619,435,5,2264.41,1,3,2,6,At Risk
CUST01620,3,5,1661.7,4,3,2,9,Loyal Customers
CUST01621,293,4,2861.6600000000003,1,2,3,6,Hibernating / Lost
CUST01622,508,3,2875.8,1,2,3,6,Hibernating / Lost
CUST01623,10,3,1772.8,4,2,2,8,Loyal Customers
CUST01624,515,2,576.97,1,1,1,3,Hibernating / Lost
CUST01625,131,2,1600.72,3,1,2,6,Promising / New
CUST01626,3,2,2024.6399999999999,4,1,2,7,Promising / New
CUST01627,195,6,2643.79,2,3,3,8,Needs Attention
CUST01628,180,6,5441.53,2,3,4,9,Needs Attention
CUST01629,179,6,5497.49,2,3,4,9,Needs Attention
CUST01630,252,7,2818.4100000000003,2,4,3,9,Needs Attention
CUST01631,121,5,5203.96,3,3,4,10,Champions
CUST01632,32,3,1035.15,4,2,1,7,Loyal Customers
CUST01633,263,7,3069.8,2,4,3,9,Needs Attention
CUST01634,21,10,7021.66,4,4,4,12,Champions
CUST01635,274,3,1858.72,1,2,2,5,Hibernating / Lost
CUST01636,229,8,4461.37,2,4,4,10,Needs Attention
CUST01637,70,7,1895.8400000000001,3,4,2,9,Loyal Customers
CUST01639,291,2,962.7,1,1,1,3,Hibernating / Lost
CUST01640,77,3,1145.78,3,2,1,6,Loyal Customers
CUST01641,145,1,954.09,3,1,1,5,Promising / New
CUST01642,136,2,271.52,3,1,1,5,Promising / New
CUST01643,249,5,3550.2100000000005,2,3,3,8,Needs Attention
CUST01644,149,3,622.6,3,2,1,6,Loyal Customers
CUST01645,77,3,737.66,3,2,1,6,Loyal Customers
CUST01646,260,5,5601.389999999999,2,3,4,9,Needs Attention
CUST01647,151,6,4280.06,3,3,4,10,Champions
CUST01648,65,2,2216.69,3,1,2,6,Promising / New
CUST01649,2,3,3094.07,4,2,3,9,Loyal Customers
CUST01650,79,2,1161.14,3,1,1,5,Promising / New
CUST01651,408,7,4316.12,1,4,4,9,At Risk
CUST01652,295,4,3148.85,1,2,3,6,Hibernating / Lost
CUST01653,262,4,1975.76,2,2,2,6,Needs Attention
CUST01654,170,6,3661.65,2,3,4,9,Needs Attention
CUST01655,312,2,2038.65,1,1,2,4,Hibernating / Lost
CUST01656,241,2,1245.79,2,1,1,4,Other
CUST01657,27,4,2224.9,4,2,2,8,Loyal Customers
CUST01658,9,2,1413.86,4,1,2,7,Promising / New
CUST01659,31,4,1880.3399999999997,4,2,2,8,Loyal Customers
CUST01660,310,6,4025.15,1,3,4,8,At Risk
CUST01661,181,2,1347.1,2,1,2,5,Other
CUST01662,39,3,2095.19,4,2,2,8,Loyal Customers
CUST01663,358,4,2785.87,1,2,3,6,Hibernating / Lost
CUST01664,147,4,1751.2,3,2,2,7,Loyal Customers
CUST01665,231,4,2421.47,2,2,3,7,Needs Attention
CUST01666,51,3,1774.0900000000001,4,2,2,8,Loyal Customers
CUST01667,91,3,989.73,3,2,1,6,Loyal Customers
CUST01668,144,3,1257.17,3,2,1,6,Loyal Customers
CUST01669,170,8,5084.44,2,4,4,10,Needs Attention
CUST01670,40,8,4057.92,4,4,4,12,Champions
CUST01671,37,6,3394.3,4,3,3,10,Champions
CUST01672,164,10,5805.02,2,4,4,10,Needs Attention
CUST01674,63,6,3128.3599999999997,3,3,3,9,Champions
CUST01675,84,9,3884.4900000000002,3,4,4,11,Champions
CUST01676,2,3,3094.99,4,2,3,9,Loyal Customers
CUST01677,428,2,1100.76,1,1,1,3,Hibernating / Lost
CUST01678,273,4,2653.66,1,2,3,6,Hibernating / Lost
CUST01679,7,2,641.86,4,1,1,6,Promising / New
CUST01680,180,3,713.72,2,2,1,5,Needs Attention
CUST01681,26,1,126.08,4,1,1,6,Promising / New
CUST01682,404,8,3279.27,1,4,3,8,At Risk
CUST01683,255,2,657.85,2,1,1,4,Other
CUST01684,88,4,2030.9399999999996,3,2,2,7,Loyal Customers
CUST01685,249,8,4419.139999999999,2,4,4,10,Needs Attention
CUST01686,229,5,1261.2,2,3,1,6,Needs Attention
CUST01687,263,5,4575.86,2,3,4,9,Needs Attention
CUST01688,199,8,2756.32,2,4,3,9,Needs Attention
CUST01689,8,7,2798.65,4,4,3,11,Champions
CUST01690,384,6,2362.84,1,3,3,7,At Risk
CUST01691,28,5,1940.31,4,3,2,9,Loyal Customers
CUST01692,9,7,1690.63,4,4,2,10,Loyal Customers
CUST01693,109,6,2318.69,3,3,3,9,Champions
CUST01694,307,6,1885.6299999999999,1,3,2,6,At Risk
CUST01695,357,6,3285.4900000000002,1,3,3,7,At Risk
CUST01696,85,2,735.81,3,1,1,5,Promising / New
CUST01697,237,3,2087.04,2,2,2,6,Needs Attention
CUST01698,241,2,1984.17,2,1,2,5,Other
CUST01699,316,1,375.56,1,1,1,3,Hibernating / Lost
CUST01702,293,2,1164.34,1,1,1,3,Hibernating / Lost
CUST01703,19,6,3921.3999999999996,4,3,4,11,Champions
CUST01704,286,6,4496.72,1,3,4,8,At Risk
CUST01705,23,2,1239.68,4,1,1,6,Promising / New
CUST01706,44,12,6975.650000000001,4,4,4,12,Champions
CUST01707,2,3,2212.45,4,2,2,8,Loyal Customers
CUST01708,14,4,1537.12,4,2,2,8,Loyal Customers
CUST01709,343,6,4232.63,1,3,4,8,At Risk
CUST01710,287,2,371.75,1,1,1,3,Hibernating / Lost
CUST01711,231,5,1589.04,2,3,2,7,Needs Attention
CUST01712,261,5,1959.56,2,3,2,7,Needs Attention
CUST01713,49,1,435.24,4,1,1,6,Promising / New
CUST01714,111,1,107.78,3,1,1,5,Promising / New
CUST01715,160,4,3256.93,2,2,3,7,Needs Attention
CUST01716,11,9,4194.79,4,4,4,12,Champions
CUST01717,122,5,3796.1099999999997,3,3,4,10,Champions
CUST01718,325,1,122.34,1,1,1,3,Hibernating / Lost
CUST01719,199,4,2485.65,2,2,3,7,Needs Attention
CUST01720,185,4,1618.39,2,2,2,6,Needs Attention
CUST01721,317,6,4070.38,1,3,4,8,At Risk
CUST01722,100,8,4383.26,3,4,4,11,Champions
CUST01723,145,6,3628.66,3,3,4,10,Champions
CUST01724,5,3,817.57,4,2,1,7,Loyal Customers
CUST01725,133,3,1118.21,3,2,1,6,Loyal Customers
CUST01726,78,4,2211.08,3,2,2,7,Loyal Customers
CUST01727,4,5,1998.68,4,3,2,9,Loyal Customers
CUST01728,139,3,529.66,3,2,1,6,Loyal Customers
CUST01729,242,7,4689.52,2,4,4,10,Needs Attention
CUST01730,449,6,1916.6299999999999,1,3,2,6,At Risk
CUST01731,63,8,3089.9399999999996,3,4,3,10,Champions
CUST01732,9,4,1121.01,4,2,1,7,Loyal Customers
CUST01733,98,4,892.88,3,2,1,6,Loyal Customers
CUST01734,30,5,3541.69,4,3,3,10,Champions
CUST01735,16,6,4551.0,4,3,4,11,Champions
CUST01736,32,5,1959.76,4,3,2,9,Loyal Customers
CUST01737,87,8,2250.87,3,4,2,9,Loyal Customers
CUST01738,462,5,2845.23,1,3,3,7,At Risk
CUST01739,501,6,3397.98,1,3,3,7,At Risk
CUST01740,101,1,584.41,3,1,1,5,Promising / New
CUST01741,16,7,2655.2400000000002,4,4,3,11,Champions
CUST01742,72,7,5500.77,3,4,4,11,Champions
CUST01743,153,4,1492.8899999999999,3,2,2,7,Loyal Customers
CUST01744,341,6,6182.6,1,3,4,8,At Risk
CUST01745,368,7,3833.77,1,4,4,9,At Risk
CUST01746,2,5,3706.4300000000003,4,3,4,11,Champions
CUST01747,2,4,1348.41,4,2,2,8,Loyal Customers
CUST01748,185,2,275.54,2,1,1,4,Other
CUST01749,65,5,3248.3900000000003,3,3,3,9,Champions
CUST01750,140,2,1588.29,3,1,2,6,Promising / New
CUST01751,13,2,778.34,4,1,1,6,Promising / New
CUST01752,11,3,2589.6400000000003,4,2,3,9,Loyal Customers
CUST01753,159,3,1160.5400000000002,2,2,1,5,Needs Attention
CUST01754,185,5,1904.23,2,3,2,7,Needs Attention
CUST01755,153,3,1337.67,3,2,2,7,Loyal Customers
CUST01756,198,7,2228.75,2,4,2,8,Needs Attention
CUST01757,187,9,2193.24,2,4,2,8,Needs Attention
CUST01758,158,10,8582.380000000001,3,4,4,11,Champions
CUST01759,166,9,2824.93,2,4,3,9,Needs Attention
CUST01761,71,5,1806.8100000000002,3,3,2,8,Loyal Customers
CUST01762,282,5,2670.88,1,3,3,7,At Risk
CUST01763,268,6,4367.9,2,3,4,9,Needs Attention
CUST01764,175,11,6758.18,2,4,4,10,Needs Attention
CUST01765,150,8,5188.81,3,4,4,11,Champions
CUST01766,15,3,638.1999999999999,4,2,1,7,Loyal Customers
CUST01767,227,6,1978.43,2,3,2,7,Needs Attention
CUST01768,203,3,649.62,2,2,1,5,Needs Attention
CUST01769,456,8,4439.3099999999995,1,4,4,9,At Risk
CUST01770,181,1,519.75,2,1,1,4,Other
CUST01771,187,8,3129.33,2,4,3,9,Needs Attention
CUST01772,266,8,3815.1800000000003,2,4,4,10,Needs Attention
CUST01773,203,10,5147.83,2,4,4,10,Needs Attention
CUST01774,162,10,4220.240000000001,2,4,4,10,Needs Attention
CUST01775,87,3,1902.2800000000002,3,2,2,7,Loyal Customers
CUST01776,378,8,5315.110000000001,1,4,4,9,At Risk
CUST01777,307,6,2900.2200000000003,1,3,3,7,At Risk
CUST01778,369,6,3293.44,1,3,3,7,At Risk
CUST01779,293,5,1915.13,1,3,2,6,At Risk
CUST01780,24,5,2800.3700000000003,4,3,3,10,Champions
CUST01781,329,4,3476.48,1,2,3,6,Hibernating / Lost
CUST01782,246,5,3574.51,2,3,4,9,Needs Attention
CUST01783,532,1,112.84,1,1,1,3,Hibernating / Lost
CUST01784,7,3,1852.42,4,2,2,8,Loyal Customers
CUST01785,77,3,867.38,3,2,1,6,Loyal Customers
CUST01786,366,5,1292.96,1,3,1,5,At Risk
CUST01787,290,2,1537.21,1,1,2,4,Hibernating / Lost
CUST01788,394,10,7013.38,1,4,4,9,At Risk
CUST01789,190,12,5906.79,2,4,4,10,Needs Attention
CUST01790,82,4,3682.2700000000004,3,2,4,9,Loyal Customers
CUST01791,138,6,3592.85,3,3,4,10,Champions
CUST01792,42,7,2832.92,4,4,3,11,Champions
CUST01793,290,7,4470.3,1,4,4,9,At Risk
CUST01794,218,4,2086.1,2,2,2,6,Needs Attention
CUST01795,155,3,1968.3,3,2,2,7,Loyal Customers
CUST01796,297,4,5078.24,1,2,4,7,Hibernating / Lost
CUST01797,5,3,3160.79,4,2,3,9,Loyal Customers
CUST01798,225,5,4912.53,2,3,4,9,Needs Attention
CUST01799,148,6,4281.81,3,3,4,10,Champions
CUST01800,150,10,2384.75,3,4,3,10,Champions
CUST01801,349,9,3965.5,1,4,4,9,At Risk
CUST01802,131,2,1697.58,3,1,2,6,Promising / New
CUST01803,249,4,2881.81,2,2,3,7,Needs Attention
CUST01804,249,5,2859.11,2,3,3,8,Needs Attention
CUST01805,318,8,4829.43,1,4,4,9,At Risk
CUST01806,441,4,2765.52,1,2,3,6,Hibernating / Lost
CUST01807,405,3,2271.8599999999997,1,2,2,5,Hibernating / Lost
CUST01808,229,2,342.07000000000005,2,1,1,4,Other
CUST01809,479,4,5332.7300000000005,1,2,4,7,Hibernating / Lost
CUST01810,4,4,1638.81,4,2,2,8,Loyal Customers
CUST01811,318,5,3745.3,1,3,4,8,At Risk
CUST01812,58,4,1530.8100000000002,4,2,2,8,Loyal Customers
CUST01813,152,4,2854.43,3,2,3,8,Loyal Customers
CUST01814,185,5,2112.3599999999997,2,3,2,7,Needs Attention
CUST01815,27,5,1185.54,4,3,1,8,Loyal Customers
CUST01816,420,4,177.76,1,2,1,4,Hibernating / Lost
CUST01817,252,10,4747.87,2,4,4,10,Needs Attention
CUST01818,368,5,3400.6000000000004,1,3,3,7,At Risk
CUST01819,93,6,1758.77,3,3,2,8,Loyal Customers
CUST01820,338,7,3126.8500000000004,1,4,3,8,At Risk
CUST01821,321,9,6324.4400000000005,1,4,4,9,At Risk
CUST01822,96,9,6450.13,3,4,4,11,Champions
CUST01823,261,5,1939.57,2,3,2,7,Needs Attention
CUST01824,31,4,1534.6000000000001,4,2,2,8,Loyal Customers
CUST01825,58,5,2212.34,4,3,2,9,Loyal Customers
CUST01826,31,5,3348.7000000000003,4,3,3,10,Champions
CUST01827,216,2,1918.01,2,1,2,5,Other
CUST01828,1,7,6097.15,4,4,4,12,Champions
CUST01829,94,1,450.67,3,1,1,5,Promising / New
CUST01830,1,6,4155.4,4,3,4,11,Champions
CUST01831,274,2,1843.34,1,1,2,4,Hibernating / Lost
CUST01832,1,7,4542.8,4,4,4,12,Champions
CUST01833,100,4,1803.67,3,2,2,7,Loyal Customers
CUST01834,4,2,1669.52,4,1,2,7,Promising / New
CUST01835,271,2,1906.3400000000001,2,1,2,5,Other
CUST01836,457,1,661.3000000000001,1,1,1,3,Hibernating / Lost
CUST01837,9,3,733.98,4,2,1,7,Loyal Customers
CUST01838,221,6,2097.65,2,3,2,7,Needs Attention
CUST01839,204,5,3141.64,2,3,3,8,Needs Attention
CUST01840,10,8,5216.28,4,4,4,12,Champions
CUST01841,248,12,6179.24,2,4,4,10,Needs Attention
CUST01842,423,3,1082.6399999999999,1,2,1,4,Hibernating / Lost
CUST01843,33,6,4055.61,4,3,4,11,Champions
CUST01844,36,5,4571.47,4,3,4,11,Champions
CUST01845,106,6,2319.07,3,3,3,9,Champions
CUST01846,29,6,4823.58,4,3,4,11,Champions
CUST01847,100,3,1945.3899999999999,3,2,2,7,Loyal Customers
CUST01848,146,5,1170.7,3,3,1,7,Loyal Customers
CUST01849,65,6,2328.82,3,3,3,9,Champions
CUST01850,373,2,762.54,1,1,1,3,Hibernating / Lost
CUST01851,414,5,2307.47,1,3,2,6,At Risk
CUST01852,390,2,252.62,1,1,1,3,Hibernating / Lost
CUST01853,183,4,1730.48,2,2,2,6,Needs Attention
CUST01854,234,2,521.86,2,1,1,4,Other
CUST01855,292,3,2663.3,1,2,3,6,Hibernating / Lost
CUST01856,33,7,3838.41,4,4,4,12,Champions
CUST01857,151,4,1810.3000000000002,3,2,2,7,Loyal Customers
CUST01858,114,2,1104.96,3,1,1,5,Promising / New
CUST01859,142,5,3122.7200000000003,3,3,3,9,Champions
CUST01860,28,2,2486.62,4,1,3,8,Promising / New
CUST01861,57,2,833.87,4,1,1,6,Promising / New
CUST01862,336,6,4126.58,1,3,4,8,At Risk
CUST01863,38,6,3495.18,4,3,3,10,Champions
CUST01864,18,5,2927.74,4,3,3,10,Champions
CUST01865,51,5,2163.17,4,3,2,9,Loyal Customers
CUST01866,213,5,3595.4399999999996,2,3,4,9,Needs Attention
CUST01867,290,6,1750.27,1,3,2,6,At Risk
CUST01868,70,6,3140.4900000000002,3,3,3,9,Champions
CUST01869,226,1,148.12,2,1,1,4,Other
CUST01870,88,8,7010.39,3,4,4,11,Champions
CUST01871,267,4,2183.96,2,2,2,6,Needs Attention
CUST01872,255,6,3483.1,2,3,3,8,Needs Attention
CUST01873,171,5,3364.9000000000005,2,3,3,8,Needs Attention
CUST01874,12,2,1645.1100000000001,4,1,2,7,Promising / New
CUST01876,332,5,2416.45,1,3,3,7,At Risk
CUST01877,367,8,3387.8900000000003,1,4,3,8,At Risk
CUST01878,29,4,3380.2700000000004,4,2,3,9,Loyal Customers
CUST01879,101,1,493.59,3,1,1,5,Promising / New
CUST01880,395,3,692.27,1,2,1,4,Hibernating / Lost
CUST01881,270,4,5501.68,2,2,4,8,Needs Attention
CUST01882,375,2,1041.27,1,1,1,3,Hibernating / Lost
CUST01883,247,6,4198.15,2,3,4,9,Needs Attention
CUST01884,29,1,1198.12,4,1,1,6,Promising / New
CUST01885,191,2,251.82,2,1,1,4,Other
CUST01887,136,5,949.7500000000001,3,3,1,7,Loyal Customers
CUST01888,267,4,2209.83,2,2,2,6,Needs Attention
CUST01889,453,7,4544.96,1,4,4,9,At Risk
CUST01890,81,3,871.03,3,2,1,6,Loyal Customers
CUST01891,273,6,3711.7799999999997,1,3,4,8,At Risk
CUST01892,384,2,535.23,1,1,1,3,Hibernating / Lost
CUST01893,20,1,209.48,4,1,1,6,Promising / New
CUST01894,138,3,1380.92,3,2,2,7,Loyal Customers
CUST01895,312,8,3444.71,1,4,3,8,At Risk
CUST01896,45,4,2737.42,4,2,3,9,Loyal Customers
CUST01897,170,6,3836.2400000000002,2,3,4,9,Needs Attention
CUST01898,55,4,2207.79,4,2,2,8,Loyal Customers
CUST01899,110,8,4624.35,3,4,4,11,Champions
CUST01900,263,4,2817.0499999999997,2,2,3,7,Needs Attention
CUST01901,246,2,1469.9,2,1,2,5,Other
CUST01902,214,3,2506.96,2,2,3,7,Needs Attention
CUST01903,119,4,1938.39,3,2,2,7,Loyal Customers
CUST01904,259,11,7461.7,2,4,4,10,Needs Attention
CUST01905,206,8,3401.87,2,4,3,9,Needs Attention
CUST01906,346,2,514.91,1,1,1,3,Hibernating / Lost
CUST01907,302,3,1092.35,1,2,1,4,Hibernating / Lost
CUST01908,304,4,2835.37,1,2,3,6,Hibernating / Lost
CUST01909,190,3,1720.3,2,2,2,6,Needs Attention
CUST01910,2,9,5294.040000000001,4,4,4,12,Champions
CUST01911,135,3,1640.7,3,2,2,7,Loyal Customers
CUST01912,10,6,1731.3,4,3,2,9,Loyal Customers
CUST01913,432,6,2342.78,1,3,3,7,At Risk
CUST01914,94,3,3709.3,3,2,4,9,Loyal Customers
CUST01915,178,8,4039.65,2,4,4,10,Needs Attention
CUST01916,120,3,2080.87,3,2,2,7,Loyal Customers
CUST01917,200,5,2400.73,2,3,3,8,Needs Attention
CUST01918,254,7,3232.5299999999997,2,4,3,9,Needs Attention
CUST01919,205,6,2513.71,2,3,3,8,Needs Attention
CUST01920,152,12,8992.62,3,4,4,11,Champions
CUST01921,254,9,7442.849999999999,2,4,4,10,Needs Attention
CUST01922,159,9,4283.84,2,4,4,10,Needs Attention
CUST01923,33,5,1081.5,4,3,1,8,Loyal Customers
CUST01924,74,5,1543.6399999999999,3,3,2,8,Loyal Customers
CUST01925,170,8,2732.59,2,4,3,9,Needs Attention
CUST01926,364,2,766.8299999999999,1,1,1,3,Hibernating / Lost
CUST01927,276,2,920.74,1,1,1,3,Hibernating / Lost
CUST01928,378,5,3348.82,1,3,3,7,At Risk
CUST01929,288,6,3632.61,1,3,4,8,At Risk
CUST01930,3,5,2217.12,4,3,2,9,Loyal Customers
CUST01931,428,3,1113.28,1,2,1,4,Hibernating / Lost
CUST01932,161,5,2910.23,2,3,3,8,Needs Attention
CUST01933,66,5,5365.860000000001,3,3,4,10,Champions
CUST01934,1,4,1397.69,4,2,2,8,Loyal Customers
CUST01935,389,9,4890.19,1,4,4,9,At Risk
CUST01936,300,3,1720.31,1,2,2,5,Hibernating / Lost
CUST01937,310,3,717.3800000000001,1,2,1,4,Hibernating / Lost
CUST01938,185,1,93.08,2,1,1,4,Other
CUST01939,12,4,2726.33,4,2,3,9,Loyal Customers
CUST01940,334,6,3335.63,1,3,3,7,At Risk
CUST01941,262,3,1558.3,2,2,2,6,Needs Attention
CUST01942,128,5,3163.19,3,3,3,9,Champions
CUST01943,16,4,495.27,4,2,1,7,Loyal Customers
CUST01944,425,10,7681.68,1,4,4,9,At Risk
CUST01945,307,5,2239.36,1,3,2,6,At Risk
CUST01946,422,7,5404.47,1,4,4,9,At Risk
CUST01947,353,4,1931.71,1,2,2,5,Hibernating / Lost
CUST01948,5,7,4795.64,4,4,4,12,Champions
CUST01949,459,7,3547.68,1,4,3,8,At Risk
CUST01950,322,2,281.46000000000004,1,1,1,3,Hibernating / Lost
CUST01951,8,9,4253.82,4,4,4,12,Champions
CUST01952,45,9,5732.7,4,4,4,12,Champions
CUST01953,219,3,1575.5900000000001,2,2,2,6,Needs Attention
CUST01954,8,6,2211.03,4,3,2,9,Loyal Customers
CUST01955,4,5,2279.15,4,3,2,9,Loyal Customers
CUST01956,129,3,1749.81,3,2,2,7,Loyal Customers
CUST01957,46,4,2176.06,4,2,2,8,Loyal Customers
CUST01958,229,2,203.64,2,1,1,4,Other
CUST01959,62,5,2667.77,3,3,3,9,Champions
CUST01960,285,3,2820.02,1,2,3,6,Hibernating / Lost
CUST01961,55,2,974.77,4,1,1,6,Promising / New
CUST01962,2,4,1315.32,4,2,1,7,Loyal Customers
CUST01963,429,6,2026.52,1,3,2,6,At Risk
CUST01964,57,5,3916.99,4,3,4,11,Champions
CUST01965,50,12,5618.26,4,4,4,12,Champions
CUST01966,77,9,4945.22,3,4,4,11,Champions
CUST01967,187,6,2378.19,2,3,3,8,Needs Attention
CUST01968,264,7,1649.6399999999999,2,4,2,8,Needs Attention
CUST01969,70,7,3502.26,3,4,3,10,Champions
CUST01970,244,7,4820.860000000001,2,4,4,10,Needs Attention
CUST01971,34,7,3327.18,4,4,3,11,Champions
CUST01972,7,7,3249.5699999999997,4,4,3,11,Champions
CUST01973,147,2,900.01,3,1,1,5,Promising / New
CUST01974,213,7,3134.96,2,4,3,9,Needs Attention
CUST01975,64,8,3361.96,3,4,3,10,Champions
CUST01976,276,2,1401.11,1,1,2,4,Hibernating / Lost
CUST01977,9,6,3823.9,4,3,4,11,Champions
CUST01978,299,3,1299.52,1,2,1,4,Hibernating / Lost
CUST01979,464,4,2019.6200000000001,1,2,2,5,Hibernating / Lost
CUST01980,10,5,2430.39,4,3,3,10,Champions
CUST01981,124,6,4173.7,3,3,4,10,Champions
CUST01982,163,1,502.8,2,1,1,4,Other
CUST01983,435,3,736.4200000000001,1,2,1,4,Hibernating / Lost
CUST01984,75,3,1838.02,3,2,2,7,Loyal Customers
CUST01985,147,3,1205.57,3,2,1,6,Loyal Customers
CUST01986,90,6,2080.57,3,3,2,8,Loyal Customers
CUST01987,67,3,1764.62,3,2,2,7,Loyal Customers
CUST01988,314,7,5821.01,1,4,4,9,At Risk
CUST01989,409,3,1680.8000000000002,1,2,2,5,Hibernating / Lost
CUST01990,9,4,1659.3700000000001,4,2,2,8,Loyal Customers
CUST01991,197,5,2877.46,2,3,3,8,Needs Attention
CUST01992,195,4,3094.04,2,2,3,7,Needs Attention
CUST01993,212,1,1120.86,2,1,1,4,Other
CUST01994,162,6,6601.72,2,3,4,9,Needs Attention
CUST01995,80,3,2605.47,3,2,3,8,Loyal Customers
CUST01996,265,3,1318.49,2,2,2,6,Needs Attention
CUST01997,129,2,1367.7399999999998,3,1,2,6,Promising / New
CUST01998,1,8,4585.79,4,4,4,12,Champions
CUST01999,154,5,3205.2200000000003,3,3,3,9,Champions
CUST02000,355,1,708.6899999999999,1,1,1,3,Hibernating / Lost
CUST02001,27,4,1311.1200000000001,4,2,1,7,Loyal Customers
CUST02002,458,4,1750.8,1,2,2,5,Hibernating / Lost
CUST02003,184,8,5711.24,2,4,4,10,Needs Attention
CUST02004,132,4,4608.78,3,2,4,9,Loyal Customers
CUST02005,49,3,978.0999999999999,4,2,1,7,Loyal Customers
CUST02006,468,1,260.43,1,1,1,3,Hibernating / Lost
CUST02007,70,3,483.87,3,2,1,6,Loyal Customers
CUST02008,396,6,2784.52,1,3,3,7,At Risk
CUST02009,52,4,2310.2999999999997,4,2,2,8,Loyal Customers
CUST02010,98,6,5174.540000000001,3,3,4,10,Champions
CUST02011,189,9,6519.61,2,4,4,10,Needs Attention
CUST02012,196,5,2791.67,2,3,3,8,Needs Attention
CUST02013,312,4,1320.75,1,2,2,5,Hibernating / Lost
CUST02014,13,7,2619.42,4,4,3,11,Champions
CUST02015,115,6,2583.7300000000005,3,3,3,9,Champions
CUST02016,243,4,2532.39,2,2,3,7,Needs Attention
CUST02017,183,3,2182.3100000000004,2,2,2,6,Needs Attention
CUST02018,96,1,1882.44,3,1,2,6,Promising / New
CUST02019,117,10,6853.969999999999,3,4,4,11,Champions
CUST02020,63,5,1289.96,3,3,1,7,Loyal Customers
CUST02021,26,4,3087.52,4,2,3,9,Loyal Customers
CUST02022,159,2,774.77,2,1,1,4,Other
CUST02023,101,5,3716.12,3,3,4,10,Champions
CUST02024,57,3,889.11,4,2,1,7,Loyal Customers
CUST02025,151,3,2055.6000000000004,3,2,2,7,Loyal Customers
CUST02026,237,4,1425.85,2,2,2,6,Needs Attention
CUST02027,188,1,116.51,2,1,1,4,Other
CUST02028,3,7,4207.37,4,4,4,12,Champions
CUST02029,226,6,3183.27,2,3,3,8,Needs Attention
CUST02030,266,4,2353.31,2,2,3,7,Needs Attention
CUST02031,165,4,2272.66,2,2,2,6,Needs Attention
CUST02032,278,6,4104.79,1,3,4,8,At Risk
CUST02033,284,6,3516.51,1,3,3,7,At Risk
CUST02034,125,1,180.81,3,1,1,5,Promising / New
CUST02035,1,7,3971.27,4,4,4,12,Champions
CUST02036,40,3,1735.5,4,2,2,8,Loyal Customers
CUST02037,69,4,1173.53,3,2,1,6,Loyal Customers
CUST02038,157,5,2809.02,3,3,3,9,Champions
CUST02039,4,2,1117.75,4,1,1,6,Promising / New
CUST02040,196,7,2690.7599999999998,2,4,3,9,Needs Attention
CUST02041,360,2,1413.56,1,1,2,4,Hibernating / Lost
CUST02042,24,6,3207.12,4,3,3,10,Champions
CUST02043,69,5,2065.41,3,3,2,8,Loyal Customers
CUST02044,86,8,4534.1,3,4,4,11,Champions
CUST02045,264,9,3664.39,2,4,4,10,Needs Attention
CUST02046,1,7,4987.62,4,4,4,12,Champions
CUST02047,139,7,2623.2400000000002,3,4,3,10,Champions
CUST02048,225,5,1982.37,2,3,2,7,Needs Attention
CUST02049,47,9,2405.29,4,4,3,11,Champions
CUST02050,147,5,3324.72,3,3,3,9,Champions
CUST02051,231,7,2785.93,2,4,3,9,Needs Attention
CUST02052,335,5,4395.66,1,3,4,8,At Risk
CUST02053,93,6,1463.54,3,3,2,8,Loyal Customers
CUST02055,2,15,8054.139999999999,4,4,4,12,Champions
CUST02056,145,6,1881.27,3,3,2,8,Loyal Customers
CUST02057,129,1,443.66,3,1,1,5,Promising / New
CUST02058,86,6,2965.68,3,3,3,9,Champions
CUST02059,133,4,1533.78,3,2,2,7,Loyal Customers
CUST02060,236,8,6672.01,2,4,4,10,Needs Attention
CUST02061,8,6,5438.27,4,3,4,11,Champions
CUST02062,2,7,2572.32,4,4,3,11,Champions
CUST02063,255,2,1779.0900000000001,2,1,2,5,Other
CUST02064,50,7,1783.43,4,4,2,10,Loyal Customers
CUST02065,199,3,1690.31,2,2,2,6,Needs Attention
CUST02066,190,3,1504.3600000000001,2,2,2,6,Needs Attention
CUST02067,130,3,1809.8600000000001,3,2,2,7,Loyal Customers
CUST02069,219,4,2616.13,2,2,3,7,Needs Attention
CUST02070,276,4,2290.1800000000003,1,2,2,5,Hibernating / Lost
CUST02071,33,6,3325.68,4,3,3,10,Champions
CUST02072,160,5,3179.96,2,3,3,8,Needs Attention
CUST02073,303,4,2350.7200000000003,1,2,3,6,Hibernating / Lost
CUST02074,286,3,3384.6499999999996,1,2,3,6,Hibernating / Lost
CUST02075,142,8,3445.38,3,4,3,10,Champions
CUST02076,112,4,1819.3700000000001,3,2,2,7,Loyal Customers
CUST02077,91,7,4628.14,3,4,4,11,Champions
CUST02078,80,4,3148.84,3,2,3,8,Loyal Customers
CUST02079,344,2,1287.06,1,1,1,3,Hibernating / Lost
CUST02080,274,8,6110.09,1,4,4,9,At Risk
CUST02081,51,2,1142.62,4,1,1,6,Promising / New
CUST02082,262,7,2848.81,2,4,3,9,Needs Attention
CUST02083,309,1,1403.01,1,1,2,4,Hibernating / Lost
CUST02084,58,4,825.91,4,2,1,7,Loyal Customers
CUST02085,380,1,402.32,1,1,1,3,Hibernating / Lost
CUST02086,116,4,637.8100000000001,3,2,1,6,Loyal Customers
CUST02087,100,4,1448.49,3,2,2,7,Loyal Customers
CUST02088,117,5,3096.56,3,3,3,9,Champions
CUST02089,364,1,763.75,1,1,1,3,Hibernating / Lost
CUST02090,198,6,5391.299999999999,2,3,4,9,Needs Attention
CUST02091,24,6,5018.51,4,3,4,11,Champions
CUST02092,315,3,270.36,1,2,1,4,Hibernating / Lost
CUST02093,37,5,1587.8100000000002,4,3,2,9,Loyal Customers
CUST02094,302,11,4982.06,1,4,4,9,At Risk
CUST02095,311,4,2859.97,1,2,3,6,Hibernating / Lost
CUST02096,56,8,4510.65,4,4,4,12,Champions
CUST02097,3,3,1893.52,4,2,2,8,Loyal Customers
CUST02098,23,2,657.45,4,1,1,6,Promising / New
CUST02099,97,5,2788.4,3,3,3,9,Champions
CUST02100,322,7,5939.69,1,4,4,9,At Risk
CUST02101,10,7,4744.4400000000005,4,4,4,12,Champions
CUST02102,154,5,3942.15,3,3,4,10,Champions
CUST02103,253,4,2047.0300000000002,2,2,2,6,Needs Attention
CUST02104,174,7,3506.0099999999998,2,4,3,9,Needs Attention
CUST02105,18,7,3125.4,4,4,3,11,Champions
CUST02106,236,8,2438.3900000000003,2,4,3,9,Needs Attention
CUST02107,38,6,3455.92,4,3,3,10,Champions
CUST02108,313,2,756.29,1,1,1,3,Hibernating / Lost
CUST02109,65,3,1564.8899999999999,3,2,2,7,Loyal Customers
CUST02110,139,6,5943.09,3,3,4,10,Champions
CUST02111,260,8,2596.9300000000003,2,4,3,9,Needs Attention
CUST02112,100,3,1349.6299999999999,3,2,2,7,Loyal Customers
CUST02113,11,3,1364.51,4,2,2,8,Loyal Customers
CUST02114,23,4,1143.3799999999999,4,2,1,7,Loyal Customers
CUST02115,97,2,854.8000000000001,3,1,1,5,Promising / New
CUST02116,337,7,4153.43,1,4,4,9,At Risk
CUST02117,6,9,4226.92,4,4,4,12,Champions
CUST02118,101,8,2853.66,3,4,3,10,Champions
CUST02119,96,1,272.87,3,1,1,5,Promising / New
CUST02120,40,4,1268.71,4,2,1,7,Loyal Customers
CUST02121,68,5,2308.3500000000004,3,3,2,8,Loyal Customers
CUST02122,4,5,1820.63,4,3,2,9,Loyal Customers
CUST02123,142,5,5830.25,3,3,4,10,Champions
CUST02124,147,7,3990.37,3,4,4,11,Champions
CUST02125,92,7,2856.15,3,4,3,10,Champions
CUST02127,8,4,1807.72,4,2,2,8,Loyal Customers
CUST02128,130,4,3308.71,3,2,3,8,Loyal Customers
CUST02129,400,7,4523.1,1,4,4,9,At Risk
CUST02130,337,6,3402.32,1,3,3,7,At Risk
CUST02131,76,3,1160.98,3,2,1,6,Loyal Customers
CUST02132,1,4,2736.5699999999997,4,2,3,9,Loyal Customers
CUST02133,188,5,3990.44,2,3,4,9,Needs Attention
CUST02134,171,12,7258.9800000000005,2,4,4,10,Needs Attention
CUST02135,33,6,5340.3,4,3,4,11,Champions
CUST02136,122,5,2526.13,3,3,3,9,Champions
CUST02137,201,1,301.67999999999995,2,1,1,4,Other
CUST02138,509,10,7189.8,1,4,4,9,At Risk
CUST02139,224,3,3703.12,2,2,4,8,Needs Attention
CUST02140,162,2,546.57,2,1,1,4,Other
CUST02141,124,2,1127.83,3,1,1,5,Promising / New
CUST02142,31,6,1299.72,4,3,1,8,Loyal Customers
CUST02143,8,2,397.76,4,1,1,6,Promising / New
CUST02144,101,1,689.46,3,1,1,5,Promising / New
CUST02145,105,4,2639.77,3,2,3,8,Loyal Customers
CUST02146,201,3,2610.37,2,2,3,7,Needs Attention
CUST02147,70,10,6564.27,3,4,4,11,Champions
CUST02148,22,3,1232.4100000000003,4,2,1,7,Loyal Customers
CUST02150,22,3,1696.9500000000003,4,2,2,8,Loyal Customers
CUST02151,240,7,2592.53,2,4,3,9,Needs Attention
CUST02152,295,5,2297.04,1,3,2,6,At Risk
CUST02153,5,3,1740.39,4,2,2,8,Loyal Customers
CUST02155,82,5,1094.6000000000001,3,3,1,7,Loyal Customers
CUST02156,45,2,852.48,4,1,1,6,Promising / New
CUST02157,238,7,5245.07,2,4,4,10,Needs Attention
CUST02158,170,6,1153.54,2,3,1,6,Needs Attention
CUST02159,23,5,2268.29,4,3,2,9,Loyal Customers
CUST02160,215,3,1951.4699999999998,2,2,2,6,Needs Attention
CUST02161,55,4,1590.81,4,2,2,8,Loyal Customers
CUST02162,366,11,5769.76,1,4,4,9,At Risk
CUST02163,268,3,1067.46,2,2,1,5,Needs Attention
CUST02164,7,3,802.3199999999999,4,2,1,7,Loyal Customers
CUST02165,21,1,648.1600000000001,4,1,1,6,Promising / New
CUST02166,14,3,1052.28,4,2,1,7,Loyal Customers
CUST02167,251,3,957.19,2,2,1,5,Needs Attention
CUST02168,75,3,1331.1599999999999,3,2,2,7,Loyal Customers
CUST02169,1,13,8758.18,4,4,4,12,Champions
CUST02170,1,8,3498.24,4,4,3,11,Champions
CUST02171,278,7,3481.8500000000004,1,4,3,8,At Risk
CUST02172,52,7,3391.2,4,4,3,11,Champions
CUST02173,1,5,4317.82,4,3,4,11,Champions
CUST02174,72,6,3860.34,3,3,4,10,Champions
CUST02175,326,8,3118.9,1,4,3,8,At Risk
CUST02176,11,4,1514.28,4,2,2,8,Loyal Customers
CUST02177,455,4,1914.77,1,2,2,5,Hibernating / Lost
CUST02178,243,10,3911.4800000000005,2,4,4,10,Needs Attention
CUST02179,181,2,910.9300000000001,2,1,1,4,Other
CUST02180,157,6,1520.12,3,3,2,8,Loyal Customers
CUST02181,111,2,1069.3700000000001,3,1,1,5,Promising / New
CUST02182,276,2,591.03,1,1,1,3,Hibernating / Lost
CUST02183,98,7,5272.56,3,4,4,11,Champions
CUST02184,186,2,2016.1899999999998,2,1,2,5,Other
CUST02185,142,5,2649.81,3,3,3,9,Champions
CUST02186,160,4,2008.9200000000003,2,2,2,6,Needs Attention
CUST02187,343,2,499.28999999999996,1,1,1,3,Hibernating / Lost
CUST02188,199,6,6030.26,2,3,4,9,Needs Attention
CUST02189,252,5,3105.1499999999996,2,3,3,8,Needs Attention
CUST02190,136,6,2601.8399999999997,3,3,3,9,Champions
CUST02191,267,5,3215.89,2,3,3,8,Needs Attention
CUST02192,142,6,1952.13,3,3,2,8,Loyal Customers
CUST02193,237,2,2423.4900000000002,2,1,3,6,Other
CUST02194,352,6,4024.8300000000004,1,3,4,8,At Risk
CUST02195,83,1,544.52,3,1,1,5,Promising / New
CUST02196,63,3,1031.76,3,2,1,6,Loyal Customers
CUST02197,262,5,2686.11,2,3,3,8,Needs Attention
CUST02198,16,6,2228.6600000000003,4,3,2,9,Loyal Customers
CUST02199,59,3,908.3499999999999,3,2,1,6,Loyal Customers
CUST02200,53,2,384.83,4,1,1,6,Promising / New
CUST02201,288,6,2927.48,1,3,3,7,At Risk
CUST02202,479,4,1642.9299999999998,1,2,2,5,Hibernating / Lost
CUST02203,447,6,5249.75,1,3,4,8,At Risk
CUST02204,79,5,1405.63,3,3,2,8,Loyal Customers
CUST02205,202,5,2146.6000000000004,2,3,2,7,Needs Attention
CUST02206,78,5,4838.34,3,3,4,10,Champions
CUST02207,445,1,362.35,1,1,1,3,Hibernating / Lost
CUST02208,7,4,2097.06,4,2,2,8,Loyal Customers
CUST02209,211,4,3516.7799999999997,2,2,3,7,Needs Attention
CUST02210,34,2,259.51,4,1,1,6,Promising / New
CUST02211,137,2,1334.95,3,1,2,6,Promising / New
CUST02212,83,10,3952.4300000000003,3,4,4,11,Champions
CUST02213,203,2,629.0500000000001,2,1,1,4,Other
CUST02214,299,2,588.8199999999999,1,1,1,3,Hibernating / Lost
CUST02215,222,8,5261.6,2,4,4,10,Needs Attention
CUST02216,61,4,1575.48,3,2,2,7,Loyal Customers
CUST02217,216,6,4215.54,2,3,4,9,Needs Attention
CUST02218,1,7,4013.73,4,4,4,12,Champions
CUST02219,334,3,1143.77,1,2,1,4,Hibernating / Lost
CUST02220,409,2,932.91,1,1,1,3,Hibernating / Lost
CUST02221,6,4,4123.45,4,2,4,10,Loyal Customers
CUST02222,89,5,2152.56,3,3,2,8,Loyal Customers
CUST02223,324,8,3946.23,1,4,4,9,At Risk
CUST02224,185,4,1465.26,2,2,2,6,Needs Attention
CUST02225,150,2,269.37,3,1,1,5,Promising / New
CUST02226,74,2,1059.16,3,1,1,5,Promising / New
CUST02227,42,4,1134.15,4,2,1,7,Loyal Customers
CUST02228,15,5,2779.16,4,3,3,10,Champions
CUST02229,257,11,3757.1099999999997,2,4,4,10,Needs Attention
CUST02230,8,2,1197.59,4,1,1,6,Promising / New
CUST02231,88,2,912.0,3,1,1,5,Promising / New
CUST02232,470,4,2224.83,1,2,2,5,Hibernating / Lost
CUST02233,4,4,3194.71,4,2,3,9,Loyal Customers
CUST02234,239,5,3372.33,2,3,3,8,Needs Attention
CUST02235,200,3,1205.86,2,2,1,5,Needs Attention
CUST02236,73,6,5346.0599999999995,3,3,4,10,Champions
CUST02237,111,6,4676.77,3,3,4,10,Champions
CUST02238,383,1,1426.4,1,1,2,4,Hibernating / Lost
CUST02239,228,8,3144.1,2,4,3,9,Needs Attention
CUST02240,31,2,584.98,4,1,1,6,Promising / New
CUST02241,283,10,5651.57,1,4,4,9,At Risk
CUST02242,102,3,1458.05,3,2,2,7,Loyal Customers
CUST02243,145,8,3238.55,3,4,3,10,Champions
CUST02244,380,11,4424.1900000000005,1,4,4,9,At Risk
CUST02245,116,1,367.2,3,1,1,5,Promising / New
CUST02246,66,4,1074.42,3,2,1,6,Loyal Customers
CUST02247,166,5,1454.08,2,3,2,7,Needs Attention
CUST02248,383,5,2327.7200000000003,1,3,3,7,At Risk
CUST02249,428,2,87.83,1,1,1,3,Hibernating / Lost
CUST02250,193,6,3636.34,2,3,4,9,Needs Attention
CUST02251,211,4,691.84,2,2,1,5,Needs Attention
CUST02252,189,3,1856.42,2,2,2,6,Needs Attention
CUST02253,146,7,3526.86,3,4,3,10,Champions
CUST02254,103,1,442.67,3,1,1,5,Promising / New
CUST02255,349,10,4824.83,1,4,4,9,At Risk
CUST02256,152,2,375.29,3,1,1,5,Promising / New
CUST02257,80,6,2020.95,3,3,2,8,Loyal Customers
CUST02258,117,6,4202.5599999999995,3,3,4,10,Champions
CUST02259,404,5,2225.2,1,3,2,6,At Risk
CUST02260,1,1,481.66,4,1,1,6,Promising / New
CUST02261,385,9,4680.75,1,4,4,9,At Risk
CUST02262,1,7,3031.6,4,4,3,11,Champions
CUST02263,324,3,1538.6799999999998,1,2,2,5,Hibernating / Lost
CUST02264,243,4,2691.29,2,2,3,7,Needs Attention
CUST02265,376,8,3894.88,1,4,4,9,At Risk
CUST02266,470,1,221.79,1,1,1,3,Hibernating / Lost
CUST02267,129,7,4212.68,3,4,4,11,Champions
CUST02269,371,4,868.71,1,2,1,4,Hibernating / Lost
CUST02270,5,4,2328.1400000000003,4,2,3,9,Loyal Customers
CUST02271,13,8,4856.01,4,4,4,12,Champions
CUST02272,90,4,2144.23,3,2,2,7,Loyal Customers
CUST02273,355,5,3308.8,1,3,3,7,At Risk
CUST02274,96,11,3428.05,3,4,3,10,Champions
CUST02275,404,10,8055.18,1,4,4,9,At Risk
CUST02276,142,3,1340.3600000000001,3,2,2,7,Loyal Customers
CUST02277,431,1,78.22,1,1,1,3,Hibernating / Lost
CUST02278,134,3,2319.8199999999997,3,2,3,8,Loyal Customers
CUST02280,109,8,4260.900000000001,3,4,4,11,Champions
CUST02281,68,6,3632.1899999999996,3,3,4,10,Champions
CUST02282,333,1,46.73,1,1,1,3,Hibernating / Lost
CUST02283,326,9,2484.23,1,4,3,8,At Risk
CUST02284,51,9,5879.29,4,4,4,12,Champions
CUST02285,76,4,3187.27,3,2,3,8,Loyal Customers
CUST02286,62,2,1653.0,3,1,2,6,Promising / New
CUST02287,8,2,232.94,4,1,1,6,Promising / New
CUST02288,62,6,3262.0699999999997,3,3,3,9,Champions
CUST02289,7,8,4747.23,4,4,4,12,Champions
CUST02290,245,5,3464.67,2,3,3,8,Needs Attention
CUST02291,163,2,977.64,2,1,1,4,Other
CUST02292,269,3,786.56,2,2,1,5,Needs Attention
CUST02293,401,2,409.37,1,1,1,3,Hibernating / Lost
CUST02294,33,5,2900.98,4,3,3,10,Champions
CUST02295,24,6,2644.1099999999997,4,3,3,10,Champions
CUST02296,36,5,4109.3,4,3,4,11,Champions
CUST02297,219,5,3009.49,2,3,3,8,Needs Attention
CUST02298,119,4,3829.95,3,2,4,9,Loyal Customers
CUST02299,286,6,5412.72,1,3,4,8,At Risk
CUST02300,18,2,232.73000000000002,4,1,1,6,Promising / New
CUST02301,232,12,7104.41,2,4,4,10,Needs Attention
CUST02302,334,4,2208.87,1,2,2,5,Hibernating / Lost
CUST02303,218,2,953.74,2,1,1,4,Other
CUST02304,34,1,236.13,4,1,1,6,Promising / New
CUST02305,1,5,2995.79,4,3,3,10,Champions
CUST02306,417,3,642.82,1,2,1,4,Hibernating / Lost
CUST02307,199,14,6035.91,2,4,4,10,Needs Attention
CUST02308,286,8,2658.6499999999996,1,4,3,8,At Risk
CUST02309,52,6,1841.0800000000002,4,3,2,9,Loyal Customers
CUST02310,140,3,2295.34,3,2,2,7,Loyal Customers
CUST02311,241,11,4502.63,2,4,4,10,Needs Attention
CUST02312,391,4,1764.47,1,2,2,5,Hibernating / Lost
CUST02313,212,3,527.7199999999999,2,2,1,5,Needs Attention
CUST02314,144,5,2859.7599999999998,3,3,3,9,Champions
CUST02315,322,2,1955.51,1,1,2,4,Hibernating / Lost
CUST02316,444,5,3897.77,1,3,4,8,At Risk
CUST02318,204,6,2553.48,2,3,3,8,Needs Attention
CUST02319,40,4,1606.0,4,2,2,8,Loyal Customers
CUST02320,82,2,1070.12,3,1,1,5,Promising / New
CUST02321,254,3,2465.91,2,2,3,7,Needs Attention
CUST02322,302,4,1370.46,1,2,2,5,Hibernating / Lost
CUST02323,219,4,1997.9500000000005,2,2,2,6,Needs Attention
CUST02324,33,3,1137.8400000000001,4,2,1,7,Loyal Customers
CUST02325,94,5,2295.1,3,3,2,8,Loyal Customers
CUST02326,50,7,3312.42,4,4,3,11,Champions
CUST02327,326,6,3789.8199999999997,1,3,4,8,At Risk
CUST02328,248,4,1261.41,2,2,1,5,Needs Attention
CUST02329,410,3,2454.79,1,2,3,6,Hibernating / Lost
CUST02330,406,4,3619.9900000000002,1,2,4,7,Hibernating / Lost
CUST02331,228,5,1755.29,2,3,2,7,Needs Attention
CUST02332,13,3,2103.96,4,2,2,8,Loyal Customers
CUST02333,215,6,5108.75,2,3,4,9,Needs Attention
CUST02334,66,2,1513.92,3,1,2,6,Promising / New
CUST02335,176,4,1435.8899999999999,2,2,2,6,Needs Attention
CUST02336,175,6,2762.53,2,3,3,8,Needs Attention
CUST02337,225,7,2763.26,2,4,3,9,Needs Attention
CUST02338,56,2,793.4399999999999,4,1,1,6,Promising / New
CUST02339,470,4,5552.5199999999995,1,2,4,7,Hibernating / Lost
CUST02340,415,7,4192.42,1,4,4,9,At Risk
CUST02341,228,5,2541.6400000000003,2,3,3,8,Needs Attention
CUST02342,229,3,1812.61,2,2,2,6,Needs Attention
CUST02343,123,3,501.71,3,2,1,6,Loyal Customers
CUST02344,84,6,5283.65,3,3,4,10,Champions
CUST02345,98,6,4897.84,3,3,4,10,Champions
CUST02346,360,7,6194.2,1,4,4,9,At Risk
CUST02347,225,6,2890.92,2,3,3,8,Needs Attention
CUST02348,86,5,5381.13,3,3,4,10,Champions
CUST02349,87,5,1954.7800000000002,3,3,2,8,Loyal Customers
CUST02350,94,5,1975.9,3,3,2,8,Loyal Customers
CUST02351,116,6,3526.47,3,3,3,9,Champions
CUST02352,63,4,473.61,3,2,1,6,Loyal Customers
CUST02353,60,4,1658.21,3,2,2,7,Loyal Customers
CUST02354,263,5,2425.9700000000003,2,3,3,8,Needs Attention
CUST02355,162,4,1530.95,2,2,2,6,Needs Attention
CUST02357,142,6,2713.17,3,3,3,9,Champions
CUST02358,258,4,3420.38,2,2,3,7,Needs Attention
CUST02359,84,10,6953.84,3,4,4,11,Champions
CUST02360,409,1,796.23,1,1,1,3,Hibernating / Lost
CUST02361,154,3,505.65,3,2,1,6,Loyal Customers
CUST02362,69,9,5995.820000000001,3,4,4,11,Champions
CUST02363,3,6,1911.49,4,3,2,9,Loyal Customers
CUST02364,264,3,1201.08,2,2,1,5,Needs Attention
CUST02365,58,3,676.94,4,2,1,7,Loyal Customers
CUST02366,412,3,2821.56,1,2,3,6,Hibernating / Lost
CUST02367,212,3,2370.61,2,2,3,7,Needs Attention
CUST02368,376,5,1603.0400000000002,1,3,2,6,At Risk
CUST02369,355,5,4671.03,1,3,4,8,At Risk
CUST02370,234,4,1592.7500000000002,2,2,2,6,Needs Attention
CUST02372,8,6,1625.6299999999999,4,3,2,9,Loyal Customers
CUST02373,323,2,248.26999999999998,1,1,1,3,Hibernating / Lost
CUST02374,228,2,1676.87,2,1,2,5,Other
CUST02375,140,3,2311.21,3,2,2,7,Loyal Customers
CUST02376,3,4,1256.6200000000001,4,2,1,7,Loyal Customers
CUST02377,47,8,4526.52,4,4,4,12,Champions
CUST02378,328,7,4396.74,1,4,4,9,At Risk
CUST02379,7,1,41.1,4,1,1,6,Promising / New
CUST02380,79,6,4298.4,3,3,4,10,Champions
CUST02381,270,2,1118.03,2,1,1,4,Other
CUST02382,182,3,1384.19,2,2,2,6,Needs Attention
CUST02383,5,4,2908.29,4,2,3,9,Loyal Customers
CUST02384,220,4,4093.48,2,2,4,8,Needs Attention
CUST02385,122,4,2205.69,3,2,2,7,Loyal Customers
CUST02387,8,6,2209.0299999999997,4,3,2,9,Loyal Customers
CUST02388,4,3,2336.13,4,2,3,9,Loyal Customers
CUST02389,11,5,3593.16,4,3,4,11,Champions
CUST02390,35,2,1514.58,4,1,2,7,Promising / New
CUST02391,262,8,4662.9,2,4,4,10,Needs Attention
CUST02392,400,2,1387.2,1,1,2,4,Hibernating / Lost
CUST02393,70,5,2612.62,3,3,3,9,Champions
CUST02394,320,10,7394.47,1,4,4,9,At Risk
CUST02395,235,2,1667.8,2,1,2,5,Other
CUST02396,156,1,424.54,3,1,1,5,Promising / New
CUST02397,13,3,1097.04,4,2,1,7,Loyal Customers
CUST02398,252,7,3080.87,2,4,3,9,Needs Attention
CUST02399,77,7,4380.51,3,4,4,11,Champions
CUST02400,68,4,3659.3900000000003,3,2,4,9,Loyal Customers
CUST02401,460,4,1497.83,1,2,2,5,Hibernating / Lost
CUST02402,127,5,2622.2999999999997,3,3,3,9,Champions
CUST02403,29,5,1225.67,4,3,1,8,Loyal Customers
CUST02404,166,3,2662.27,2,2,3,7,Needs Attention
CUST02405,133,2,448.70000000000005,3,1,1,5,Promising / New
CUST02407,297,6,2905.44,1,3,3,7,At Risk
CUST02408,74,4,1733.08,3,2,2,7,Loyal Customers
CUST02409,208,4,2213.69,2,2,2,6,Needs Attention
CUST02410,408,5,2834.12,1,3,3,7,At Risk
CUST02411,208,2,1058.41,2,1,1,4,Other
CUST02412,434,1,1126.77,1,1,1,3,Hibernating / Lost
CUST02413,8,3,2496.75,4,2,3,9,Loyal Customers
CUST02414,155,7,3214.1499999999996,3,4,3,10,Champions
CUST02415,299,6,1988.8,1,3,2,6,At Risk
CUST02416,181,5,3344.1400000000003,2,3,3,8,Needs Attention
CUST02417,185,3,1689.88,2,2,2,6,Needs Attention
CUST02418,322,4,2387.53,1,2,3,6,Hibernating / Lost
CUST02419,289,4,2829.94,1,2,3,6,Hibernating / Lost
CUST02420,255,8,4969.37,2,4,4,10,Needs Attention
CUST02421,386,3,1446.5300000000002,1,2,2,5,Hibernating / Lost
CUST02422,110,5,2251.54,3,3,2,8,Loyal Customers
CUST02423,141,7,2682.39,3,4,3,10,Champions
CUST02424,40,6,4360.59,4,3,4,11,Champions
CUST02425,222,7,4640.18,2,4,4,10,Needs Attention
CUST02426,115,6,2639.0299999999997,3,3,3,9,Champions
CUST02427,1,6,3915.1000000000004,4,3,4,11,Champions
CUST02428,194,5,3262.2999999999997,2,3,3,8,Needs Attention
CUST02429,54,4,2545.8,4,2,3,9,Loyal Customers
CUST02430,229,5,1560.6200000000001,2,3,2,7,Needs Attention
CUST02431,107,2,2090.03,3,1,2,6,Promising / New
CUST02432,234,8,6999.89,2,4,4,10,Needs Attention
CUST02433,239,8,5712.15,2,4,4,10,Needs Attention
CUST02434,340,6,3967.49,1,3,4,8,At Risk
CUST02435,57,2,725.04,4,1,1,6,Promising / New
CUST02436,149,2,1193.6100000000001,3,1,1,5,Promising / New
CUST02437,168,3,842.1300000000001,2,2,1,5,Needs Attention
CUST02438,121,5,3618.72,3,3,4,10,Champions
CUST02439,52,4,1953.81,4,2,2,8,Loyal Customers
CUST02440,268,4,1601.8400000000001,2,2,2,6,Needs Attention
CUST02441,299,3,543.0500000000001,1,2,1,4,Hibernating / Lost
CUST02442,514,1,565.9300000000001,1,1,1,3,Hibernating / Lost
CUST02443,73,2,1231.81,3,1,1,5,Promising / New
CUST02444,176,3,820.26,2,2,1,5,Needs Attention
CUST02446,8,5,3456.31,4,3,3,10,Champions
CUST02447,18,3,784.8299999999999,4,2,1,7,Loyal Customers
CUST02448,37,5,1768.2,4,3,2,9,Loyal Customers
CUST02449,52,5,2782.84,4,3,3,10,Champions
CUST02450,367,6,3013.2200000000003,1,3,3,7,At Risk
CUST02451,26,1,94.2,4,1,1,6,Promising / New
CUST02452,20,5,2117.63,4,3,2,9,Loyal Customers
CUST02453,22,12,5536.72,4,4,4,12,Champions
CUST02454,285,1,220.2,1,1,1,3,Hibernating / Lost
CUST02455,53,3,1341.24,4,2,2,8,Loyal Customers
CUST02456,204,8,2113.47,2,4,2,8,Needs Attention
CUST02457,38,1,59.09,4,1,1,6,Promising / New
CUST02458,8,4,2584.84,4,2,3,9,Loyal Customers
CUST02459,245,3,1144.44,2,2,1,5,Needs Attention
CUST02460,501,1,521.99,1,1,1,3,Hibernating / Lost
CUST02461,323,5,1985.1200000000001,1,3,2,6,At Risk
CUST02462,274,10,9387.380000000001,1,4,4,9,At Risk
CUST02463,172,7,2616.21,2,4,3,9,Needs Attention
CUST02464,188,5,3707.2400000000002,2,3,4,9,Needs Attention
CUST02465,105,5,1507.32,3,3,2,8,Loyal Customers
CUST02466,224,3,1128.96,2,2,1,5,Needs Attention
CUST02467,262,4,663.7,2,2,1,5,Needs Attention
CUST02468,164,4,1665.3899999999999,2,2,2,6,Needs Attention
CUST02469,447,8,6109.93,1,4,4,9,At Risk
CUST02470,331,4,1822.72,1,2,2,5,Hibernating / Lost
CUST02471,26,7,4612.5199999999995,4,4,4,12,Champions
CUST02472,357,2,1190.3200000000002,1,1,1,3,Hibernating / Lost
CUST02473,203,8,4385.820000000001,2,4,4,10,Needs Attention
CUST02474,370,2,3399.59,1,1,3,5,Hibernating / Lost
CUST02475,443,2,988.6600000000001,1,1,1,3,Hibernating / Lost
CUST02476,233,4,2332.74,2,2,3,7,Needs Attention
CUST02477,242,5,2990.36,2,3,3,8,Needs Attention
CUST02478,401,2,576.8800000000001,1,1,1,3,Hibernating / Lost
CUST02479,433,7,4294.6,1,4,4,9,At Risk
CUST02480,332,3,2831.17,1,2,3,6,Hibernating / Lost
CUST02481,68,3,477.19,3,2,1,6,Loyal Customers
CUST02482,24,5,2597.7000000000003,4,3,3,10,Champions
CUST02483,397,6,2317.9700000000003,1,3,3,7,At Risk
CUST02484,112,6,4666.46,3,3,4,10,Champions
CUST02485,153,3,1156.21,3,2,1,6,Loyal Customers
CUST02486,306,7,3002.43,1,4,3,8,At Risk
CUST02487,186,4,2772.27,2,2,3,7,Needs Attention
CUST02488,236,2,683.5,2,1,1,4,Other
CUST02489,189,7,2803.92,2,4,3,9,Needs Attention
CUST02490,286,14,8177.51,1,4,4,9,At Risk
CUST02491,275,10,4897.08,1,4,4,9,At Risk
CUST02492,187,4,3732.98,2,2,4,8,Needs Attention
CUST02493,3,4,4332.549999999999,4,2,4,10,Loyal Customers
CUST02494,115,1,502.08,3,1,1,5,Promising / New
CUST02495,275,8,5777.73,1,4,4,9,At Risk
CUST02496,403,1,318.61,1,1,1,3,Hibernating / Lost
CUST02497,20,3,2641.5,4,2,3,9,Loyal Customers
CUST02498,2,2,532.38,4,1,1,6,Promising / New
CUST02499,397,6,1607.41,1,3,2,6,At Risk
CUST02500,2,7,2542.59,4,4,3,11,Champions
CUST02501,131,4,3634.0,3,2,4,9,Loyal Customers
CUST02502,250,3,2441.4300000000003,2,2,3,7,Needs Attention
CUST02503,42,1,514.5,4,1,1,6,Promising / New
CUST02504,208,1,86.1,2,1,1,4,Other
CUST02505,365,4,758.0,1,2,1,4,Hibernating / Lost
CUST02506,291,5,2274.92,1,3,2,6,At Risk
CUST02507,208,4,2949.42,2,2,3,7,Needs Attention
CUST02508,117,5,2574.6099999999997,3,3,3,9,Champions
CUST02509,295,3,2228.34,1,2,2,5,Hibernating / Lost
CUST02510,264,11,5847.73,2,4,4,10,Needs Attention
CUST02511,321,3,2009.56,1,2,2,5,Hibernating / Lost
CUST02512,48,2,701.03,4,1,1,6,Promising / New
CUST02513,1,7,3552.4,4,4,3,11,Champions
CUST02514,114,2,1732.7800000000004,3,1,2,6,Promising / New
CUST02515,437,6,5316.25,1,3,4,8,At Risk
CUST02516,45,1,235.35,4,1,1,6,Promising / New
CUST02517,97,5,3774.88,3,3,4,10,Champions
CUST02518,211,6,2536.52,2,3,3,8,Needs Attention
CUST02519,167,2,654.6600000000001,2,1,1,4,Other
CUST02520,1,4,3024.09,4,2,3,9,Loyal Customers
CUST02521,296,3,2287.35,1,2,2,5,Hibernating / Lost
CUST02522,496,3,2665.7799999999997,1,2,3,6,Hibernating / Lost
CUST02523,376,8,4105.52,1,4,4,9,At Risk
CUST02524,297,5,4407.6,1,3,4,8,At Risk
CUST02525,364,5,1967.98,1,3,2,6,At Risk
CUST02526,307,3,1563.8400000000001,1,2,2,5,Hibernating / Lost
CUST02527,240,3,1762.9500000000003,2,2,2,6,Needs Attention
CUST02528,14,7,4172.9400000000005,4,4,4,12,Champions
CUST02529,286,9,4039.65,1,4,4,9,At Risk
CUST02530,162,2,1313.3000000000002,2,1,1,4,Other
CUST02531,16,3,473.38,4,2,1,7,Loyal Customers
CUST02532,46,4,1055.4099999999999,4,2,1,7,Loyal Customers
CUST02533,3,6,4274.15,4,3,4,11,Champions
CUST02534,415,8,4781.400000000001,1,4,4,9,At Risk
CUST02535,3,7,3322.59,4,4,3,11,Champions
CUST02536,1,4,2477.21,4,2,3,9,Loyal Customers
CUST02537,270,6,4668.16,2,3,4,9,Needs Attention
CUST02538,223,6,2972.7799999999997,2,3,3,8,Needs Attention
CUST02539,197,6,5252.2300000000005,2,3,4,9,Needs Attention
CUST02540,186,3,1239.44,2,2,1,5,Needs Attention
CUST02541,330,5,6551.76,1,3,4,8,At Risk
CUST02542,3,4,2945.9700000000003,4,2,3,9,Loyal Customers
CUST02543,8,6,1812.34,4,3,2,9,Loyal Customers
CUST02544,127,10,6485.51,3,4,4,11,Champions
CUST02545,16,4,732.5,4,2,1,7,Loyal Customers
CUST02546,222,4,1986.6,2,2,2,6,Needs Attention
CUST02547,74,5,2970.9700000000003,3,3,3,9,Champions
CUST02548,10,9,4344.1,4,4,4,12,Champions
CUST02549,211,3,846.2900000000001,2,2,1,5,Needs Attention
CUST02550,403,4,1194.51,1,2,1,4,Hibernating / Lost
CUST02551,149,9,3871.6600000000003,3,4,4,11,Champions
CUST02552,262,2,1886.94,2,1,2,5,Other
CUST02553,158,8,5150.17,3,4,4,11,Champions
CUST02554,399,6,3711.83,1,3,4,8,At Risk
CUST02555,1,4,3392.61,4,2,3,9,Loyal Customers
CUST02556,292,7,2738.58,1,4,3,8,At Risk
CUST02557,105,1,669.76,3,1,1,5,Promising / New
CUST02558,40,6,3833.81,4,3,4,11,Champions
CUST02559,365,11,6198.530000000001,1,4,4,9,At Risk
CUST02560,155,2,1222.1399999999999,3,1,1,5,Promising / New
CUST02561,70,4,1699.34,3,2,2,7,Loyal Customers
CUST02562,310,11,4673.16,1,4,4,9,At Risk
CUST02563,129,2,1140.47,3,1,1,5,Promising / New
CUST02564,294,2,746.91,1,1,1,3,Hibernating / Lost
CUST02565,33,7,3591.2200000000003,4,4,4,12,Champions
CUST02566,234,12,6024.16,2,4,4,10,Needs Attention
CUST02567,21,3,1610.96,4,2,2,8,Loyal Customers
CUST02568,60,4,3186.4,3,2,3,8,Loyal Customers
CUST02569,25,3,1880.9199999999998,4,2,2,8,Loyal Customers
CUST02570,3,12,6011.900000000001,4,4,4,12,Champions
CUST02571,32,7,5551.73,4,4,4,12,Champions
CUST02572,19,2,747.87,4,1,1,6,Promising / New
CUST02573,102,3,1044.76,3,2,1,6,Loyal Customers
CUST02574,215,7,2507.58,2,4,3,9,Needs Attention
CUST02575,79,3,934.1800000000001,3,2,1,6,Loyal Customers
CUST02576,343,1,227.79,1,1,1,3,Hibernating / Lost
CUST02577,261,3,1526.8600000000001,2,2,2,6,Needs Attention
CUST02578,196,3,1665.4499999999998,2,2,2,6,Needs Attention
CUST02579,5,4,3278.4500000000003,4,2,3,9,Loyal Customers
CUST02580,209,2,1191.8500000000001,2,1,1,4,Other
CUST02581,305,4,1039.5700000000002,1,2,1,4,Hibernating / Lost
CUST02582,136,8,4367.88,3,4,4,11,Champions
CUST02583,285,5,1945.74,1,3,2,6,At Risk
CUST02584,118,1,893.29,3,1,1,5,Promising / New
CUST02585,167,10,5608.39,2,4,4,10,Needs Attention
CUST02586,210,2,871.34,2,1,1,4,Other
CUST02587,161,6,2489.29,2,3,3,8,Needs Attention
CUST02588,336,3,1692.24,1,2,2,5,Hibernating / Lost
CUST02589,4,3,2518.04,4,2,3,9,Loyal Customers
CUST02590,308,4,3871.16,1,2,4,7,Hibernating / Lost
CUST02591,428,6,4770.74,1,3,4,8,At Risk
CUST02592,306,3,1722.17,1,2,2,5,Hibernating / Lost
CUST02593,204,7,3839.7,2,4,4,10,Needs Attention
CUST02594,391,1,893.05,1,1,1,3,Hibernating / Lost
CUST02595,280,4,1859.3700000000001,1,2,2,5,Hibernating / Lost
CUST02596,327,4,1541.5499999999997,1,2,2,5,Hibernating / Lost
CUST02597,158,5,2837.71,3,3,3,9,Champions
CUST02598,60,2,2155.17,3,1,2,6,Promising / New
CUST02599,5,5,2975.08,4,3,3,10,Champions
CUST02600,280,3,468.40999999999997,1,2,1,4,Hibernating / Lost
CUST02601,8,3,1257.39,4,2,1,7,Loyal Customers
CUST02602,397,1,644.22,1,1,1,3,Hibernating / Lost
CUST02603,92,6,2666.7999999999997,3,3,3,9,Champions
CUST02604,124,6,2236.41,3,3,2,8,Loyal Customers
CUST02605,96,4,4278.87,3,2,4,9,Loyal Customers
CUST02606,4,3,724.8000000000001,4,2,1,7,Loyal Customers
CUST02607,198,12,4613.47,2,4,4,10,Needs Attention
CUST02608,337,5,2035.0500000000002,1,3,2,6,At Risk
CUST02609,217,5,3397.38,2,3,3,8,Needs Attention
CUST02610,34,6,3592.0099999999998,4,3,4,11,Champions
CUST02611,9,3,1624.11,4,2,2,8,Loyal Customers
CUST02612,25,3,1382.97,4,2,2,8,Loyal Customers
CUST02613,429,3,713.01,1,2,1,4,Hibernating / Lost
CUST02614,183,5,1586.38,2,3,2,7,Needs Attention
CUST02615,333,3,747.1099999999999,1,2,1,4,Hibernating / Lost
CUST02616,112,3,1816.3199999999997,3,2,2,7,Loyal Customers
CUST02617,1,8,2220.24,4,4,2,10,Loyal Customers
CUST02618,94,8,2516.1800000000003,3,4,3,10,Champions
CUST02619,129,4,3015.8500000000004,3,2,3,8,Loyal Customers
CUST02620,2,7,4251.78,4,4,4,12,Champions
CUST02621,18,6,4840.48,4,3,4,11,Champions
CUST02622,297,2,2512.3599999999997,1,1,3,5,Hibernating / Lost
CUST02623,275,2,1186.77,1,1,1,3,Hibernating / Lost
CUST02624,20,1,83.84,4,1,1,6,Promising / New
CUST02625,27,2,879.5600000000001,4,1,1,6,Promising / New
CUST02626,123,3,691.53,3,2,1,6,Loyal Customers
CUST02627,4,7,4880.920000000001,4,4,4,12,Champions
CUST02628,426,1,633.63,1,1,1,3,Hibernating / Lost
CUST02629,175,4,3184.52,2,2,3,7,Needs Attention
CUST02630,513,2,912.24,1,1,1,3,Hibernating / Lost
CUST02631,30,2,1117.1399999999999,4,1,1,6,Promising / New
CUST02632,127,7,4048.6499999999996,3,4,4,11,Champions
CUST02633,9,9,5590.83,4,4,4,12,Champions
CUST02634,75,2,902.09,3,1,1,5,Promising / New
CUST02635,226,3,1602.15,2,2,2,6,Needs Attention
CUST02636,492,3,303.15999999999997,1,2,1,4,Hibernating / Lost
CUST02637,90,4,2948.55,3,2,3,8,Loyal Customers
CUST02638,43,2,2824.2200000000003,4,1,3,8,Promising / New
CUST02639,378,2,935.8800000000001,1,1,1,3,Hibernating / Lost
CUST02640,2,5,2409.23,4,3,3,10,Champions
CUST02641,229,4,3252.2300000000005,2,2,3,7,Needs Attention
CUST02642,240,9,4455.18,2,4,4,10,Needs Attention
CUST02643,201,8,4898.33,2,4,4,10,Needs Attention
CUST02644,144,3,2622.74,3,2,3,8,Loyal Customers
CUST02645,219,4,2198.6699999999996,2,2,2,6,Needs Attention
CUST02646,458,2,873.51,1,1,1,3,Hibernating / Lost
CUST02647,199,2,260.48,2,1,1,4,Other
CUST02648,73,3,1068.5900000000001,3,2,1,6,Loyal Customers
CUST02649,15,7,3125.78,4,4,3,11,Champions
CUST02650,338,1,196.49,1,1,1,3,Hibernating / Lost
CUST02651,22,9,5757.12,4,4,4,12,Champions
CUST02652,57,3,979.69,4,2,1,7,Loyal Customers
CUST02653,1,6,3438.6099999999997,4,3,3,10,Champions
CUST02654,226,7,3850.11,2,4,4,10,Needs Attention
CUST02655,2,5,2244.42,4,3,2,9,Loyal Customers
CUST02656,133,7,5278.33,3,4,4,11,Champions
CUST02657,287,5,6071.7,1,3,4,8,At Risk
CUST02658,366,2,424.68000000000006,1,1,1,3,Hibernating / Lost
CUST02659,91,8,5674.55,3,4,4,11,Champions
CUST02660,367,7,4303.02,1,4,4,9,At Risk
CUST02661,248,3,947.5699999999999,2,2,1,5,Needs Attention
CUST02662,62,6,3930.18,3,3,4,10,Champions
CUST02663,235,2,1012.6600000000001,2,1,1,4,Other
CUST02664,247,7,4773.63,2,4,4,10,Needs Attention
CUST02665,307,1,1027.73,1,1,1,3,Hibernating / Lost
CUST02666,185,9,3862.88,2,4,4,10,Needs Attention
CUST02667,97,4,3670.6800000000003,3,2,4,9,Loyal Customers
CUST02668,2,7,4584.8,4,4,4,12,Champions
CUST02669,425,3,1788.59,1,2,2,5,Hibernating / Lost
CUST02670,11,2,2643.0699999999997,4,1,3,8,Promising / New
CUST02671,60,4,1499.04,3,2,2,7,Loyal Customers
CUST02672,14,3,824.28,4,2,1,7,Loyal Customers
CUST02673,60,5,1854.04,3,3,2,8,Loyal Customers
CUST02674,383,5,1575.6399999999999,1,3,2,6,At Risk
CUST02675,12,6,3231.98,4,3,3,10,Champions
CUST02676,65,3,1548.4,3,2,2,7,Loyal Customers
CUST02677,8,3,1082.9099999999999,4,2,1,7,Loyal Customers
CUST02678,31,6,3679.6900000000005,4,3,4,11,Champions
CUST02679,8,2,1364.5900000000001,4,1,2,7,Promising / New
CUST02680,214,3,1571.8,2,2,2,6,Needs Attention
CUST02681,334,2,1957.4500000000003,1,1,2,4,Hibernating / Lost
CUST02682,365,8,3740.14,1,4,4,9,At Risk
CUST02683,243,3,1157.74,2,2,1,5,Needs Attention
CUST02684,58,7,5183.25,4,4,4,12,Champions
CUST02685,150,9,5302.610000000001,3,4,4,11,Champions
CUST02686,192,4,1263.9099999999999,2,2,1,5,Needs Attention
CUST02687,356,3,2721.24,1,2,3,6,Hibernating / Lost
CUST02688,64,6,1704.51,3,3,2,8,Loyal Customers
CUST02689,99,4,1319.1,3,2,2,7,Loyal Customers
CUST02690,2,7,4131.210000000001,4,4,4,12,Champions
CUST02691,78,2,1558.29,3,1,2,6,Promising / New
CUST02692,151,4,691.69,3,2,1,6,Loyal Customers
CUST02693,17,7,5477.24,4,4,4,12,Champions
CUST02694,5,6,3236.72,4,3,3,10,Champions
CUST02695,3,5,2059.4,4,3,2,9,Loyal Customers
CUST02696,300,10,3992.12,1,4,4,9,At Risk
CUST02697,163,4,1874.31,2,2,2,6,Needs Attention
CUST02698,284,5,1333.6100000000001,1,3,2,6,At Risk
CUST02699,272,4,921.0600000000001,2,2,1,5,Needs Attention
CUST02700,312,7,4076.13,1,4,4,9,At Risk
CUST02701,33,5,2407.0899999999997,4,3,3,10,Champions
CUST02702,93,4,3047.82,3,2,3,8,Loyal Customers
CUST02703,278,8,7205.95,1,4,4,9,At Risk
CUST02704,41,4,3835.02,4,2,4,10,Loyal Customers
CUST02705,263,5,4899.99,2,3,4,9,Needs Attention
CUST02706,348,2,1477.47,1,1,2,4,Hibernating / Lost
CUST02707,52,4,3569.15,4,2,4,10,Loyal Customers
CUST02708,227,5,1656.0700000000002,2,3,2,7,Needs Attention
CUST02709,99,3,1180.32,3,2,1,6,Loyal Customers
CUST02710,37,2,552.69,4,1,1,6,Promising / New
CUST02711,283,4,3406.06,1,2,3,6,Hibernating / Lost
CUST02712,458,4,2859.17,1,2,3,6,Hibernating / Lost
CUST02713,2,1,713.04,4,1,1,6,Promising / New
CUST02714,175,4,1834.04,2,2,2,6,Needs Attention
CUST02715,128,3,2493.7,3,2,3,8,Loyal Customers
CUST02716,179,4,1450.21,2,2,2,6,Needs Attention
CUST02717,259,4,1658.34,2,2,2,6,Needs Attention
CUST02718,118,3,1649.5,3,2,2,7,Loyal Customers
CUST02719,78,2,1865.98,3,1,2,6,Promising / New
CUST02720,295,4,1009.47,1,2,1,4,Hibernating / Lost
CUST02721,157,7,2523.2200000000003,3,4,3,10,Champions
CUST02722,93,9,4436.87,3,4,4,11,Champions
CUST02723,417,3,726.95,1,2,1,4,Hibernating / Lost
CUST02724,148,8,4835.07,3,4,4,11,Champions
CUST02725,70,8,2400.46,3,4,3,10,Champions
CUST02726,95,3,292.44,3,2,1,6,Loyal Customers
CUST02727,281,3,1219.31,1,2,1,4,Hibernating / Lost
CUST02728,215,7,3687.81,2,4,4,10,Needs Attention
CUST02729,191,5,2680.47,2,3,3,8,Needs Attention
CUST02730,56,2,653.11,4,1,1,6,Promising / New
CUST02731,2,6,2969.79,4,3,3,10,Champions
CUST02732,188,6,1931.17,2,3,2,7,Needs Attention
CUST02733,13,5,2099.66,4,3,2,9,Loyal Customers
CUST02734,236,4,1790.9299999999998,2,2,2,6,Needs Attention
CUST02735,203,8,4862.54,2,4,4,10,Needs Attention
CUST02736,435,3,1465.53,1,2,2,5,Hibernating / Lost
CUST02737,200,2,1232.19,2,1,1,4,Other
CUST02738,407,3,787.04,1,2,1,4,Hibernating / Lost
CUST02739,22,2,1457.12,4,1,2,7,Promising / New
CUST02740,328,2,2237.37,1,1,2,4,Hibernating / Lost
CUST02741,238,7,3221.46,2,4,3,9,Needs Attention
CUST02742,460,5,2746.33,1,3,3,7,At Risk
CUST02743,46,6,3581.69,4,3,4,11,Champions
CUST02744,5,1,1010.15,4,1,1,6,Promising / New
CUST02745,7,2,1297.0,4,1,1,6,Promising / New
CUST02746,273,9,4312.7300000000005,1,4,4,9,At Risk
CUST02747,368,5,2906.2700000000004,1,3,3,7,At Risk
CUST02748,31,5,2675.0699999999997,4,3,3,10,Champions
CUST02749,300,1,978.19,1,1,1,3,Hibernating / Lost
CUST02750,6,1,53.89,4,1,1,6,Promising / New
CUST02751,312,4,600.39,1,2,1,4,Hibernating / Lost
CUST02752,409,1,427.6,1,1,1,3,Hibernating / Lost
CUST02753,124,7,4198.29,3,4,4,11,Champions
CUST02755,1,7,3496.29,4,4,3,11,Champions
CUST02756,15,4,2766.2400000000002,4,2,3,9,Loyal Customers
CUST02757,43,4,1698.63,4,2,2,8,Loyal Customers
CUST02758,161,3,1114.75,2,2,1,5,Needs Attention
CUST02759,318,4,1944.17,1,2,2,5,Hibernating / Lost
CUST02760,191,7,4309.8099999999995,2,4,4,10,Needs Attention
CUST02761,233,8,3490.5999999999995,2,4,3,9,Needs Attention
CUST02762,231,8,3915.78,2,4,4,10,Needs Attention
CUST02763,263,6,3329.27,2,3,3,8,Needs Attention
CUST02764,508,3,1450.3400000000001,1,2,2,5,Hibernating / Lost
CUST02765,331,6,2734.66,1,3,3,7,At Risk
CUST02766,162,10,3402.52,2,4,3,9,Needs Attention
CUST02767,223,7,4666.34,2,4,4,10,Needs Attention
CUST02768,1,4,793.79,4,2,1,7,Loyal Customers
CUST02769,221,3,726.4000000000001,2,2,1,5,Needs Attention
CUST02770,1,7,3251.85,4,4,3,11,Champions
CUST02771,133,2,496.8,3,1,1,5,Promising / New
CUST02772,342,2,619.22,1,1,1,3,Hibernating / Lost
CUST02773,252,6,2030.75,2,3,2,7,Needs Attention
CUST02774,79,2,2188.0699999999997,3,1,2,6,Promising / New
CUST02775,233,1,217.72,2,1,1,4,Other
CUST02776,147,7,3657.78,3,4,4,11,Champions
CUST02777,100,3,1056.92,3,2,1,6,Loyal Customers
CUST02778,5,5,2704.86,4,3,3,10,Champions
CUST02779,318,1,29.52,1,1,1,3,Hibernating / Lost
CUST02780,344,4,4137.3099999999995,1,2,4,7,Hibernating / Lost
CUST02781,204,2,1379.0500000000002,2,1,2,5,Other
CUST02782,11,2,1671.17,4,1,2,7,Promising / New
CUST02783,58,6,3410.5,4,3,3,10,Champions
CUST02784,76,6,2567.31,3,3,3,9,Champions
CUST02785,11,8,5084.5,4,4,4,12,Champions
CUST02786,259,3,1461.87,2,2,2,6,Needs Attention
CUST02787,287,7,2712.3599999999997,1,4,3,8,At Risk
CUST02788,463,4,2636.6400000000003,1,2,3,6,Hibernating / Lost
CUST02789,321,7,4489.83,1,4,4,9,At Risk
CUST02790,23,3,2747.27,4,2,3,9,Loyal Customers
CUST02791,4,8,4531.2300000000005,4,4,4,12,Champions
CUST02792,225,2,538.1800000000001,2,1,1,4,Other
CUST02793,106,3,2286.7699999999995,3,2,2,7,Loyal Customers
CUST02794,191,5,1963.55,2,3,2,7,Needs Attention
CUST02795,269,5,3411.96,2,3,3,8,Needs Attention
CUST02796,18,1,503.95,4,1,1,6,Promising / New
CUST02797,53,2,139.60999999999999,4,1,1,6,Promising / New
CUST02798,27,10,5083.67,4,4,4,12,Champions
CUST02799,51,5,4089.9,4,3,4,11,Champions
CUST02800,168,11,5256.67,2,4,4,10,Needs Attention
CUST02801,31,5,2037.19,4,3,2,9,Loyal Customers
CUST02802,254,5,1858.34,2,3,2,7,Needs Attention
CUST02803,1,14,6665.02,4,4,4,12,Champions
CUST02804,420,7,4368.5199999999995,1,4,4,9,At Risk
CUST02805,374,5,3237.19,1,3,3,7,At Risk
CUST02806,6,3,865.84,4,2,1,7,Loyal Customers
CUST02807,342,5,4032.92,1,3,4,8,At Risk
CUST02808,235,4,1834.72,2,2,2,6,Needs Attention
CUST02809,38,5,998.9499999999999,4,3,1,8,Loyal Customers
CUST02810,288,4,2549.87,1,2,3,6,Hibernating / Lost
CUST02811,122,9,4577.41,3,4,4,11,Champions
CUST02812,143,6,3907.51,3,3,4,10,Champions
CUST02813,224,5,2331.5,2,3,3,8,Needs Attention
CUST02814,1,7,2423.76,4,4,3,11,Champions
CUST02815,295,9,2438.83,1,4,3,8,At Risk
CUST02816,332,9,6719.870000000001,1,4,4,9,At Risk
CUST02817,122,6,3824.38,3,3,4,10,Champions
CUST02818,48,3,2594.62,4,2,3,9,Loyal Customers
CUST02819,341,8,2499.48,1,4,3,8,At Risk
CUST02820,9,11,5827.969999999999,4,4,4,12,Champions
CUST02821,105,3,3350.69,3,2,3,8,Loyal Customers
CUST02822,26,2,1158.29,4,1,1,6,Promising / New
CUST02823,391,3,951.3700000000001,1,2,1,4,Hibernating / Lost
CUST02824,1,16,13130.050000000001,4,4,4,12,Champions
CUST02825,70,6,1432.73,3,3,2,8,Loyal Customers
CUST02826,19,1,267.34000000000003,4,1,1,6,Promising / New
CUST02827,141,2,815.91,3,1,1,5,Promising / New
CUST02828,6,7,2485.5299999999997,4,4,3,11,Champions
CUST02829,76,9,6978.87,3,4,4,11,Champions
CUST02830,263,5,2948.98,2,3,3,8,Needs Attention
CUST02831,4,10,5753.919999999999,4,4,4,12,Champions
CUST02832,21,6,3073.7000000000003,4,4,3,11,Champions
CUST02833,330,5,3229.74,1,3,3,7,At Risk
CUST02834,136,6,5145.85,3,4,4,11,Champions
CUST02835,299,5,2082.11,1,3,2,6,At Risk
CUST02836,144,6,2304.3199999999997,3,4,2,9,Loyal Customers
CUST02837,5,3,1685.3400000000001,4,2,2,8,Loyal Customers
CUST02838,3,9,3196.07,4,4,3,11,Champions
CUST02839,388,1,405.65,1,1,1,3,Hibernating / Lost
CUST02840,8,2,1275.75,4,1,1,6,Promising / New
CUST02841,212,3,2221.82,2,2,2,6,Needs Attention
CUST02842,128,1,16.42,3,1,1,5,Promising / New
CUST02843,10,6,1861.28,4,4,2,10,Loyal Customers
CUST02844,211,2,276.7,2,1,1,4,Other
CUST02845,182,4,1290.02,2,2,1,5,Needs Attention
CUST02846,37,4,939.54,4,2,1,7,Loyal Customers
CUST02847,38,5,1989.11,4,3,2,9,Loyal Customers
CUST02848,290,7,4716.4400000000005,1,4,4,9,At Risk
CUST02849,230,2,1570.9500000000003,2,1,2,5,Other
CUST02850,192,7,1834.26,2,4,2,8,Needs Attention
CUST02851,218,10,5193.21,2,4,4,10,Needs Attention
CUST02852,219,4,1243.45,2,2,1,5,Needs Attention
CUST02853,322,2,92.58,1,1,1,3,Hibernating / Lost
CUST02854,421,7,2396.17,1,4,3,8,At Risk
CUST02855,68,3,2730.37,3,2,3,8,Loyal Customers
CUST02856,280,5,2557.33,1,3,3,7,At Risk
CUST02857,196,4,3493.81,2,2,3,7,Needs Attention
CUST02858,52,2,2367.73,4,1,3,8,Promising / New
CUST02859,119,5,4282.07,3,3,4,10,Champions
CUST02860,235,4,1052.63,2,2,1,5,Needs Attention
CUST02861,155,4,1933.12,3,2,2,7,Loyal Customers
CUST02862,18,5,4598.34,4,3,4,11,Champions
CUST02863,33,7,3455.66,4,4,3,11,Champions
CUST02864,183,1,97.49,2,1,1,4,Other
CUST02865,326,11,5178.72,1,4,4,9,At Risk
CUST02866,462,4,1935.0899999999997,1,2,2,5,Hibernating / Lost
CUST02867,281,2,646.65,1,1,1,3,Hibernating / Lost
CUST02868,212,3,960.84,2,2,1,5,Needs Attention
CUST02869,17,3,1435.68,4,2,2,8,Loyal Customers
CUST02870,275,2,2242.38,1,1,2,4,Hibernating / Lost
CUST02871,366,4,2311.45,1,2,2,5,Hibernating / Lost
CUST02872,2,5,2633.9,4,3,3,10,Champions
CUST02873,61,4,3328.2000000000003,3,2,3,8,Loyal Customers
CUST02874,294,4,1256.32,1,2,1,4,Hibernating / Lost
CUST02875,83,2,1279.38,3,1,1,5,Promising / New
CUST02876,157,2,1504.31,3,1,2,6,Promising / New
CUST02877,49,4,1519.81,4,2,2,8,Loyal Customers
CUST02878,16,4,3840.2300000000005,4,2,4,10,Loyal Customers
CUST02879,28,4,3125.9999999999995,4,2,3,9,Loyal Customers
CUST02880,1,6,2860.82,4,4,3,11,Champions
CUST02881,442,7,3134.32,1,4,3,8,At Risk
CUST02882,251,5,1808.6899999999998,2,3,2,7,Needs Attention
CUST02883,157,4,2599.65,3,2,3,8,Loyal Customers
CUST02884,489,2,2109.35,1,1,2,4,Hibernating / Lost
CUST02885,183,7,4582.48,2,4,4,10,Needs Attention
CUST02886,432,4,1586.23,1,2,2,5,Hibernating / Lost
CUST02887,3,5,1869.24,4,3,2,9,Loyal Customers
CUST02888,250,8,6598.21,2,4,4,10,Needs Attention
CUST02889,399,4,2619.25,1,2,3,6,Hibernating / Lost
CUST02890,338,4,2717.09,1,2,3,6,Hibernating / Lost
CUST02891,243,1,427.87,2,1,1,4,Other
CUST02892,136,5,2382.65,3,3,3,9,Champions
CUST02893,97,4,1572.5300000000002,3,2,2,7,Loyal Customers
CUST02894,15,6,1104.55,4,4,1,9,Loyal Customers
CUST02895,257,8,6107.76,2,4,4,10,Needs Attention
CUST02896,100,4,1904.36,3,2,2,7,Loyal Customers
CUST02897,140,4,1268.15,3,2,1,6,Loyal Customers
CUST02898,48,2,459.21000000000004,4,1,1,6,Promising / New
CUST02899,47,3,1457.16,4,2,2,8,Loyal Customers
CUST02900,259,7,4115.26,2,4,4,10,Needs Attention
CUST02901,239,2,1991.5499999999997,2,1,2,5,Other
CUST02902,81,1,54.6,3,1,1,5,Promising / New
CUST02903,20,5,1760.9299999999998,4,3,2,9,Loyal Customers
CUST02904,189,4,1101.4,2,2,1,5,Needs Attention
CUST02905,150,2,1318.44,3,1,1,5,Promising / New
CUST02906,19,2,820.92,4,1,1,6,Promising / New
CUST02907,153,6,5455.89,3,4,4,11,Champions
CUST02908,1,4,1633.76,4,2,2,8,Loyal Customers
CUST02909,456,2,1871.2399999999998,1,1,2,4,Hibernating / Lost
CUST02910,209,1,412.05,2,1,1,4,Other
CUST02911,295,3,2104.45,1,2,2,5,Hibernating / Lost
CUST02912,249,9,2704.8599999999997,2,4,3,9,Needs Attention
CUST02913,152,5,2075.58,3,3,2,8,Loyal Customers
CUST02914,61,6,2434.98,3,4,3,10,Champions
CUST02915,181,2,420.24,2,1,1,4,Other
CUST02916,174,6,3309.3,2,4,3,9,Needs Attention
CUST02917,122,4,4367.98,3,2,4,9,Loyal Customers
CUST02918,17,5,2163.3,4,3,2,9,Loyal Customers
CUST02919,52,1,657.69,4,1,1,6,Promising / New
CUST02920,298,6,2051.4,1,4,2,7,At Risk
CUST02921,187,5,1462.03,2,3,2,7,Needs Attention
CUST02922,118,2,1587.48,3,1,2,6,Promising / New
CUST02923,453,4,1012.26,1,2,1,4,Hibernating / Lost
CUST02924,6,2,663.7900000000001,4,1,1,6,Promising / New
CUST02926,319,5,2287.24,1,3,2,6,At Risk
CUST02927,134,5,2204.66,3,3,2,8,Loyal Customers
CUST02928,352,4,1944.9099999999999,1,2,2,5,Hibernating / Lost
CUST02929,354,1,378.15,1,1,1,3,Hibernating / Lost
CUST02930,91,5,2725.01,3,3,3,9,Champions
CUST02931,187,4,1184.42,2,2,1,5,Needs Attention
CUST02932,93,10,2898.2200000000003,3,4,3,10,Champions
CUST02933,394,3,1894.4900000000002,1,2,2,5,Hibernating / Lost
CUST02934,230,2,1808.4,2,1,2,5,Other
CUST02935,17,3,1142.61,4,2,1,7,Loyal Customers
CUST02936,344,3,1417.68,1,2,2,5,Hibernating / Lost
CUST02937,89,5,2864.56,3,3,3,9,Champions
CUST02938,112,8,4991.87,3,4,4,11,Champions
CUST02940,387,6,4992.5,1,4,4,9,At Risk
CUST02941,19,5,2412.41,4,3,3,10,Champions
CUST02942,10,5,3516.38,4,3,3,10,Champions
CUST02943,40,3,2102.1,4,2,2,8,Loyal Customers
CUST02944,374,4,3959.5899999999997,1,2,4,7,Hibernating / Lost
CUST02945,53,12,4137.7300000000005,4,4,4,12,Champions
CUST02946,326,4,1237.6,1,2,1,4,Hibernating / Lost
CUST02947,3,5,1871.5900000000001,4,3,2,9,Loyal Customers
CUST02948,213,3,565.42,2,2,1,5,Needs Attention
CUST02949,221,7,4035.87,2,4,4,10,Needs Attention
CUST02950,182,3,1480.5700000000002,2,2,2,6,Needs Attention
CUST02951,369,5,2425.95,1,3,3,7,At Risk
CUST02952,148,3,2126.19,3,2,2,7,Loyal Customers
CUST02953,20,4,3361.8599999999997,4,2,3,9,Loyal Customers
CUST02954,193,3,1329.97,2,2,2,6,Needs Attention
CUST02955,319,4,1712.44,1,2,2,5,Hibernating / Lost
CUST02956,1,8,3761.14,4,4,4,12,Champions
CUST02957,441,14,4454.900000000001,1,4,4,9,At Risk
CUST02958,180,6,2782.29,2,4,3,9,Needs Attention
CUST02959,182,5,2014.16,2,3,2,7,Needs Attention
CUST02960,40,5,3635.3100000000004,4,3,4,11,Champions
CUST02961,8,3,3037.13,4,2,3,9,Loyal Customers
CUST02962,289,1,382.82,1,1,1,3,Hibernating / Lost
CUST02963,1,3,1231.53,4,2,1,7,Loyal Customers
CUST02965,141,1,193.74,3,1,1,5,Promising / New
CUST02966,199,9,6119.63,2,4,4,10,Needs Attention
CUST02967,223,1,162.25,2,1,1,4,Other
CUST02968,394,4,792.89,1,2,1,4,Hibernating / Lost
CUST02969,97,4,3122.42,3,2,3,8,Loyal Customers
CUST02970,111,8,4702.35,3,4,4,11,Champions
CUST02971,167,4,2846.69,2,2,3,7,Needs Attention
CUST02972,369,4,5289.43,1,2,4,7,Hibernating / Lost
CUST02973,186,5,2068.68,2,3,2,7,Needs Attention
CUST02974,2,7,4716.18,4,4,4,12,Champions
CUST02975,389,2,878.9300000000001,1,1,1,3,Hibernating / Lost
CUST02976,205,3,589.83,2,2,1,5,Needs Attention
CUST02977,204,5,2826.69,2,3,3,8,Needs Attention
CUST02978,20,5,4138.7,4,3,4,11,Champions
CUST02979,280,6,1267.23,1,4,1,6,At Risk
CUST02980,167,5,2764.04,2,3,3,8,Needs Attention
CUST02981,20,2,2084.3100000000004,4,1,2,7,Promising / New
CUST02982,485,2,1048.1200000000001,1,1,1,3,Hibernating / Lost
CUST02983,35,5,4306.639999999999,4,3,4,11,Champions
CUST02984,65,2,854.94,3,1,1,5,Promising / New
CUST02985,83,3,2766.7200000000003,3,2,3,8,Loyal Customers
CUST02986,129,4,2125.16,3,2,2,7,Loyal Customers
CUST02987,75,6,4672.64,3,4,4,11,Champions
CUST02988,80,1,816.8399999999999,3,1,1,5,Promising / New
CUST02989,6,5,1825.1599999999999,4,3,2,9,Loyal Customers
CUST02990,180,4,1171.19,2,2,1,5,Needs Attention
CUST02991,55,9,4523.24,4,4,4,12,Champions
CUST02992,109,7,4709.59,3,4,4,11,Champions
CUST02993,274,5,2323.56,1,3,3,7,At Risk
CUST02994,24,5,2183.27,4,3,2,9,Loyal Customers
CUST02995,62,4,1710.22,3,2,2,7,Loyal Customers
CUST02996,140,4,3648.0400000000004,3,2,4,9,Loyal Customers
CUST02997,252,4,2427.78,2,2,3,7,Needs Attention
CUST02998,314,10,4611.92,1,4,4,9,At Risk
CUST02999,222,5,3149.0,2,3,3,8,Needs Attention
CUST03000,112,6,3379.4,3,4,3,10,Champions
CUST03001,37,4,1215.83,4,2,1,7,Loyal Customers
CUST03002,163,1,343.98,2,1,1,4,Other
CUST03003,9,4,1699.1,4,2,2,8,Loyal Customers
CUST03004,10,3,1279.97,4,2,1,7,Loyal Customers
CUST03005,123,4,2491.01,3,2,3,8,Loyal Customers
CUST03006,295,3,1469.57,1,2,2,5,Hibernating / Lost
CUST03007,75,6,3993.9700000000003,3,4,4,11,Champions
CUST03008,261,2,595.46,2,1,1,4,Other
CUST03009,164,3,2091.53,2,2,2,6,Needs Attention
CUST03010,42,5,2578.5099999999998,4,3,3,10,Champions
CUST03011,217,7,4452.09,2,4,4,10,Needs Attention
CUST03012,184,6,1998.56,2,4,2,8,Needs Attention
CUST03013,392,2,237.91,1,1,1,3,Hibernating / Lost
CUST03014,114,3,2133.09,3,2,2,7,Loyal Customers
CUST03015,212,1,910.34,2,1,1,4,Other
CUST03016,265,6,3633.58,2,4,4,10,Needs Attention
CUST03017,206,1,257.9,2,1,1,4,Other
CUST03018,295,12,8766.49,1,4,4,9,At Risk
CUST03019,186,5,4051.32,2,3,4,9,Needs Attention
CUST03020,78,2,1020.34,3,1,1,5,Promising / New
CUST03021,169,4,2665.2599999999998,2,2,3,7,Needs Attention
CUST03022,346,3,3160.74,1,2,3,6,Hibernating / Lost
CUST03023,204,1,75.3,2,1,1,4,Other
CUST03024,309,7,6406.9800000000005,1,4,4,9,At Risk
CUST03025,165,3,4107.85,2,2,4,8,Needs Attention
CUST03026,113,10,7481.57,3,4,4,11,Champions
CUST03027,405,3,1213.19,1,2,1,4,Hibernating / Lost
CUST03028,59,4,2419.2400000000002,3,2,3,8,Loyal Customers
CUST03029,167,4,3714.33,2,2,4,8,Needs Attention
CUST03030,1,4,2567.68,4,2,3,9,Loyal Customers
CUST03031,62,6,3119.57,3,4,3,10,Champions
CUST03032,260,5,2812.0099999999998,2,3,3,8,Needs Attention
CUST03033,140,8,2164.0699999999997,3,4,2,9,Loyal Customers
CUST03034,439,9,3270.82,1,4,3,8,At Risk
CUST03035,220,2,770.2800000000001,2,1,1,4,Other
CUST03036,7,1,310.73,4,1,1,6,Promising / New
CUST03037,71,4,1451.54,3,2,2,7,Loyal Customers
CUST03038,378,4,2762.44,1,2,3,6,Hibernating / Lost
CUST03039,265,5,1839.79,2,3,2,7,Needs Attention
CUST03040,397,7,4934.9400000000005,1,4,4,9,At Risk
CUST03041,261,4,1659.66,2,2,2,6,Needs Attention
CUST03042,174,6,4726.02,2,4,4,10,Needs Attention
CUST03043,267,1,305.87,2,1,1,4,Other
CUST03044,222,3,2310.61,2,2,2,6,Needs Attention
CUST03045,267,1,563.28,2,1,1,4,Other
CUST03046,21,8,4409.49,4,4,4,12,Champions
CUST03047,79,4,1632.2199999999998,3,2,2,7,Loyal Customers
CUST03048,67,6,1447.28,3,4,2,9,Loyal Customers
CUST03049,232,3,1819.95,2,2,2,6,Needs Attention
CUST03050,123,4,1705.69,3,2,2,7,Loyal Customers
CUST03051,15,5,2201.6,4,3,2,9,Loyal Customers
CUST03052,184,2,724.0300000000001,2,1,1,4,Other
CUST03053,85,5,3990.83,3,3,4,10,Champions
CUST03054,308,9,6142.54,1,4,4,9,At Risk
CUST03055,58,3,1719.27,4,2,2,8,Loyal Customers
CUST03056,223,7,4913.16,2,4,4,10,Needs Attention
CUST03057,61,5,4577.55,3,3,4,10,Champions
CUST03058,388,1,503.98,1,1,1,3,Hibernating / Lost
CUST03059,238,7,4728.55,2,4,4,10,Needs Attention
CUST03060,310,4,1301.74,1,2,1,4,Hibernating / Lost
CUST03061,362,4,4093.1400000000003,1,2,4,7,Hibernating / Lost
CUST03062,155,2,173.08999999999997,3,1,1,5,Promising / New
CUST03063,261,5,1939.04,2,3,2,7,Needs Attention
CUST03064,362,5,3978.58,1,3,4,8,At Risk
CUST03065,90,7,2750.42,3,4,3,10,Champions
CUST03066,80,6,4502.93,3,4,4,11,Champions
CUST03067,30,7,3453.8700000000003,4,4,3,11,Champions
CUST03068,90,4,1074.1100000000001,3,2,1,6,Loyal Customers
CUST03069,257,3,1299.33,2,2,1,5,Needs Attention
CUST03070,449,3,983.93,1,2,1,4,Hibernating / Lost
CUST03071,201,3,768.1700000000001,2,2,1,5,Needs Attention
CUST03072,146,7,2846.6499999999996,3,4,3,10,Champions
CUST03073,106,6,3022.17,3,4,3,10,Champions
CUST03074,68,8,3919.54,3,4,4,11,Champions
CUST03075,193,2,388.68,2,1,1,4,Other
CUST03076,85,2,1620.0,3,1,2,6,Promising / New
CUST03077,403,3,987.81,1,2,1,4,Hibernating / Lost
CUST03078,69,5,2808.14,3,3,3,9,Champions
CUST03079,308,5,1844.0700000000002,1,3,2,6,At Risk
CUST03080,228,3,2279.58,2,2,2,6,Needs Attention
CUST03081,184,6,2557.11,2,4,3,9,Needs Attention
CUST03082,57,6,4817.98,4,4,4,12,Champions
CUST03083,283,7,5648.91,1,4,4,9,At Risk
CUST03084,372,2,1054.72,1,1,1,3,Hibernating / Lost
CUST03085,239,6,3902.2300000000005,2,4,4,10,Needs Attention
CUST03086,244,4,1966.89,2,2,2,6,Needs Attention
CUST03087,377,5,2230.11,1,3,2,6,At Risk
CUST03088,117,6,1645.5900000000001,3,4,2,9,Loyal Customers
CUST03089,116,8,6544.9,3,4,4,11,Champions
CUST03090,236,3,1858.54,2,2,2,6,Needs Attention
CUST03091,64,5,1833.17,3,3,2,8,Loyal Customers
CUST03092,227,2,590.8,2,1,1,4,Other
CUST03093,58,5,2964.84,4,3,3,10,Champions
CUST03094,200,1,57.78,2,1,1,4,Other
CUST03096,111,2,930.9200000000001,3,1,1,5,Promising / New
CUST03097,414,4,3041.92,1,2,3,6,Hibernating / Lost
CUST03098,341,8,2057.32,1,4,2,7,At Risk
CUST03099,219,5,3293.93,2,3,3,8,Needs Attention
CUST03100,327,5,4981.93,1,3,4,8,At Risk
CUST03101,301,1,446.46,1,1,1,3,Hibernating / Lost
CUST03102,393,3,3185.25,1,2,3,6,Hibernating / Lost
CUST03103,485,7,2743.1,1,4,3,8,At Risk
CUST03104,245,10,3435.2000000000003,2,4,3,9,Needs Attention
CUST03105,32,6,3779.96,4,4,4,12,Champions
CUST03106,6,5,1039.0900000000001,4,3,1,8,Loyal Customers
CUST03107,55,4,2233.27,4,2,2,8,Loyal Customers
CUST03108,207,7,2979.86,2,4,3,9,Needs Attention
CUST03109,12,9,4105.66,4,4,4,12,Champions
CUST03110,259,4,2146.09,2,2,2,6,Needs Attention
CUST03111,186,3,2328.69,2,2,3,7,Needs Attention
CUST03112,116,2,157.91,3,1,1,5,Promising / New
CUST03113,449,8,2829.27,1,4,3,8,At Risk
CUST03114,6,3,1886.69,4,2,2,8,Loyal Customers
CUST03115,278,4,3081.17,1,2,3,6,Hibernating / Lost
CUST03116,232,7,1837.76,2,4,2,8,Needs Attention
CUST03117,172,8,2596.1,2,4,3,9,Needs Attention
CUST03118,133,2,1682.04,3,1,2,6,Promising / New
CUST03119,355,4,3211.33,1,2,3,6,Hibernating / Lost
CUST03120,36,4,3602.03,4,2,4,10,Loyal Customers
CUST03121,122,4,1430.38,3,2,2,7,Loyal Customers
CUST03122,1,4,1355.4,4,2,2,8,Loyal Customers
CUST03123,197,5,2244.93,2,3,2,7,Needs Attention
CUST03124,191,6,3145.66,2,4,3,9,Needs Attention
CUST03125,85,3,2362.86,3,2,3,8,Loyal Customers
CUST03126,7,9,4724.37,4,4,4,12,Champions
CUST03127,35,4,4440.0199999999995,4,2,4,10,Loyal Customers
CUST03128,6,9,3567.4100000000003,4,4,4,12,Champions
CUST03129,221,4,1558.0700000000002,2,2,2,6,Needs Attention
CUST03130,40,7,5542.57,4,4,4,12,Champions
CUST03131,310,6,3207.37,1,4,3,8,At Risk
CUST03132,233,5,2001.21,2,3,2,7,Needs Attention
CUST03133,88,8,8612.61,3,4,4,11,Champions
CUST03134,320,6,2955.0299999999997,1,4,3,8,At Risk
CUST03135,18,1,159.17000000000002,4,1,1,6,Promising / New
CUST03136,411,9,5695.91,1,4,4,9,At Risk
CUST03137,125,5,1614.65,3,3,2,8,Loyal Customers
CUST03138,258,5,1492.1999999999998,2,3,2,7,Needs Attention
CUST03139,127,3,1552.04,3,2,2,7,Loyal Customers
CUST03140,192,6,2884.4700000000003,2,4,3,9,Needs Attention
CUST03141,213,6,2299.85,2,4,2,8,Needs Attention
CUST03142,201,4,2968.73,2,2,3,7,Needs Attention
CUST03143,143,4,536.05,3,2,1,6,Loyal Customers
CUST03144,46,7,4310.24,4,4,4,12,Champions
CUST03145,28,3,885.6600000000001,4,2,1,7,Loyal Customers
CUST03146,210,9,3510.46,2,4,3,9,Needs Attention
CUST03147,189,1,1299.42,2,1,1,4,Other
CUST03148,11,5,5142.76,4,3,4,11,Champions
CUST03149,1,5,4242.88,4,3,4,11,Champions
CUST03150,312,6,4711.58,1,4,4,9,At Risk
CUST03151,3,7,4922.34,4,4,4,12,Champions
CUST03152,316,6,3598.8100000000004,1,4,4,9,At Risk
CUST03153,335,1,1043.53,1,1,1,3,Hibernating / Lost
CUST03154,67,1,82.82,3,1,1,5,Promising / New
CUST03155,398,6,2247.35,1,4,2,7,At Risk
CUST03156,23,5,4562.33,4,3,4,11,Champions
CUST03157,87,6,4331.74,3,4,4,11,Champions
CUST03158,1,4,3015.4400000000005,4,2,3,9,Loyal Customers
CUST03159,27,4,2338.69,4,2,3,9,Loyal Customers
CUST03160,43,5,2431.33,4,3,3,10,Champions
CUST03161,223,6,5102.21,2,4,4,10,Needs Attention
CUST03162,22,2,975.8800000000001,4,1,1,6,Promising / New
CUST03163,339,7,4403.09,1,4,4,9,At Risk
CUST03164,310,2,1770.13,1,1,2,4,Hibernating / Lost
CUST03165,466,1,24.44,1,1,1,3,Hibernating / Lost
CUST03166,303,1,30.14,1,1,1,3,Hibernating / Lost
CUST03167,22,4,2958.73,4,2,3,9,Loyal Customers
CUST03168,250,3,2277.14,2,2,2,6,Needs Attention
CUST03169,56,1,890.93,4,1,1,6,Promising / New
CUST03170,134,5,3435.92,3,3,3,9,Champions
CUST03171,104,1,549.03,3,1,1,5,Promising / New
CUST03172,2,7,2840.33,4,4,3,11,Champions
CUST03173,263,1,113.11,2,1,1,4,Other
CUST03174,353,1,643.64,1,1,1,3,Hibernating / Lost
CUST03175,1,7,4941.7,4,4,4,12,Champions
CUST03176,226,4,4495.7300000000005,2,2,4,8,Needs Attention
CUST03177,90,4,1727.87,3,2,2,7,Loyal Customers
CUST03178,330,3,1080.09,1,2,1,4,Hibernating / Lost
CUST03179,343,6,4277.27,1,4,4,9,At Risk
CUST03180,132,7,2478.9,3,4,3,10,Champions
CUST03181,335,8,3889.71,1,4,4,9,At Risk
CUST03182,267,4,974.58,2,2,1,5,Needs Attention
CUST03183,123,2,973.26,3,1,1,5,Promising / New
CUST03184,351,4,2892.48,1,2,3,6,Hibernating / Lost
CUST03185,82,9,5632.1,3,4,4,11,Champions
CUST03186,21,4,4154.23,4,2,4,10,Loyal Customers
CUST03187,91,5,1756.66,3,3,2,8,Loyal Customers
CUST03188,287,3,954.1999999999999,1,2,1,4,Hibernating / Lost
CUST03189,379,3,847.84,1,2,1,4,Hibernating / Lost
CUST03190,45,7,4167.179999999999,4,4,4,12,Champions
CUST03191,222,10,4194.37,2,4,4,10,Needs Attention
CUST03192,127,4,3787.26,3,2,4,9,Loyal Customers
CUST03193,104,3,1319.2900000000002,3,2,2,7,Loyal Customers
CUST03194,407,5,2964.67,1,3,3,7,At Risk
CUST03195,114,5,2519.07,3,3,3,9,Champions
CUST03196,286,3,2641.77,1,2,3,6,Hibernating / Lost
CUST03197,381,4,961.44,1,2,1,4,Hibernating / Lost
CUST03198,67,8,4717.54,3,4,4,11,Champions
CUST03199,4,4,2846.41,4,2,3,9,Loyal Customers
CUST03200,345,5,1901.46,1,3,2,6,At Risk
CUST03201,41,1,212.13,4,1,1,6,Promising / New
CUST03202,14,3,287.63,4,2,1,7,Loyal Customers
CUST03203,108,1,1379.9700000000005,3,1,2,6,Promising / New
CUST03204,239,6,1935.27,2,4,2,8,Needs Attention
CUST03205,347,2,725.99,1,1,1,3,Hibernating / Lost
CUST03206,122,2,1329.0,3,1,2,6,Promising / New
CUST03207,1,4,1891.2500000000002,4,2,2,8,Loyal Customers
CUST03208,36,6,3438.72,4,4,3,11,Champions
CUST03209,274,5,2902.17,1,3,3,7,At Risk
CUST03210,393,2,547.0899999999999,1,1,1,3,Hibernating / Lost
CUST03211,2,5,2171.52,4,3,2,9,Loyal Customers
CUST03212,230,5,3790.58,2,3,4,9,Needs Attention
CUST03213,249,4,2665.2200000000003,2,2,3,7,Needs Attention
CUST03214,1,8,5655.21,4,4,4,12,Champions
CUST03215,191,2,274.3,2,1,1,4,Other
CUST03216,397,1,483.21,1,1,1,3,Hibernating / Lost
CUST03217,281,5,2045.11,1,3,2,6,At Risk
CUST03218,238,6,1308.3700000000001,2,4,1,7,Needs Attention
CUST03219,1,7,1568.28,4,4,2,10,Loyal Customers
CUST03220,151,8,3293.21,3,4,3,10,Champions
CUST03221,111,3,2357.42,3,2,3,8,Loyal Customers
CUST03222,328,9,3207.45,1,4,3,8,At Risk
CUST03223,72,9,7562.37,3,4,4,11,Champions
CUST03224,75,5,1155.76,3,3,1,7,Loyal Customers
CUST03225,53,9,3478.9,4,4,3,11,Champions
CUST03226,92,6,2584.7799999999997,3,4,3,10,Champions
CUST03227,177,5,4075.58,2,3,4,9,Needs Attention
CUST03228,223,3,1214.72,2,2,1,5,Needs Attention
CUST03229,115,4,1863.9800000000002,3,2,2,7,Loyal Customers
CUST03230,66,3,1213.6,3,2,1,6,Loyal Customers
CUST03231,41,9,4321.93,4,4,4,12,Champions
CUST03232,72,4,1871.9599999999998,3,2,2,7,Loyal Customers
CUST03233,139,1,63.04,3,1,1,5,Promising / New
CUST03234,497,6,2616.7000000000003,1,4,3,8,At Risk
CUST03235,90,3,2632.5099999999998,3,2,3,8,Loyal Customers
CUST03236,95,7,4158.0,3,4,4,11,Champions
CUST03237,239,5,2511.54,2,3,3,8,Needs Attention
CUST03238,2,3,1873.79,4,2,2,8,Loyal Customers
CUST03239,27,7,3645.7700000000004,4,4,4,12,Champions
CUST03240,92,7,2571.24,3,4,3,10,Champions
CUST03241,391,2,294.62,1,1,1,3,Hibernating / Lost
CUST03242,91,7,4271.389999999999,3,4,4,11,Champions
CUST03243,13,5,3609.08,4,3,4,11,Champions
CUST03244,193,1,86.1,2,1,1,4,Other
CUST03245,38,5,1924.0500000000002,4,3,2,9,Loyal Customers
CUST03246,4,5,2046.7399999999998,4,3,2,9,Loyal Customers
CUST03247,96,3,1622.11,3,2,2,7,Loyal Customers
CUST03248,355,5,2188.42,1,3,2,6,At Risk
CUST03249,448,2,1198.8600000000001,1,1,1,3,Hibernating / Lost
CUST03250,256,5,2309.74,2,3,2,7,Needs Attention
CUST03251,327,3,757.44,1,2,1,4,Hibernating / Lost
CUST03252,47,2,973.04,4,1,1,6,Promising / New
CUST03253,383,13,10162.710000000001,1,4,4,9,At Risk
CUST03254,126,4,1888.6399999999999,3,2,2,7,Loyal Customers
CUST03255,347,7,3132.5899999999997,1,4,3,8,At Risk
CUST03256,363,7,3348.69,1,4,3,8,At Risk
CUST03257,391,3,1946.66,1,2,2,5,Hibernating / Lost
CUST03258,390,3,2348.91,1,2,3,6,Hibernating / Lost
CUST03259,42,6,1246.27,4,4,1,9,Loyal Customers
CUST03260,301,4,1523.2500000000002,1,2,2,5,Hibernating / Lost
CUST03261,71,5,2075.7599999999998,3,3,2,8,Loyal Customers
CUST03262,145,9,3714.1499999999996,3,4,4,11,Champions
CUST03263,19,4,1936.85,4,2,2,8,Loyal Customers
CUST03264,38,6,4278.62,4,4,4,12,Champions
CUST03265,169,3,3258.35,2,2,3,7,Needs Attention
CUST03266,116,4,1654.63,3,2,2,7,Loyal Customers
CUST03267,111,4,1149.5,3,2,1,6,Loyal Customers
CUST03268,25,4,2496.03,4,2,3,9,Loyal Customers
CUST03269,255,3,1907.3799999999999,2,2,2,6,Needs Attention
CUST03270,4,5,2417.33,4,3,3,10,Champions
CUST03271,381,11,5557.94,1,4,4,9,At Risk
CUST03272,191,7,2939.32,2,4,3,9,Needs Attention
CUST03273,24,4,2800.58,4,2,3,9,Loyal Customers
CUST03274,187,2,2601.33,2,1,3,6,Other
CUST03275,287,3,1164.46,1,2,1,4,Hibernating / Lost
CUST03276,3,2,496.75,4,1,1,6,Promising / New
CUST03277,244,1,431.22,2,1,1,4,Other
CUST03278,279,5,2997.93,1,3,3,7,At Risk
CUST03279,1,5,825.01,4,3,1,8,Loyal Customers
CUST03280,86,8,4304.96,3,4,4,11,Champions
CUST03281,370,10,2885.32,1,4,3,8,At Risk
CUST03282,19,3,3630.21,4,2,4,10,Loyal Customers
CUST03283,3,6,3747.0600000000004,4,4,4,12,Champions
CUST03284,114,5,2310.86,3,3,2,8,Loyal Customers
CUST03285,235,3,626.62,2,2,1,5,Needs Attention
CUST03286,245,2,626.76,2,1,1,4,Other
CUST03287,375,2,1744.08,1,1,2,4,Hibernating / Lost
CUST03288,278,3,3137.23,1,2,3,6,Hibernating / Lost
CUST03289,400,4,2454.0,1,2,3,6,Hibernating / Lost
CUST03290,264,4,3325.08,2,2,3,7,Needs Attention
CUST03291,289,7,6339.94,1,4,4,9,At Risk
CUST03292,143,5,2000.13,3,3,2,8,Loyal Customers
CUST03293,397,2,731.37,1,1,1,3,Hibernating / Lost
CUST03295,253,3,2227.6299999999997,2,2,2,6,Needs Attention
CUST03296,27,1,223.74,4,1,1,6,Promising / New
CUST03297,212,6,3475.11,2,4,3,9,Needs Attention
CUST03298,3,11,4254.65,4,4,4,12,Champions
CUST03299,244,1,180.96,2,1,1,4,Other
CUST03300,86,3,1125.7400000000002,3,2,1,6,Loyal Customers
CUST03301,127,7,3961.87,3,4,4,11,Champions
CUST03302,149,5,3144.7,3,3,3,9,Champions
CUST03303,153,5,1606.22,3,3,2,8,Loyal Customers
CUST03304,250,1,486.18,2,1,1,4,Other
CUST03305,32,5,1482.53,4,3,2,9,Loyal Customers
CUST03306,334,5,2493.0499999999997,1,3,3,7,At Risk
CUST03307,305,6,3579.29,1,4,4,9,At Risk
CUST03308,457,3,842.46,1,2,1,4,Hibernating / Lost
CUST03309,377,4,2639.65,1,2,3,6,Hibernating / Lost
CUST03310,2,3,3112.54,4,2,3,9,Loyal Customers
CUST03311,248,1,345.61,2,1,1,4,Other
CUST03312,231,7,3149.59,2,4,3,9,Needs Attention
CUST03313,9,6,3214.98,4,4,3,11,Champions
CUST03314,313,3,1358.75,1,2,2,5,Hibernating / Lost
CUST03315,78,9,4616.39,3,4,4,11,Champions
CUST03316,28,1,953.21,4,1,1,6,Promising / New
CUST03317,142,4,1513.51,3,2,2,7,Loyal Customers
CUST03318,214,1,272.24,2,1,1,4,Other
CUST03319,344,7,3043.75,1,4,3,8,At Risk
CUST03320,426,2,80.12,1,1,1,3,Hibernating / Lost
CUST03321,424,9,6374.610000000001,1,4,4,9,At Risk
CUST03322,269,9,6814.929999999999,2,4,4,10,Needs Attention
CUST03323,70,5,1855.8600000000001,3,3,2,8,Loyal Customers
CUST03324,113,1,881.8,3,1,1,5,Promising / New
CUST03325,217,8,2868.96,2,4,3,9,Needs Attention
CUST03326,53,7,3082.46,4,4,3,11,Champions
CUST03327,101,3,2109.84,3,2,2,7,Loyal Customers
CUST03328,333,4,2440.3,1,2,3,6,Hibernating / Lost
CUST03329,41,6,3310.0,4,4,3,11,Champions
CUST03330,5,5,2356.7,4,3,3,10,Champions
CUST03331,190,1,29.52,2,1,1,4,Other
CUST03332,19,8,4438.17,4,4,4,12,Champions
CUST03333,371,2,161.23000000000002,1,1,1,3,Hibernating / Lost
CUST03334,54,5,749.99,4,3,1,8,Loyal Customers
CUST03335,133,5,2127.06,3,3,2,8,Loyal Customers
CUST03336,380,5,2356.93,1,3,3,7,At Risk
CUST03337,94,5,4322.67,3,3,4,10,Champions
CUST03338,349,5,4003.5099999999998,1,3,4,8,At Risk
CUST03340,25,3,824.58,4,2,1,7,Loyal Customers
CUST03341,204,2,1524.85,2,1,2,5,Other
CUST03342,235,2,844.79,2,1,1,4,Other
CUST03343,364,7,2321.7999999999997,1,4,3,8,At Risk
CUST03344,119,9,4989.95,3,4,4,11,Champions
CUST03345,220,3,1655.88,2,2,2,6,Needs Attention
CUST03346,81,4,1301.02,3,2,1,6,Loyal Customers
CUST03347,127,7,5174.889999999999,3,4,4,11,Champions
CUST03348,376,5,937.46,1,3,1,5,At Risk
CUST03349,467,1,423.24,1,1,1,3,Hibernating / Lost
CUST03350,94,5,3411.2799999999997,3,3,3,9,Champions
CUST03351,193,5,2893.92,2,3,3,8,Needs Attention
CUST03352,1,7,4737.37,4,4,4,12,Champions
CUST03353,470,3,1602.81,1,2,2,5,Hibernating / Lost
CUST03354,82,2,240.51,3,1,1,5,Promising / New
CUST03355,13,1,139.79000000000002,4,1,1,6,Promising / New
CUST03356,259,8,2064.87,2,4,2,8,Needs Attention
CUST03357,309,3,1223.58,1,2,1,4,Hibernating / Lost
CUST03358,8,2,1438.19,4,1,2,7,Promising / New
CUST03359,248,4,2470.96,2,2,3,7,Needs Attention
CUST03360,137,3,1162.6299999999999,3,2,1,6,Loyal Customers
CUST03361,3,3,1579.5900000000001,4,2,2,8,Loyal Customers
CUST03362,102,3,1380.45,3,2,2,7,Loyal Customers
CUST03363,465,4,3783.63,1,2,4,7,Hibernating / Lost
CUST03364,70,7,3733.77,3,4,4,11,Champions
CUST03365,329,5,3068.5699999999997,1,3,3,7,At Risk
CUST03366,58,6,5182.22,4,4,4,12,Champions
CUST03367,66,4,1261.94,3,2,1,6,Loyal Customers
CUST03368,176,2,2236.5699999999997,2,1,2,5,Other
CUST03369,168,3,2237.85,2,2,2,6,Needs Attention
CUST03370,308,4,1654.27,1,2,2,5,Hibernating / Lost
CUST03371,1,5,2597.66,4,3,3,10,Champions
CUST03372,355,4,1887.1599999999999,1,2,2,5,Hibernating / Lost
CUST03373,185,8,3639.9399999999996,2,4,4,10,Needs Attention
CUST03374,79,5,2356.33,3,3,3,9,Champions
CUST03375,112,3,2066.92,3,2,2,7,Loyal Customers
CUST03376,160,4,1944.8000000000002,2,2,2,6,Needs Attention
CUST03377,163,4,3318.9300000000003,2,2,3,7,Needs Attention
CUST03378,76,5,2083.15,3,3,2,8,Loyal Customers
CUST03379,36,9,7350.27,4,4,4,12,Champions
CUST03380,48,4,1285.97,4,2,1,7,Loyal Customers
CUST03381,48,8,4304.13,4,4,4,12,Champions
CUST03382,1,7,3909.6200000000003,4,4,4,12,Champions
CUST03383,1,13,6488.25,4,4,4,12,Champions
CUST03384,6,5,3453.0,4,3,3,10,Champions
CUST03385,50,4,2333.93,4,2,3,9,Loyal Customers
CUST03386,114,3,2117.4100000000003,3,2,2,7,Loyal Customers
CUST03387,61,7,4264.27,3,4,4,11,Champions
CUST03388,111,7,2598.81,3,4,3,10,Champions
CUST03389,187,5,2800.33,2,3,3,8,Needs Attention
CUST03390,155,3,1911.81,3,2,2,7,Loyal Customers
CUST03391,283,9,7269.8,1,4,4,9,At Risk
CUST03392,183,5,1686.75,2,3,2,7,Needs Attention
CUST03393,34,6,3694.01,4,4,4,12,Champions
CUST03394,237,3,2542.17,2,2,3,7,Needs Attention
CUST03395,240,1,328.99,2,1,1,4,Other
CUST03396,66,3,1324.52,3,2,2,7,Loyal Customers
CUST03397,153,5,1995.96,3,3,2,8,Loyal Customers
CUST03398,3,5,2234.2200000000003,4,3,2,9,Loyal Customers
CUST03399,500,8,6763.9400000000005,1,4,4,9,At Risk
CUST03400,27,3,1020.1199999999999,4,2,1,7,Loyal Customers
CUST03401,71,8,4478.6,3,4,4,11,Champions
CUST03402,13,9,5865.24,4,4,4,12,Champions
CUST03403,255,3,3010.4300000000003,2,2,3,7,Needs Attention
CUST03404,1,3,1594.32,4,2,2,8,Loyal Customers
CUST03405,244,6,2809.38,2,4,3,9,Needs Attention
CUST03406,233,6,4898.63,2,4,4,10,Needs Attention
CUST03407,316,3,2413.06,1,2,3,6,Hibernating / Lost
CUST03408,76,3,274.77,3,2,1,6,Loyal Customers
CUST03409,117,5,2056.62,3,3,2,8,Loyal Customers
CUST03410,106,16,9986.04,3,4,4,11,Champions
CUST03411,438,4,2033.8000000000002,1,2,2,5,Hibernating / Lost
CUST03412,1,4,3211.31,4,2,3,9,Loyal Customers
CUST03413,244,3,847.8900000000001,2,2,1,5,Needs Attention
CUST03414,342,3,2358.79,1,2,3,6,Hibernating / Lost
CUST03415,137,12,10509.39,3,4,4,11,Champions
CUST03416,9,7,3074.13,4,4,3,11,Champions
CUST03417,14,5,3174.66,4,3,3,10,Champions
CUST03418,18,6,3983.1800000000003,4,4,4,12,Champions
CUST03419,427,6,3166.4700000000003,1,4,3,8,At Risk
CUST03420,352,6,7390.43,1,4,4,9,At Risk
CUST03421,205,5,1712.48,2,3,2,7,Needs Attention
CUST03422,77,4,1717.35,3,2,2,7,Loyal Customers
CUST03423,136,3,1521.3799999999999,3,2,2,7,Loyal Customers
CUST03424,174,7,3127.8700000000003,2,4,3,9,Needs Attention
CUST03425,89,10,4855.02,3,4,4,11,Champions
CUST03426,1,6,2539.46,4,4,3,11,Champions
CUST03427,224,1,142.07,2,1,1,4,Other
CUST03428,43,2,1133.52,4,1,1,6,Promising / New
CUST03429,45,6,3997.19,4,4,4,12,Champions
CUST03430,338,7,4877.98,1,4,4,9,At Risk
CUST03431,49,2,733.4300000000001,4,1,1,6,Promising / New
CUST03432,39,1,668.12,4,1,1,6,Promising / New
CUST03433,383,3,2358.28,1,2,3,6,Hibernating / Lost
CUST03434,270,8,4258.83,2,4,4,10,Needs Attention
CUST03435,296,3,2528.98,1,2,3,6,Hibernating / Lost
CUST03436,159,2,426.6,2,1,1,4,Other
CUST03437,357,5,2067.5,1,3,2,6,At Risk
CUST03438,102,9,4871.57,3,4,4,11,Champions
CUST03439,11,6,3692.6400000000003,4,4,4,12,Champions
CUST03440,26,2,818.5700000000002,4,1,1,6,Promising / New
CUST03441,5,4,2560.2799999999997,4,2,3,9,Loyal Customers
CUST03442,453,6,4086.13,1,4,4,9,At Risk
CUST03443,240,1,408.68,2,1,1,4,Other
CUST03444,359,2,443.17,1,1,1,3,Hibernating / Lost
CUST03445,3,2,1090.06,4,1,1,6,Promising / New
CUST03446,99,3,681.1700000000001,3,2,1,6,Loyal Customers
CUST03447,236,5,1509.0700000000002,2,3,2,7,Needs Attention
CUST03448,197,10,6658.43,2,4,4,10,Needs Attention
CUST03449,172,12,9726.39,2,4,4,10,Needs Attention
CUST03451,231,2,281.93,2,1,1,4,Other
CUST03452,207,4,3078.9300000000003,2,2,3,7,Needs Attention
CUST03453,159,6,3532.3900000000003,2,4,3,9,Needs Attention
CUST03454,121,10,4772.3,3,4,4,11,Champions
CUST03455,47,6,5501.79,4,4,4,12,Champions
CUST03456,61,2,413.48999999999995,3,1,1,5,Promising / New
CUST03457,94,5,4930.27,3,3,4,10,Champions
CUST03458,293,2,642.98,1,1,1,3,Hibernating / Lost
CUST03459,41,4,2159.4100000000003,4,2,2,8,Loyal Customers
CUST03460,316,2,2359.33,1,1,3,5,Hibernating / Lost
CUST03461,278,4,3533.11,1,2,3,6,Hibernating / Lost
CUST03462,2,11,8983.0,4,4,4,12,Champions
CUST03463,45,5,2831.9199999999996,4,3,3,10,Champions
CUST03464,288,11,7261.39,1,4,4,9,At Risk
CUST03465,163,6,3188.6400000000003,2,4,3,9,Needs Attention
CUST03466,113,3,1451.77,3,2,2,7,Loyal Customers
CUST03467,126,6,2191.19,3,4,2,9,Loyal Customers
CUST03468,252,8,4065.18,2,4,4,10,Needs Attention
CUST03469,82,6,2812.75,3,4,3,10,Champions
CUST03470,23,4,2434.21,4,2,3,9,Loyal Customers
CUST03471,360,2,593.81,1,1,1,3,Hibernating / Lost
CUST03472,1,9,5138.650000000001,4,4,4,12,Champions
CUST03473,109,3,704.31,3,2,1,6,Loyal Customers
CUST03474,37,3,2365.12,4,2,3,9,Loyal Customers
CUST03475,240,5,3244.73,2,3,3,8,Needs Attention
CUST03476,358,4,1968.9699999999998,1,2,2,5,Hibernating / Lost
CUST03477,198,9,3175.4500000000003,2,4,3,9,Needs Attention
CUST03478,118,5,2878.6400000000003,3,3,3,9,Champions
CUST03479,317,2,1025.69,1,1,1,3,Hibernating / Lost
CUST03480,58,3,2773.7,4,2,3,9,Loyal Customers
CUST03481,42,7,2691.54,4,4,3,11,Champions
CUST03482,195,7,3039.8,2,4,3,9,Needs Attention
CUST03483,85,3,2360.89,3,2,3,8,Loyal Customers
CUST03484,305,8,6228.0599999999995,1,4,4,9,At Risk
CUST03485,202,4,1688.9700000000003,2,2,2,6,Needs Attention
CUST03486,455,3,525.63,1,2,1,4,Hibernating / Lost
CUST03487,224,3,1883.46,2,2,2,6,Needs Attention
CUST03488,2,3,1498.4299999999998,4,2,2,8,Loyal Customers
CUST03489,173,6,4263.45,2,4,4,10,Needs Attention
CUST03490,116,3,1504.72,3,2,2,7,Loyal Customers
CUST03491,268,5,2842.8,2,3,3,8,Needs Attention
CUST03492,116,3,2082.24,3,2,2,7,Loyal Customers
CUST03493,320,5,4006.73,1,3,4,8,At Risk
CUST03494,60,5,2771.57,3,3,3,9,Champions
CUST03495,15,3,2794.62,4,2,3,9,Loyal Customers
CUST03496,201,7,6759.39,2,4,4,10,Needs Attention
CUST03497,196,1,650.46,2,1,1,4,Other
CUST03498,257,3,1181.27,2,2,1,5,Needs Attention
CUST03499,328,8,3464.0299999999997,1,4,3,8,At Risk
CUST03500,195,10,4846.54,2,4,4,10,Needs Attention
CUST03501,367,7,3695.2200000000003,1,4,4,9,At Risk
CUST03502,123,6,4847.7,3,4,4,11,Champions
CUST03503,119,2,1469.0100000000002,3,1,2,6,Promising / New
CUST03504,395,3,1343.0800000000002,1,2,2,5,Hibernating / Lost
CUST03505,428,6,2628.4900000000002,1,4,3,8,At Risk
CUST03506,1,10,3210.1800000000003,4,4,3,11,Champions
CUST03507,55,7,4146.15,4,4,4,12,Champions
CUST03508,28,3,1676.37,4,2,2,8,Loyal Customers
CUST03509,511,1,380.36,1,1,1,3,Hibernating / Lost
CUST03510,248,5,2164.8,2,3,2,7,Needs Attention
CUST03511,7,4,2957.81,4,2,3,9,Loyal Customers
CUST03512,170,2,2518.0400000000004,2,1,3,6,Other
CUST03513,308,5,2255.36,1,3,2,6,At Risk
CUST03514,374,4,2503.79,1,2,3,6,Hibernating / Lost
CUST03515,178,3,3014.8,2,2,3,7,Needs Attention
CUST03516,3,3,2883.24,4,2,3,9,Loyal Customers
CUST03517,381,4,4365.82,1,2,4,7,Hibernating / Lost
CUST03518,12,4,1588.29,4,2,2,8,Loyal Customers
CUST03519,44,8,3701.9100000000003,4,4,4,12,Champions
CUST03520,10,6,2556.48,4,4,3,11,Champions
CUST03521,46,8,5430.08,4,4,4,12,Champions
CUST03522,261,1,660.65,2,1,1,4,Other
CUST03523,40,1,616.44,4,1,1,6,Promising / New
CUST03524,421,4,3490.03,1,2,3,6,Hibernating / Lost
CUST03525,301,3,465.65000000000003,1,2,1,4,Hibernating / Lost
CUST03526,310,6,2706.31,1,4,3,8,At Risk
CUST03527,321,2,630.89,1,1,1,3,Hibernating / Lost
CUST03528,420,3,2763.88,1,2,3,6,Hibernating / Lost
CUST03530,137,8,4019.23,3,4,4,11,Champions
CUST03531,297,3,1218.08,1,2,1,4,Hibernating / Lost
CUST03532,429,9,6126.24,1,4,4,9,At Risk
CUST03533,336,11,5552.76,1,4,4,9,At Risk
CUST03534,1,11,4988.99,4,4,4,12,Champions
CUST03535,447,4,2604.17,1,2,3,6,Hibernating / Lost
CUST03536,411,2,1565.54,1,1,2,4,Hibernating / Lost
CUST03537,384,4,977.2800000000001,1,2,1,4,Hibernating / Lost
CUST03538,336,3,3562.65,1,2,3,6,Hibernating / Lost
CUST03539,138,7,2522.31,3,4,3,10,Champions
CUST03540,74,3,667.88,3,2,1,6,Loyal Customers
CUST03541,86,9,3078.2599999999998,3,4,3,10,Champions
CUST03542,199,6,4038.72,2,4,4,10,Needs Attention
CUST03543,419,3,1398.64,1,2,2,5,Hibernating / Lost
CUST03544,71,4,1861.1100000000001,3,2,2,7,Loyal Customers
CUST03545,405,5,3955.98,1,3,4,8,At Risk
CUST03546,181,2,1363.06,2,1,2,5,Other
CUST03547,217,2,798.33,2,1,1,4,Other
CUST03548,43,5,3558.0,4,3,3,10,Champions
CUST03549,342,4,2556.8300000000004,1,2,3,6,Hibernating / Lost
CUST03550,64,2,1342.43,3,1,2,6,Promising / New
CUST03551,210,4,2984.4700000000003,2,2,3,7,Needs Attention
CUST03552,144,3,677.95,3,2,1,6,Loyal Customers
CUST03553,5,8,4226.2300000000005,4,4,4,12,Champions
CUST03554,77,4,2396.3,3,2,3,8,Loyal Customers
CUST03555,262,9,4014.93,2,4,4,10,Needs Attention
CUST03556,194,3,1179.78,2,2,1,5,Needs Attention
CUST03558,329,6,4580.74,1,4,4,9,At Risk
CUST03559,369,2,747.33,1,1,1,3,Hibernating / Lost
CUST03560,156,5,4005.3,3,3,4,10,Champions
CUST03561,385,5,3444.28,1,3,3,7,At Risk
CUST03562,454,1,355.41,1,1,1,3,Hibernating / Lost
CUST03563,173,5,3038.51,2,3,3,8,Needs Attention
CUST03564,82,6,3484.35,3,4,3,10,Champions
CUST03565,79,6,2096.25,3,4,2,9,Loyal Customers
CUST03566,182,7,6756.04,2,4,4,10,Needs Attention
CUST03567,297,3,3143.16,1,2,3,6,Hibernating / Lost
CUST03568,314,3,1439.43,1,2,2,5,Hibernating / Lost
CUST03570,383,7,4727.92,1,4,4,9,At Risk
CUST03571,52,3,3140.8900000000003,4,2,3,9,Loyal Customers
CUST03572,30,6,4887.78,4,4,4,12,Champions
CUST03573,57,6,3044.9,4,4,3,11,Champions
CUST03574,238,8,6092.87,2,4,4,10,Needs Attention
CUST03575,20,1,1198.4,4,1,1,6,Promising / New
CUST03576,130,3,611.84,3,2,1,6,Loyal Customers
CUST03577,161,5,1017.4999999999999,2,3,1,6,Needs Attention
CUST03578,5,9,4242.68,4,4,4,12,Champions
CUST03579,29,4,2089.45,4,2,2,8,Loyal Customers
CUST03580,234,3,1346.48,2,2,2,6,Needs Attention
CUST03581,38,3,1729.5,4,2,2,8,Loyal Customers
CUST03582,35,6,4688.43,4,4,4,12,Champions
CUST03583,313,5,2842.92,1,3,3,7,At Risk
CUST03584,273,2,555.29,1,1,1,3,Hibernating / Lost
CUST03585,104,4,2405.3,3,2,3,8,Loyal Customers
CUST03586,349,2,1801.94,1,1,2,4,Hibernating / Lost
CUST03587,47,4,1589.37,4,2,2,8,Loyal Customers
CUST03588,114,3,840.73,3,2,1,6,Loyal Customers
CUST03589,132,3,1575.04,3,2,2,7,Loyal Customers
CUST03590,11,8,3296.8199999999997,4,4,3,11,Champions
CUST03591,332,7,2934.85,1,4,3,8,At Risk
CUST03592,262,7,2641.32,2,4,3,9,Needs Attention
CUST03594,142,2,448.86,3,1,1,5,Promising / New
CUST03595,362,5,1299.8400000000001,1,3,1,5,At Risk
CUST03596,185,2,401.27,2,1,1,4,Other
CUST03597,162,6,2635.03,2,4,3,9,Needs Attention
CUST03598,90,7,3774.38,3,4,4,11,Champions
CUST03599,17,6,3247.73,4,4,3,11,Champions
CUST03600,152,11,4918.26,3,4,4,11,Champions
CUST03603,411,5,3521.46,1,3,3,7,At Risk
CUST03604,23,5,1510.15,4,3,2,9,Loyal Customers
CUST03605,2,6,3797.43,4,4,4,12,Champions
CUST03606,379,9,7963.71,1,4,4,9,At Risk
CUST03607,264,1,1308.55,2,1,1,4,Other
CUST03608,88,4,2236.2999999999997,3,2,2,7,Loyal Customers
CUST03609,104,4,2292.71,3,2,2,7,Loyal Customers
CUST03610,128,5,4067.64,3,3,4,10,Champions
CUST03611,131,10,2721.24,3,4,3,10,Champions
CUST03612,125,4,2384.01,3,2,3,8,Loyal Customers
CUST03613,99,4,1972.92,3,2,2,7,Loyal Customers
CUST03614,339,6,4363.88,1,4,4,9,At Risk
CUST03615,73,3,1092.8,3,2,1,6,Loyal Customers
CUST03616,197,10,6820.07,2,4,4,10,Needs Attention
CUST03617,320,2,1354.76,1,1,2,4,Hibernating / Lost
CUST03618,142,3,2075.92,3,2,2,7,Loyal Customers
CUST03619,82,7,3897.18,3,4,4,11,Champions
CUST03620,462,2,2307.31,1,1,2,4,Hibernating / Lost
CUST03621,1,4,2408.06,4,2,3,9,Loyal Customers
CUST03622,192,3,1835.3400000000001,2,2,2,6,Needs Attention
CUST03623,160,7,3959.4700000000003,2,4,4,10,Needs Attention
CUST03624,100,4,2133.4700000000003,3,2,2,7,Loyal Customers
CUST03625,44,5,3958.29,4,3,4,11,Champions
CUST03626,96,1,96.25,3,1,1,5,Promising / New
CUST03627,67,4,1220.27,3,3,1,7,Loyal Customers
CUST03628,244,2,887.6800000000001,2,1,1,4,Other
CUST03629,52,7,2366.35,4,4,3,11,Champions
CUST03630,68,3,530.26,3,2,1,6,Loyal Customers
CUST03631,174,3,1445.1,2,2,2,6,Needs Attention
CUST03632,180,2,883.43,2,1,1,4,Other
CUST03633,512,1,494.88,1,1,1,3,Hibernating / Lost
CUST03634,52,3,1976.2599999999998,4,2,2,8,Loyal Customers
CUST03635,7,2,2552.87,4,1,3,8,Promising / New
CUST03636,251,3,1829.01,2,2,2,6,Needs Attention
CUST03637,223,6,1450.68,2,4,2,8,Needs Attention
CUST03638,210,4,1148.0900000000001,2,3,1,6,Needs Attention
CUST03640,191,2,2707.85,2,1,3,6,Other
CUST03641,78,10,4207.74,3,4,4,11,Champions
CUST03642,9,9,4396.32,4,4,4,12,Champions
CUST03643,15,4,1395.23,4,3,2,9,Loyal Customers
CUST03644,8,3,2166.66,4,2,2,8,Loyal Customers
CUST03645,5,1,78.25,4,1,1,6,Promising / New
CUST03646,133,2,516.58,3,1,1,5,Promising / New
CUST03647,124,3,1473.3100000000002,3,2,2,7,Loyal Customers
CUST03648,53,4,3334.94,4,3,3,10,Champions
CUST03649,1,8,5701.0599999999995,4,4,4,12,Champions
CUST03650,82,3,474.87,3,2,1,6,Loyal Customers
CUST03651,431,6,3257.9700000000003,1,4,3,8,At Risk
CUST03652,486,1,586.5,1,1,1,3,Hibernating / Lost
CUST03653,143,2,513.2500000000001,3,1,1,5,Promising / New
CUST03654,149,5,2993.07,3,3,3,9,Champions
CUST03655,118,5,2748.51,3,3,3,9,Champions
CUST03656,138,11,3734.12,3,4,4,11,Champions
CUST03657,212,7,3725.41,2,4,4,10,Needs Attention
CUST03658,18,4,1989.15,4,3,2,9,Loyal Customers
CUST03659,267,6,1533.36,2,4,2,8,Needs Attention
CUST03660,186,8,1962.63,2,4,2,8,Needs Attention
CUST03661,144,7,4857.08,3,4,4,11,Champions
CUST03662,217,2,702.0799999999999,2,1,1,4,Other
CUST03663,3,7,3587.36,4,4,4,12,Champions
CUST03664,9,1,866.53,4,1,1,6,Promising / New
CUST03665,213,6,3551.42,2,4,3,9,Needs Attention
CUST03666,171,5,3551.81,2,3,3,8,Needs Attention
CUST03668,376,4,1764.14,1,3,2,6,At Risk
CUST03669,301,4,3522.7000000000003,1,3,3,7,At Risk
CUST03670,389,8,5414.57,1,4,4,9,At Risk
CUST03671,329,3,911.76,1,2,1,4,Hibernating / Lost
CUST03672,369,3,2871.62,1,2,3,6,Hibernating / Lost
CUST03673,146,5,1752.91,3,3,2,8,Loyal Customers
CUST03674,391,5,3067.17,1,3,3,7,At Risk
CUST03675,107,4,1613.63,3,3,2,8,Loyal Customers
CUST03676,65,13,8068.5,3,4,4,11,Champions
CUST03677,317,5,4119.23,1,3,4,8,At Risk
CUST03678,92,4,3561.9,3,3,3,9,Champions
CUST03679,211,5,2242.52,2,3,2,7,Needs Attention
CUST03680,73,4,3754.3,3,3,4,10,Champions
CUST03681,108,3,1433.76,3,2,2,7,Loyal Customers
CUST03682,348,7,4080.58,1,4,4,9,At Risk
CUST03683,313,3,1559.2,1,2,2,5,Hibernating / Lost
CUST03684,152,4,1520.16,3,3,2,8,Loyal Customers
CUST03685,2,6,2081.8,4,4,2,10,Loyal Customers
CUST03686,368,2,629.14,1,1,1,3,Hibernating / Lost
CUST03687,436,8,4908.51,1,4,4,9,At Risk
CUST03688,7,6,2181.15,4,4,2,10,Loyal Customers
CUST03689,2,7,5261.6,4,4,4,12,Champions
CUST03690,264,8,3586.4799999999996,2,4,4,10,Needs Attention
CUST03691,312,5,3402.41,1,3,3,7,At Risk
CUST03692,116,5,1910.24,3,3,2,8,Loyal Customers
CUST03693,223,4,1723.8400000000001,2,3,2,7,Needs Attention
CUST03694,66,7,4394.91,3,4,4,11,Champions
CUST03695,229,7,2427.92,2,4,3,9,Needs Attention
CUST03696,124,3,3406.03,3,2,3,8,Loyal Customers
CUST03697,340,3,2166.56,1,2,2,5,Hibernating / Lost
CUST03698,263,10,6102.4,2,4,4,10,Needs Attention
CUST03699,263,5,3380.46,2,3,3,8,Needs Attention
CUST03700,87,7,6473.150000000001,3,4,4,11,Champions
CUST03701,258,4,2975.48,2,3,3,8,Needs Attention
CUST03702,197,3,1937.1,2,2,2,6,Needs Attention
CUST03703,158,4,2531.32,3,3,3,9,Champions
CUST03704,7,3,965.02,4,2,1,7,Loyal Customers
CUST03705,6,6,2505.6400000000003,4,4,3,11,Champions
CUST03706,225,6,1922.4300000000003,2,4,2,8,Needs Attention
CUST03707,393,2,958.79,1,1,1,3,Hibernating / Lost
CUST03708,109,1,449.46,3,1,1,5,Promising / New
CUST03709,245,6,2917.86,2,4,3,9,Needs Attention
CUST03710,68,2,1379.81,3,1,2,6,Promising / New
CUST03711,296,6,1651.02,1,4,2,7,At Risk
CUST03712,1,2,427.65999999999997,4,1,1,6,Promising / New
CUST03713,32,3,1872.33,4,2,2,8,Loyal Customers
CUST03714,387,2,900.02,1,1,1,3,Hibernating / Lost
CUST03715,74,6,3940.17,3,4,4,11,Champions
CUST03716,360,8,6168.96,1,4,4,9,At Risk
CUST03717,256,11,4829.46,2,4,4,10,Needs Attention
CUST03718,250,3,1634.13,2,2,2,6,Needs Attention
CUST03719,87,7,2062.2,3,4,2,9,Loyal Customers
CUST03720,257,3,1747.92,2,2,2,6,Needs Attention
CUST03721,107,9,4886.55,3,4,4,11,Champions
CUST03722,156,4,1937.21,3,3,2,8,Loyal Customers
CUST03723,104,5,1282.05,3,3,1,7,Loyal Customers
CUST03724,2,4,2971.02,4,3,3,10,Champions
CUST03725,423,2,2124.2,1,1,2,4,Hibernating / Lost
CUST03726,1,6,1830.65,4,4,2,10,Loyal Customers
CUST03727,261,4,2726.01,2,3,3,8,Needs Attention
CUST03728,180,5,2907.9400000000005,2,3,3,8,Needs Attention
CUST03729,305,3,1775.4999999999998,1,2,2,5,Hibernating / Lost
CUST03730,13,10,5824.12,4,4,4,12,Champions
CUST03731,79,9,3184.34,3,4,3,10,Champions
CUST03732,17,4,3318.52,4,3,3,10,Champions
CUST03733,198,4,1657.3799999999999,2,3,2,7,Needs Attention
CUST03734,7,7,3691.19,4,4,4,12,Champions
CUST03735,90,5,4703.9400000000005,3,3,4,10,Champions
CUST03736,389,5,2314.29,1,3,2,6,At Risk
CUST03737,193,6,4622.36,2,4,4,10,Needs Attention
CUST03738,142,2,341.94,3,1,1,5,Promising / New
CUST03739,118,2,720.72,3,1,1,5,Promising / New
CUST03740,8,3,3030.6,4,2,3,9,Loyal Customers
CUST03741,361,9,4655.58,1,4,4,9,At Risk
CUST03742,193,4,1427.25,2,3,2,7,Needs Attention
CUST03743,11,2,958.5799999999999,4,1,1,6,Promising / New
CUST03744,186,3,1334.24,2,2,2,6,Needs Attention
CUST03745,345,3,1567.32,1,2,2,5,Hibernating / Lost
CUST03746,2,2,293.86,4,1,1,6,Promising / New
CUST03747,187,1,121.68,2,1,1,4,Other
CUST03748,1,6,4504.34,4,4,4,12,Champions
CUST03749,16,2,601.53,4,1,1,6,Promising / New
CUST03750,23,5,2117.31,4,3,2,9,Loyal Customers
CUST03751,121,5,1308.33,3,3,1,7,Loyal Customers
CUST03752,34,5,2005.8300000000002,4,3,2,9,Loyal Customers
CUST03753,5,7,2752.9300000000003,4,4,3,11,Champions
CUST03754,192,3,1522.44,2,2,2,6,Needs Attention
CUST03755,398,7,4731.23,1,4,4,9,At Risk
CUST03756,124,3,174.28,3,2,1,6,Loyal Customers
CUST03757,60,1,244.9,3,1,1,5,Promising / New
CUST03758,166,4,1082.44,2,3,1,6,Needs Attention
CUST03759,405,5,3011.84,1,3,3,7,At Risk
CUST03760,175,7,3694.1899999999996,2,4,4,10,Needs Attention
CUST03761,378,5,2221.99,1,3,2,6,At Risk
CUST03762,220,4,1808.89,2,3,2,7,Needs Attention
CUST03763,179,9,3236.72,2,4,3,9,Needs Attention
CUST03764,148,5,3708.08,3,3,4,10,Champions
CUST03765,183,6,2847.96,2,4,3,9,Needs Attention
CUST03766,144,3,935.3899999999999,3,2,1,6,Loyal Customers
CUST03767,128,2,1806.92,3,1,2,6,Promising / New
CUST03768,37,6,4591.41,4,4,4,12,Champions
CUST03769,48,10,5336.06,4,4,4,12,Champions
CUST03770,248,2,1433.65,2,1,2,5,Other
CUST03771,150,5,3924.84,3,3,4,10,Champions
CUST03772,196,7,4693.49,2,4,4,10,Needs Attention
CUST03773,190,4,3061.91,2,3,3,8,Needs Attention
CUST03774,341,3,1025.8799999999999,1,2,1,4,Hibernating / Lost
CUST03775,271,10,5174.74,2,4,4,10,Needs Attention
CUST03776,375,4,611.88,1,3,1,5,At Risk
CUST03777,190,4,474.47,2,3,1,6,Needs Attention
CUST03778,14,6,1845.62,4,4,2,10,Loyal Customers
CUST03779,4,3,2673.8799999999997,4,2,3,9,Loyal Customers
CUST03780,287,4,950.89,1,3,1,5,At Risk
CUST03781,96,13,6303.12,3,4,4,11,Champions
CUST03782,417,1,32.84,1,1,1,3,Hibernating / Lost
CUST03783,220,12,3813.03,2,4,4,10,Needs Attention
CUST03784,76,4,1246.01,3,3,1,7,Loyal Customers
CUST03785,7,1,1117.17,4,1,1,6,Promising / New
CUST03786,151,5,2723.79,3,3,3,9,Champions
CUST03787,420,1,660.44,1,1,1,3,Hibernating / Lost
CUST03788,309,3,820.33,1,2,1,4,Hibernating / Lost
CUST03789,2,5,4956.23,4,3,4,11,Champions
CUST03790,325,3,3119.9900000000002,1,2,3,6,Hibernating / Lost
CUST03791,382,3,750.23,1,2,1,4,Hibernating / Lost
CUST03792,141,4,1699.4300000000003,3,3,2,8,Loyal Customers
CUST03793,384,2,291.31,1,1,1,3,Hibernating / Lost
CUST03794,178,2,512.29,2,1,1,4,Other
CUST03795,16,5,2450.41,4,3,3,10,Champions
CUST03796,157,6,4755.150000000001,3,4,4,11,Champions
CUST03797,128,6,3464.18,3,4,3,10,Champions
CUST03798,434,6,1821.45,1,4,2,7,At Risk
CUST03800,361,5,1619.23,1,3,2,6,At Risk
CUST03801,5,9,4243.66,4,4,4,12,Champions
CUST03802,163,5,2449.66,2,3,3,8,Needs Attention
CUST03803,31,7,2564.59,4,4,3,11,Champions
CUST03804,208,2,1537.42,2,1,2,5,Other
CUST03805,375,1,83.33000000000001,1,1,1,3,Hibernating / Lost
CUST03806,28,5,2141.4500000000003,4,3,2,9,Loyal Customers
CUST03807,423,7,4151.43,1,4,4,9,At Risk
CUST03808,231,3,531.52,2,2,1,5,Needs Attention
CUST03809,90,7,4998.12,3,4,4,11,Champions
CUST03810,40,6,3936.8,4,4,4,12,Champions
CUST03811,273,1,250.38,1,1,1,3,Hibernating / Lost
CUST03812,273,7,3474.1800000000003,1,4,3,8,At Risk
CUST03813,110,5,2322.25,3,3,3,9,Champions
CUST03814,168,5,3568.6600000000003,2,3,4,9,Needs Attention
CUST03815,132,5,1798.21,3,3,2,8,Loyal Customers
CUST03816,458,2,652.65,1,1,1,3,Hibernating / Lost
CUST03817,187,3,1550.91,2,2,2,6,Needs Attention
CUST03818,52,7,5474.14,4,4,4,12,Champions
CUST03819,142,5,3359.0499999999997,3,3,3,9,Champions
CUST03820,35,1,52.54,4,1,1,6,Promising / New
CUST03821,73,1,633.09,3,1,1,5,Promising / New
CUST03822,274,3,1059.93,1,2,1,4,Hibernating / Lost
CUST03823,143,3,928.9300000000001,3,2,1,6,Loyal Customers
CUST03824,312,2,2260.78,1,1,2,4,Hibernating / Lost
CUST03825,195,3,925.3699999999999,2,2,1,5,Needs Attention
CUST03826,14,2,357.73,4,1,1,6,Promising / New
CUST03827,187,6,2850.09,2,4,3,9,Needs Attention
CUST03828,150,4,1891.96,3,3,2,8,Loyal Customers
CUST03829,144,2,1916.48,3,1,2,6,Promising / New
CUST03830,408,15,9481.92,1,4,4,9,At Risk
CUST03831,30,5,2627.75,4,3,3,10,Champions
CUST03832,296,3,1940.25,1,2,2,5,Hibernating / Lost
CUST03833,34,5,4051.06,4,3,4,11,Champions
CUST03834,73,5,3084.4300000000003,3,3,3,9,Champions
CUST03835,301,6,2341.37,1,4,3,8,At Risk
CUST03836,102,4,1876.75,3,3,2,8,Loyal Customers
CUST03837,374,2,1879.8799999999999,1,1,2,4,Hibernating / Lost
CUST03838,178,4,1409.5700000000002,2,3,2,7,Needs Attention
CUST03839,6,7,1982.6100000000001,4,4,2,10,Loyal Customers
CUST03840,1,7,4362.17,4,4,4,12,Champions
CUST03841,3,5,2887.5299999999997,4,3,3,10,Champions
CUST03842,221,4,1639.01,2,3,2,7,Needs Attention
CUST03844,355,1,34.12,1,1,1,3,Hibernating / Lost
CUST03845,16,6,3406.23,4,4,3,11,Champions
CUST03846,184,2,1665.4699999999998,2,1,2,5,Other
CUST03847,45,7,5124.92,4,4,4,12,Champions
CUST03848,277,3,272.94,1,2,1,4,Hibernating / Lost
CUST03849,65,2,1121.2,3,1,1,5,Promising / New
CUST03850,317,2,1353.1599999999999,1,1,2,4,Hibernating / Lost
CUST03851,97,12,3937.9,3,4,4,11,Champions
CUST03852,495,2,1082.25,1,1,1,3,Hibernating / Lost
CUST03853,120,4,3241.2400000000002,3,3,3,9,Champions
CUST03854,269,2,2175.98,2,1,2,5,Other
CUST03855,196,6,4390.12,2,4,4,10,Needs Attention
CUST03856,32,5,5740.83,4,3,4,11,Champions
CUST03857,295,4,2158.04,1,3,2,6,At Risk
CUST03858,350,1,1168.62,1,1,1,3,Hibernating / Lost
CUST03859,261,2,1217.3,2,1,1,4,Other
CUST03860,218,7,3870.79,2,4,4,10,Needs Attention
CUST03861,131,5,3226.7200000000003,3,3,3,9,Champions
CUST03862,79,7,3220.87,3,4,3,10,Champions
CUST03863,292,3,1224.1100000000001,1,2,1,4,Hibernating / Lost
CUST03864,166,7,2884.48,2,4,3,9,Needs Attention
CUST03865,93,3,1712.46,3,2,2,7,Loyal Customers
CUST03866,37,5,2747.72,4,3,3,10,Champions
CUST03867,119,5,1671.0400000000002,3,3,2,8,Loyal Customers
CUST03868,48,8,2365.81,4,4,3,11,Champions
CUST03869,312,8,3707.75,1,4,4,9,At Risk
CUST03870,102,3,783.0500000000001,3,2,1,6,Loyal Customers
CUST03871,424,3,1232.88,1,2,1,4,Hibernating / Lost
CUST03872,378,2,1561.1200000000003,1,1,2,4,Hibernating / Lost
CUST03873,48,6,4014.71,4,4,4,12,Champions
CUST03874,192,4,2926.23,2,3,3,8,Needs Attention
CUST03875,157,3,1473.79,3,2,2,7,Loyal Customers
CUST03876,124,3,1585.1399999999999,3,2,2,7,Loyal Customers
CUST03877,94,2,1234.23,3,1,1,5,Promising / New
CUST03878,352,4,1529.04,1,3,2,6,At Risk
CUST03879,287,5,2687.65,1,3,3,7,At Risk
CUST03880,172,2,2168.34,2,1,2,5,Other
CUST03881,11,5,2235.39,4,3,2,9,Loyal Customers
CUST03882,237,5,3076.8,2,3,3,8,Needs Attention
CUST03883,113,4,2412.5800000000004,3,3,3,9,Champions
CUST03884,161,3,2063.77,2,2,2,6,Needs Attention
CUST03885,220,5,3825.94,2,3,4,9,Needs Attention
CUST03886,288,2,1391.98,1,1,2,4,Hibernating / Lost
CUST03887,432,1,1091.22,1,1,1,3,Hibernating / Lost
CUST03888,243,3,2091.06,2,2,2,6,Needs Attention
CUST03890,57,5,2714.28,4,3,3,10,Champions
CUST03891,108,3,1586.74,3,2,2,7,Loyal Customers
CUST03892,8,5,4968.26,4,3,4,11,Champions
CUST03893,227,6,3393.8799999999997,2,4,3,9,Needs Attention
CUST03894,380,2,1106.18,1,1,1,3,Hibernating / Lost
CUST03895,130,2,1081.24,3,1,1,5,Promising / New
CUST03896,15,7,4953.3,4,4,4,12,Champions
CUST03897,146,7,3340.2299999999996,3,4,3,10,Champions
CUST03898,23,3,2321.47,4,2,3,9,Loyal Customers
CUST03899,251,1,1006.61,2,1,1,4,Other
CUST03900,17,8,3815.7000000000003,4,4,4,12,Champions
CUST03901,243,3,858.22,2,2,1,5,Needs Attention
CUST03902,2,7,2926.54,4,4,3,11,Champions
CUST03903,235,3,1558.6200000000001,2,2,2,6,Needs Attention
CUST03904,354,3,2300.9,1,2,2,5,Hibernating / Lost
CUST03905,17,8,4342.07,4,4,4,12,Champions
CUST03906,92,8,3116.11,3,4,3,10,Champions
CUST03907,80,3,1541.17,3,2,2,7,Loyal Customers
CUST03908,3,5,1858.2,4,3,2,9,Loyal Customers
CUST03909,368,3,1984.38,1,2,2,5,Hibernating / Lost
CUST03910,11,5,3959.1899999999996,4,3,4,11,Champions
CUST03911,258,1,222.4,2,1,1,4,Other
CUST03912,4,3,748.65,4,2,1,7,Loyal Customers
CUST03913,264,7,3174.0,2,4,3,9,Needs Attention
CUST03914,222,1,422.34,2,1,1,4,Other
CUST03915,86,5,1032.83,3,3,1,7,Loyal Customers
CUST03916,496,1,1713.3000000000002,1,1,2,4,Hibernating / Lost
CUST03917,348,2,338.92,1,1,1,3,Hibernating / Lost
CUST03918,43,8,5070.37,4,4,4,12,Champions
CUST03919,451,4,2810.56,1,3,3,7,At Risk
CUST03920,55,6,1403.19,4,4,2,10,Loyal Customers
CUST03921,1,2,142.43,4,1,1,6,Promising / New
CUST03922,128,5,2635.7,3,3,3,9,Champions
CUST03923,154,6,2097.25,3,4,2,9,Loyal Customers
CUST03924,290,2,665.84,1,1,1,3,Hibernating / Lost
CUST03925,76,1,73.93,3,1,1,5,Promising / New
CUST03926,117,3,3241.2799999999997,3,2,3,8,Loyal Customers
CUST03927,192,2,695.01,2,1,1,4,Other
CUST03928,11,9,4058.64,4,4,4,12,Champions
CUST03929,156,3,1226.56,3,2,1,6,Loyal Customers
CUST03930,59,5,1073.81,3,3,1,7,Loyal Customers
CUST03931,14,3,1588.63,4,2,2,8,Loyal Customers
CUST03932,366,9,4142.28,1,4,4,9,At Risk
CUST03933,97,2,967.0500000000001,3,1,1,5,Promising / New
CUST03934,86,9,5546.21,3,4,4,11,Champions
CUST03935,234,5,2684.02,2,3,3,8,Needs Attention
CUST03936,45,8,4571.110000000001,4,4,4,12,Champions
CUST03937,201,5,2257.32,2,3,2,7,Needs Attention
CUST03938,250,4,1534.3500000000001,2,3,2,7,Needs Attention
CUST03939,99,4,1046.47,3,3,1,7,Loyal Customers
CUST03940,171,5,2779.6,2,3,3,8,Needs Attention
CUST03941,201,3,1542.62,2,2,2,6,Needs Attention
CUST03942,299,3,1634.13,1,2,2,5,Hibernating / Lost
CUST03943,2,2,336.87,4,1,1,6,Promising / New
CUST03944,1,8,3011.76,4,4,3,11,Champions
CUST03945,272,5,5455.64,2,3,4,9,Needs Attention
CUST03946,136,1,460.17,3,1,1,5,Promising / New
CUST03947,380,4,2585.88,1,3,3,7,At Risk
CUST03948,309,5,1490.3000000000002,1,3,2,6,At Risk
CUST03949,1,9,4146.22,4,4,4,12,Champions
CUST03950,285,2,1503.1,1,1,2,4,Hibernating / Lost
CUST03951,262,3,1592.8600000000001,2,2,2,6,Needs Attention
CUST03952,401,3,3070.19,1,2,3,6,Hibernating / Lost
CUST03953,122,6,4922.71,3,4,4,11,Champions
CUST03954,220,10,3658.79,2,4,4,10,Needs Attention
CUST03955,75,3,1512.8100000000002,3,2,2,7,Loyal Customers
CUST03956,2,6,2370.76,4,4,3,11,Champions
CUST03957,209,3,2188.19,2,2,2,6,Needs Attention
CUST03958,103,4,2273.22,3,3,2,8,Loyal Customers
CUST03959,384,7,6869.7300000000005,1,4,4,9,At Risk
CUST03960,285,3,1610.0700000000002,1,2,2,5,Hibernating / Lost
CUST03961,6,3,2175.8900000000003,4,2,2,8,Loyal Customers
CUST03962,33,6,1131.23,4,4,1,9,Loyal Customers
CUST03964,319,1,505.3,1,1,1,3,Hibernating / Lost
CUST03965,342,7,3001.4700000000003,1,4,3,8,At Risk
CUST03966,76,2,777.24,3,1,1,5,Promising / New
CUST03967,4,5,3731.63,4,3,4,11,Champions
CUST03968,36,5,5647.02,4,3,4,11,Champions
CUST03969,195,2,833.5799999999999,2,1,1,4,Other
CUST03970,147,4,1418.93,3,3,2,8,Loyal Customers
CUST03971,232,4,1533.2499999999998,2,3,2,7,Needs Attention
CUST03972,18,3,4185.12,4,2,4,10,Loyal Customers
CUST03973,425,11,3942.68,1,4,4,9,At Risk
CUST03974,290,6,3720.7799999999997,1,4,4,9,At Risk
CUST03975,161,6,3818.9300000000003,2,4,4,10,Needs Attention
CUST03976,128,6,1903.91,3,4,2,9,Loyal Customers
CUST03977,150,3,2028.61,3,2,2,7,Loyal Customers
CUST03978,3,8,2640.2999999999997,4,4,3,11,Champions
CUST03979,200,3,936.12,2,2,1,5,Needs Attention
CUST03980,173,6,4012.79,2,4,4,10,Needs Attention
CUST03981,63,7,4680.51,3,4,4,11,Champions
CUST03982,428,8,2781.34,1,4,3,8,At Risk
CUST03983,128,6,4540.53,3,4,4,11,Champions
CUST03984,129,7,3046.55,3,4,3,10,Champions
CUST03985,41,7,3275.8700000000003,4,4,3,11,Champions
CUST03986,175,6,4728.09,2,4,4,10,Needs Attention
CUST03987,55,1,12.34,4,1,1,6,Promising / New
CUST03988,439,4,3544.5400000000004,1,3,3,7,At Risk
CUST03989,209,5,2807.0099999999998,2,3,3,8,Needs Attention
CUST03990,199,8,7873.24,2,4,4,10,Needs Attention
CUST03991,95,9,6009.15,3,4,4,11,Champions
CUST03992,40,7,5755.5,4,4,4,12,Champions
CUST03993,337,9,4965.06,1,4,4,9,At Risk
CUST03994,296,4,2788.6499999999996,1,3,3,7,At Risk
CUST03995,191,14,8107.77,2,4,4,10,Needs Attention
CUST03996,318,6,1970.59,1,4,2,7,At Risk
CUST03997,482,11,6120.3,1,4,4,9,At Risk
CUST03998,64,1,563.51,3,1,1,5,Promising / New
CUST03999,62,4,1245.98,3,3,1,7,Loyal Customers
CUST04000,189,5,2958.1499999999996,2,3,3,8,Needs Attention
